[
    {
        "Context": "Pasal 78 mengatur bahwa undang-undang ini mulai berlaku pada tanggal diundangkan, dan agar setiap orang mengetahuinya, memerintahkan pengundangan undang-undang ini dengan penempatannya dalam Lembaran Negara Republik Indonesia.",
        "Question": "Apa isi Pasal 78?",
        "Answer": "Pasal 78 mengatur bahwa undang-undang ini mulai berlaku pada tanggal diundangkan, dan untuk memastikan setiap orang mengetahuinya, perintah pengundangan dilakukan dengan penempatannya dalam Lembaran Negara Republik Indonesia."
    },
    {
        "Context": "Pasal 78 mengatur bahwa undang-undang ini mulai berlaku pada tanggal diundangkan, dan agar setiap orang mengetahuinya, memerintahkan pengundangan undang-undang ini dengan penempatannya dalam Lembaran Negara Republik Indonesia.",
        "Question": "Apa yang dimaksud dengan 'undang-undang ini mulai berlaku pada tanggal diundangkan' dalam Pasal 78?",
        "Answer": "\u2018Undang-undang ini mulai berlaku pada tanggal diundangkan\u2019 dalam Pasal 78 berarti undang-undang ini baru efektif dan berlaku setelah diumumkan secara resmi dalam Lembaran Negara Republik Indonesia."
    },
    {
        "Context": "Pasal 78 mengatur bahwa undang-undang ini mulai berlaku pada tanggal diundangkan, dan agar setiap orang mengetahuinya, memerintahkan pengundangan undang-undang ini dengan penempatannya dalam Lembaran Negara Republik Indonesia.",
        "Question": "Kapan undang-undang ini mulai berlaku?",
        "Answer": "Undang-undang ini mulai berlaku pada saat diundangkan, yang artinya setelah diumumkan dalam Lembaran Negara Republik Indonesia, undang-undang ini sudah resmi berlaku."
    },
    {
        "Context": "Pasal 78 mengatur bahwa undang-undang ini mulai berlaku pada tanggal diundangkan, dan agar setiap orang mengetahuinya, memerintahkan pengundangan undang-undang ini dengan penempatannya dalam Lembaran Negara Republik Indonesia.",
        "Question": "Apa yang dimaksud dengan 'diundangkan' dalam Pasal 78?",
        "Answer": "\u2018Diundangkan\u2019 dalam Pasal 78 berarti bahwa undang-undang tersebut akan diumumkan secara resmi melalui publikasi di Lembaran Negara Republik Indonesia agar dapat diketahui oleh masyarakat luas."
    },
    {
        "Context": "Pasal 78 mengatur bahwa undang-undang ini mulai berlaku pada tanggal diundangkan, dan agar setiap orang mengetahuinya, memerintahkan pengundangan undang-undang ini dengan penempatannya dalam Lembaran Negara Republik Indonesia.",
        "Question": "Apa akibatnya jika undang-undang ini tidak segera diundangkan?",
        "Answer": "Jika undang-undang ini tidak segera diundangkan, maka undang-undang tersebut belum dapat diberlakukan atau diterapkan, dan tidak dapat digunakan dalam sistem hukum."
    },
    {
        "Context": "Pasal 78 mengatur bahwa undang-undang ini mulai berlaku pada tanggal diundangkan, dan agar setiap orang mengetahuinya, memerintahkan pengundangan undang-undang ini dengan penempatannya dalam Lembaran Negara Republik Indonesia.",
        "Question": "Apakah Pasal 78 mengatur tentang ketentuan waktu pemberlakuan undang-undang?",
        "Answer": "Pasal 78 mengatur tentang pemberlakuan undang-undang yang efektif setelah diundangkan, yang memungkinkan masyarakat mengetahui dan mengikuti ketentuan dalam undang-undang tersebut."
    },
    {
        "Context": "Pasal 78 mengatur bahwa undang-undang ini mulai berlaku pada tanggal diundangkan, dan agar setiap orang mengetahuinya, memerintahkan pengundangan undang-undang ini dengan penempatannya dalam Lembaran Negara Republik Indonesia.",
        "Question": "Apakah ada ketentuan terkait transisi dalam Pasal 78?",
        "Answer": "Pasal 78 tidak secara eksplisit mengatur ketentuan transisi, tetapi mengatur kapan undang-undang tersebut akan mulai berlaku, yaitu setelah diundangkan."
    },
    {
        "Context": "Pasal 78 mengatur bahwa undang-undang ini mulai berlaku pada tanggal diundangkan, dan agar setiap orang mengetahuinya, memerintahkan pengundangan undang-undang ini dengan penempatannya dalam Lembaran Negara Republik Indonesia.",
        "Question": "Bagaimana pengaruh Pasal 78 terhadap peraturan sebelumnya?",
        "Answer": "Pasal 78 memastikan bahwa undang-undang ini mulai berlaku hanya setelah diundangkan dalam Lembaran Negara, yang memastikan keberlakuan yang jelas dan sah."
    },
    {
        "Context": "Pasal 78 mengatur bahwa undang-undang ini mulai berlaku pada tanggal diundangkan, dan agar setiap orang mengetahuinya, memerintahkan pengundangan undang-undang ini dengan penempatannya dalam Lembaran Negara Republik Indonesia.",
        "Question": "Apa yang terjadi setelah undang-undang ini diundangkan menurut Pasal 78?",
        "Answer": "Setelah undang-undang ini diundangkan, maka undang-undang ini dapat diterapkan dan berlaku untuk semua pihak yang terkait dengan ketentuannya."
    },
    {
        "Context": "Pasal 78 mengatur bahwa undang-undang ini mulai berlaku pada tanggal diundangkan, dan agar setiap orang mengetahuinya, memerintahkan pengundangan undang-undang ini dengan penempatannya dalam Lembaran Negara Republik Indonesia.",
        "Question": "Apakah Pasal 78 hanya berlaku pada saat undang-undang diundangkan?",
        "Answer": "Pasal 78 berlaku pada saat undang-undang ini diundangkan, yang menjadi titik awal pemberlakuannya, memastikan keberlakuan yang sah secara hukum."
    },
    {
        "Context": "Pasal 78 mengatur bahwa undang-undang ini mulai berlaku pada tanggal diundangkan, dan agar setiap orang mengetahuinya, memerintahkan pengundangan undang-undang ini dengan penempatannya dalam Lembaran Negara Republik Indonesia.",
        "Question": "Apakah Pasal 78 mengatur penerapan undang-undang setelah diundangkan?",
        "Answer": "Pasal 78 mengatur bahwa undang-undang ini akan diterapkan dan diberlakukan secara resmi setelah pengundangan dalam Lembaran Negara Republik Indonesia."
    },
    {
        "Context": "Pasal 78 mengatur bahwa undang-undang ini mulai berlaku pada tanggal diundangkan, dan agar setiap orang mengetahuinya, memerintahkan pengundangan undang-undang ini dengan penempatannya dalam Lembaran Negara Republik Indonesia.",
        "Question": "Apa yang dimaksud dengan 'tanggal diundangkan' dalam Pasal 78?",
        "Answer": "\u2018Tanggal diundangkan\u2019 dalam Pasal 78 merujuk pada tanggal ketika undang-undang ini pertama kali diumumkan secara resmi di Lembaran Negara Republik Indonesia dan berlaku mulai saat itu."
    },
    {
        "Context": "Pasal 78 mengatur bahwa undang-undang ini mulai berlaku pada tanggal diundangkan, dan agar setiap orang mengetahuinya, memerintahkan pengundangan undang-undang ini dengan penempatannya dalam Lembaran Negara Republik Indonesia.",
        "Question": "Apakah Pasal 78 memberikan batas waktu tertentu setelah undang-undang ini berlaku?",
        "Answer": "Pasal 78 tidak memberikan batas waktu tertentu setelah undang-undang ini berlaku, tetapi langsung berlaku setelah pengundangan, sesuai dengan ketentuan yang ditetapkan."
    },
    {
        "Context": "Pasal 78 mengatur bahwa undang-undang ini mulai berlaku pada tanggal diundangkan, dan agar setiap orang mengetahuinya, memerintahkan pengundangan undang-undang ini dengan penempatannya dalam Lembaran Negara Republik Indonesia.",
        "Question": "Apa arti dari 'agar setiap orang mengetahuinya' dalam Pasal 78?",
        "Answer": "\u2018Agar setiap orang mengetahuinya\u2019 dalam Pasal 78 berarti bahwa undang-undang ini harus diumumkan secara terbuka kepada publik agar semua pihak mengetahui dan memahami isinya."
    },
    {
        "Context": "Pasal 78 mengatur bahwa undang-undang ini mulai berlaku pada tanggal diundangkan, dan agar setiap orang mengetahuinya, memerintahkan pengundangan undang-undang ini dengan penempatannya dalam Lembaran Negara Republik Indonesia.",
        "Question": "Apa yang dimaksud dengan 'penempatannya dalam Lembaran Negara Republik Indonesia' dalam Pasal 78?",
        "Answer": "\u2018Penempatannya dalam Lembaran Negara Republik Indonesia\u2019 dalam Pasal 78 berarti undang-undang ini harus dipublikasikan melalui Lembaran Negara agar sah secara hukum dan diketahui oleh masyarakat."
    },
    {
        "Context": "Pasal 78 mengatur bahwa undang-undang ini mulai berlaku pada tanggal diundangkan, dan agar setiap orang mengetahuinya, memerintahkan pengundangan undang-undang ini dengan penempatannya dalam Lembaran Negara Republik Indonesia.",
        "Question": "Apa akibatnya jika pengundangan undang-undang ini tidak dilakukan?",
        "Answer": "Jika pengundangan undang-undang ini tidak dilakukan, maka undang-undang ini tidak dapat diterapkan dan tidak memiliki kekuatan hukum di mata publik."
    },
    {
        "Context": "Pasal 78 mengatur bahwa undang-undang ini mulai berlaku pada tanggal diundangkan, dan agar setiap orang mengetahuinya, memerintahkan pengundangan undang-undang ini dengan penempatannya dalam Lembaran Negara Republik Indonesia.",
        "Question": "Bagaimana proses pengundangan undang-undang ini dilakukan?",
        "Answer": "Proses pengundangan undang-undang ini dilakukan dengan menempatkan undang-undang tersebut dalam Lembaran Negara Republik Indonesia sebagai pengumuman resmi kepada publik."
    },
    {
        "Context": "Pasal 78 mengatur bahwa undang-undang ini mulai berlaku pada tanggal diundangkan, dan agar setiap orang mengetahuinya, memerintahkan pengundangan undang-undang ini dengan penempatannya dalam Lembaran Negara Republik Indonesia.",
        "Question": "Apakah Pasal 78 mengatur pengumuman kepada publik tentang keberlakuan undang-undang?",
        "Answer": "Pasal 78 mengatur tentang pengumuman resmi undang-undang kepada masyarakat melalui Lembaran Negara Republik Indonesia, yang memberi tahu setiap orang bahwa undang-undang ini berlaku."
    },
    {
        "Context": "Pasal 78 mengatur bahwa undang-undang ini mulai berlaku pada tanggal diundangkan, dan agar setiap orang mengetahuinya, memerintahkan pengundangan undang-undang ini dengan penempatannya dalam Lembaran Negara Republik Indonesia.",
        "Question": "Apa hubungan Pasal 78 dengan penerapan undang-undang dalam masyarakat?",
        "Answer": "Pasal 78 memastikan bahwa undang-undang ini dapat diterapkan dalam masyarakat dengan cara memberitahukan masyarakat melalui pengundangan yang sah di Lembaran Negara Republik Indonesia."
    },
    {
        "Context": "Pasal 78 mengatur bahwa undang-undang ini mulai berlaku pada tanggal diundangkan, dan agar setiap orang mengetahuinya, memerintahkan pengundangan undang-undang ini dengan penempatannya dalam Lembaran Negara Republik Indonesia.",
        "Question": "Apa yang harus dilakukan agar undang-undang ini dapat diketahui oleh setiap orang?",
        "Answer": "Untuk memastikan undang-undang ini diketahui oleh setiap orang, undang-undang ini harus diundangkan dan disebarkan melalui Lembaran Negara Republik Indonesia sebagai bentuk transparansi publik."
    },
    {
        "Context": "Pasal 78 mengatur bahwa undang-undang ini mulai berlaku pada tanggal diundangkan, dan agar setiap orang mengetahuinya, memerintahkan pengundangan undang-undang ini dengan penempatannya dalam Lembaran Negara Republik Indonesia.",
        "Question": "Apakah Pasal 78 mengatur tentang waktu pemberlakuan undang-undang secara umum?",
        "Answer": "Pasal 78 mengatur tentang waktu pemberlakuan undang-undang yang jelas, yang hanya berlaku setelah diundangkan, memberikan kejelasan tentang kapan ketentuan undang-undang dapat diterapkan."
    },
    {
        "Context": "Pasal 78 mengatur bahwa undang-undang ini mulai berlaku pada tanggal diundangkan, dan agar setiap orang mengetahuinya, memerintahkan pengundangan undang-undang ini dengan penempatannya dalam Lembaran Negara Republik Indonesia.",
        "Question": "Bagaimana Pasal 78 memastikan keberlakuan undang-undang yang jelas bagi masyarakat?",
        "Answer": "Pasal 78 memastikan keberlakuan undang-undang yang jelas dengan mengatur pengundangan dalam Lembaran Negara Republik Indonesia, yang memberi tahu setiap orang tentang penerapan undang-undang ini."
    }
]