[
    {
        "Context": "Pasal 65 mengatur tentang prajurit siswa yang tunduk pada ketentuan hukum yang berlaku bagi prajurit dan tunduk pada kekuasaan peradilan militer dalam hal pelanggaran hukum pidana militer serta peradilan umum dalam hal pelanggaran hukum pidana umum.",
        "Question": "Apa isi Pasal 65?",
        "Answer": "Pasal 65 mengatur tentang prajurit siswa yang tunduk pada ketentuan hukum yang berlaku bagi prajurit dan tunduk pada kekuasaan peradilan militer dalam hal pelanggaran hukum pidana militer serta peradilan umum dalam hal pelanggaran hukum pidana umum."
    },
    {
        "Context": "Pasal 65 mengatur tentang prajurit siswa yang tunduk pada ketentuan hukum yang berlaku bagi prajurit dan tunduk pada kekuasaan peradilan militer dalam hal pelanggaran hukum pidana militer serta peradilan umum dalam hal pelanggaran hukum pidana umum.",
        "Question": "Apa isi Pasal 65 ayat 1?",
        "Answer": "Prajurit Siswa tunduk pada ketentuan hukum yang berlaku bagi prajurit."
    },
    {
        "Context": "Pasal 65 mengatur tentang prajurit siswa yang tunduk pada ketentuan hukum yang berlaku bagi prajurit dan tunduk pada kekuasaan peradilan militer dalam hal pelanggaran hukum pidana militer serta peradilan umum dalam hal pelanggaran hukum pidana umum.",
        "Question": "Apa isi Pasal 65 ayat 2?",
        "Answer": "Prajurit tunduk kepada kekuasaan peradilan militer dalam hal pelanggaran hukum pidana militer dan tunduk pada kekuasaan peradilan umum dalam hal pelanggaran hukum pidana umum yang diatur dengan undang-undang."
    },
    {
        "Context": "Pasal 65 mengatur tentang prajurit siswa yang tunduk pada ketentuan hukum yang berlaku bagi prajurit dan tunduk pada kekuasaan peradilan militer dalam hal pelanggaran hukum pidana militer serta peradilan umum dalam hal pelanggaran hukum pidana umum.",
        "Question": "Apa isi Pasal 65 ayat 3?",
        "Answer": "Apabila kekuasaan peradilan umum sebagaimana dimaksud pada ayat (2) tidak berfungsi, maka prajurit tunduk di bawah kekuasaan peradilan yang diatur dengan undang-undang."
    },
    {
        "Context": "Pasal 65 mengatur tentang prajurit siswa yang tunduk pada ketentuan hukum yang berlaku bagi prajurit dan tunduk pada kekuasaan peradilan militer dalam hal pelanggaran hukum pidana militer serta peradilan umum dalam hal pelanggaran hukum pidana umum.",
        "Question": "Apa yang dimaksud dengan prajurit siswa dalam Pasal 65?",
        "Answer": "Prajurit siswa dalam Pasal 65 adalah anggota TNI yang sedang menjalani pendidikan militer untuk menjadi prajurit."
    },
    {
        "Context": "Pasal 65 mengatur tentang prajurit siswa yang tunduk pada ketentuan hukum yang berlaku bagi prajurit dan tunduk pada kekuasaan peradilan militer dalam hal pelanggaran hukum pidana militer serta peradilan umum dalam hal pelanggaran hukum pidana umum.",
        "Question": "Apa yang dimaksud dengan peraturan yang berlaku bagi prajurit dalam Pasal 65?",
        "Answer": "Peraturan yang berlaku bagi prajurit dalam Pasal 65 adalah peraturan perundang-undangan yang mengatur tentang hukum militer serta pelaksanaan tugas TNI."
    },
    {
        "Context": "Pasal 65 mengatur tentang prajurit siswa yang tunduk pada ketentuan hukum yang berlaku bagi prajurit dan tunduk pada kekuasaan peradilan militer dalam hal pelanggaran hukum pidana militer serta peradilan umum dalam hal pelanggaran hukum pidana umum.",
        "Question": "Apa yang diatur dalam Pasal 65 terkait dengan hukum yang berlaku untuk prajurit?",
        "Answer": "Pasal 65 mengatur bahwa prajurit siswa tunduk pada hukum yang berlaku bagi prajurit, yang mencakup hukum militer dan hukum pidana umum sesuai dengan jenis pelanggaran yang dilakukan."
    },
    {
        "Context": "Pasal 65 mengatur tentang prajurit siswa yang tunduk pada ketentuan hukum yang berlaku bagi prajurit dan tunduk pada kekuasaan peradilan militer dalam hal pelanggaran hukum pidana militer serta peradilan umum dalam hal pelanggaran hukum pidana umum.",
        "Question": "Apakah prajurit siswa tunduk pada hukum pidana militer?",
        "Answer": "Ya, prajurit siswa tunduk pada hukum pidana militer jika melakukan pelanggaran yang berkaitan dengan tugas dan kewajiban militer mereka."
    },
    {
        "Context": "Pasal 65 mengatur tentang prajurit siswa yang tunduk pada ketentuan hukum yang berlaku bagi prajurit dan tunduk pada kekuasaan peradilan militer dalam hal pelanggaran hukum pidana militer serta peradilan umum dalam hal pelanggaran hukum pidana umum.",
        "Question": "Apakah prajurit siswa tunduk pada peradilan umum?",
        "Answer": "Ya, prajurit siswa juga tunduk pada peradilan umum jika mereka melakukan pelanggaran yang bersifat hukum pidana umum."
    },
    {
        "Context": "Pasal 65 mengatur tentang prajurit siswa yang tunduk pada ketentuan hukum yang berlaku bagi prajurit dan tunduk pada kekuasaan peradilan militer dalam hal pelanggaran hukum pidana militer serta peradilan umum dalam hal pelanggaran hukum pidana umum.",
        "Question": "Apa peran peradilan militer menurut Pasal 65?",
        "Answer": "Peran peradilan militer dalam Pasal 65 adalah untuk mengadili prajurit siswa yang melakukan pelanggaran terkait dengan tugas keprajuritan dan hukum militer."
    },
    {
        "Context": "Pasal 65 mengatur tentang prajurit siswa yang tunduk pada ketentuan hukum yang berlaku bagi prajurit dan tunduk pada kekuasaan peradilan militer dalam hal pelanggaran hukum pidana militer serta peradilan umum dalam hal pelanggaran hukum pidana umum.",
        "Question": "Bagaimana prajurit siswa dihadapkan pada peradilan militer dalam hal pelanggaran hukum?",
        "Answer": "Prajurit siswa dihadapkan pada peradilan militer jika melakukan pelanggaran hukum pidana militer sesuai dengan ketentuan yang berlaku."
    },
    {
        "Context": "Pasal 65 mengatur tentang prajurit siswa yang tunduk pada ketentuan hukum yang berlaku bagi prajurit dan tunduk pada kekuasaan peradilan militer dalam hal pelanggaran hukum pidana militer serta peradilan umum dalam hal pelanggaran hukum pidana umum.",
        "Question": "Apa yang terjadi jika prajurit siswa melakukan pelanggaran hukum pidana umum?",
        "Answer": "Jika prajurit siswa melakukan pelanggaran hukum pidana umum, mereka akan dihadapkan pada peradilan umum yang mengatur tindak pidana yang dilakukan."
    },
    {
        "Context": "Pasal 65 mengatur tentang prajurit siswa yang tunduk pada ketentuan hukum yang berlaku bagi prajurit dan tunduk pada kekuasaan peradilan militer dalam hal pelanggaran hukum pidana militer serta peradilan umum dalam hal pelanggaran hukum pidana umum.",
        "Question": "Bagaimana Pasal 65 membedakan antara hukum militer dan hukum pidana umum?",
        "Answer": "Pasal 65 berhubungan langsung dengan hukum pidana militer karena mengatur siapa yang tunduk pada peradilan militer dalam hal pelanggaran hukum militer."
    },
    {
        "Context": "Pasal 65 mengatur tentang prajurit siswa yang tunduk pada ketentuan hukum yang berlaku bagi prajurit dan tunduk pada kekuasaan peradilan militer dalam hal pelanggaran hukum pidana militer serta peradilan umum dalam hal pelanggaran hukum pidana umum.",
        "Question": "Apakah prajurit siswa yang melanggar hukum dapat diadili dalam peradilan militer dan umum?",
        "Answer": "Pasal 65 tidak mengatur secara spesifik tentang proses hukum militer yang diterapkan pada prajurit siswa, namun mengarahkan bahwa mereka tunduk pada ketentuan hukum yang berlaku."
    },
    {
        "Context": "Pasal 65 mengatur tentang prajurit siswa yang tunduk pada ketentuan hukum yang berlaku bagi prajurit dan tunduk pada kekuasaan peradilan militer dalam hal pelanggaran hukum pidana militer serta peradilan umum dalam hal pelanggaran hukum pidana umum.",
        "Question": "Apa yang dimaksud dengan tunduk pada peraturan hukum dalam Pasal 65?",
        "Answer": "Ya, prajurit siswa yang melakukan pelanggaran hukum pidana umum akan diadili oleh peradilan umum yang mengatur hukum pidana di luar lingkup militer."
    },
    {
        "Context": "Pasal 65 mengatur tentang prajurit siswa yang tunduk pada ketentuan hukum yang berlaku bagi prajurit dan tunduk pada kekuasaan peradilan militer dalam hal pelanggaran hukum pidana militer serta peradilan umum dalam hal pelanggaran hukum pidana umum.",
        "Question": "Pasal 65 mengatur tentang apa saja dalam hal peradilan hukum?",
        "Answer": "Pasal 65 membedakan antara hukum militer yang berlaku bagi prajurit yang melanggar aturan dalam tugas keprajuritan, dan hukum pidana umum yang berlaku di luar konteks tersebut."
    },
    {
        "Context": "Pasal 65 mengatur tentang prajurit siswa yang tunduk pada ketentuan hukum yang berlaku bagi prajurit dan tunduk pada kekuasaan peradilan militer dalam hal pelanggaran hukum pidana militer serta peradilan umum dalam hal pelanggaran hukum pidana umum.",
        "Question": "Apakah Pasal 65 mengatur ketentuan khusus bagi prajurit siswa dalam hal pelanggaran hukum?",
        "Answer": "Ya, prajurit siswa dapat diadili dalam peradilan militer untuk pelanggaran hukum militer, atau diadili dalam peradilan umum untuk pelanggaran hukum pidana umum."
    },
    {
        "Context": "Pasal 65 mengatur tentang prajurit siswa yang tunduk pada ketentuan hukum yang berlaku bagi prajurit dan tunduk pada kekuasaan peradilan militer dalam hal pelanggaran hukum pidana militer serta peradilan umum dalam hal pelanggaran hukum pidana umum.",
        "Question": "Bagaimana Pasal 65 mengatur pengadilan bagi prajurit yang melakukan pelanggaran?",
        "Answer": "Tunduk pada peraturan hukum dalam Pasal 65 berarti prajurit siswa harus mengikuti seluruh ketentuan hukum yang berlaku, baik hukum militer maupun hukum pidana umum sesuai pelanggaran yang dilakukan."
    },
    {
        "Context": "Pasal 65 mengatur tentang prajurit siswa yang tunduk pada ketentuan hukum yang berlaku bagi prajurit dan tunduk pada kekuasaan peradilan militer dalam hal pelanggaran hukum pidana militer serta peradilan umum dalam hal pelanggaran hukum pidana umum.",
        "Question": "Apakah peradilan umum dapat berfungsi dalam semua kasus pelanggaran hukum pidana umum?",
        "Answer": "Pasal 65 mengatur tentang pelaksanaan hukum bagi prajurit yang melanggar hukum pidana militer dan hukum pidana umum, serta pengadilan terkait yang berlaku."
    },
    {
        "Context": "Pasal 65 mengatur tentang prajurit siswa yang tunduk pada ketentuan hukum yang berlaku bagi prajurit dan tunduk pada kekuasaan peradilan militer dalam hal pelanggaran hukum pidana militer serta peradilan umum dalam hal pelanggaran hukum pidana umum.",
        "Question": "Apa yang terjadi jika peradilan umum tidak berfungsi menurut Pasal 65?",
        "Answer": "Pasal 65 mengatur ketentuan yang sama bagi semua prajurit siswa yang melakukan pelanggaran hukum, baik yang berkaitan dengan hukum militer maupun hukum pidana umum."
    },
    {
        "Context": "Pasal 65 mengatur tentang prajurit siswa yang tunduk pada ketentuan hukum yang berlaku bagi prajurit dan tunduk pada kekuasaan peradilan militer dalam hal pelanggaran hukum pidana militer serta peradilan umum dalam hal pelanggaran hukum pidana umum.",
        "Question": "Bagaimana Pasal 65 mengatur pengadilan ketika peradilan umum tidak berfungsi?",
        "Answer": "Pasal 65 mengatur bagaimana perbedaan pengadilan diterapkan untuk pelanggaran hukum militer dan hukum pidana umum yang dilakukan oleh prajurit siswa."
    },
    {
        "Context": "Pasal 65 mengatur tentang prajurit siswa yang tunduk pada ketentuan hukum yang berlaku bagi prajurit dan tunduk pada kekuasaan peradilan militer dalam hal pelanggaran hukum pidana militer serta peradilan umum dalam hal pelanggaran hukum pidana umum.",
        "Question": "Apakah Pasal 65 berlaku untuk semua prajurit yang terlibat dalam peradilan militer?",
        "Answer": "Apabila peradilan umum tidak berfungsi, Pasal 65 mengatur bahwa prajurit siswa akan tunduk pada peradilan yang diatur dengan undang-undang sesuai dengan ketentuan yang berlaku."
    },
    {
        "Context": "Pasal 65 mengatur tentang prajurit siswa yang tunduk pada ketentuan hukum yang berlaku bagi prajurit dan tunduk pada kekuasaan peradilan militer dalam hal pelanggaran hukum pidana militer serta peradilan umum dalam hal pelanggaran hukum pidana umum.",
        "Question": "Apakah Pasal 65 berlaku untuk prajurit siswa yang melanggar hukum?",
        "Answer": "Pasal 65 mengatur bahwa jika peradilan umum tidak berfungsi, prajurit tetap tunduk pada pengadilan yang sesuai dengan peraturan perundang-undangan yang berlaku."
    }
]