[
    {
        "Context": "Pasal 66 mengatur tentang pembiayaan TNI yang berasal dari anggaran pertahanan negara yang diajukan oleh Departemen Pertahanan.",
        "Question": "Apa isi Pasal 66?",
        "Answer": "Pasal 66 mengatur tentang pembiayaan TNI yang berasal dari anggaran pertahanan negara yang diajukan oleh Departemen Pertahanan."
    },
    {
        "Context": "Pasal 66 mengatur tentang pembiayaan TNI yang berasal dari anggaran pertahanan negara yang diajukan oleh Departemen Pertahanan.",
        "Question": "Apa isi Pasal 66 ayat 1?",
        "Answer": "TNI dibiayai dari anggaran pertahanan negara yang berasal dari Anggaran Pendapatan dan Belanja Negara."
    },
    {
        "Context": "Pasal 66 mengatur tentang pembiayaan TNI yang berasal dari anggaran pertahanan negara yang diajukan oleh Departemen Pertahanan.",
        "Question": "Apa isi Pasal 66 ayat 2?",
        "Answer": "Keperluan anggaran sebagaimana dimaksud pada ayat (1) diajukan oleh Departemen Pertahanan."
    },
    {
        "Context": "Pasal 66 mengatur tentang pembiayaan TNI yang berasal dari anggaran pertahanan negara yang diajukan oleh Departemen Pertahanan.",
        "Question": "Apa yang dimaksud dengan pembiayaan TNI dalam Pasal 66?",
        "Answer": "Pembiayaan TNI dalam Pasal 66 merujuk pada dana yang disediakan untuk kebutuhan operasional dan pengembangan TNI yang bersumber dari anggaran negara."
    },
    {
        "Context": "Pasal 66 mengatur tentang pembiayaan TNI yang berasal dari anggaran pertahanan negara yang diajukan oleh Departemen Pertahanan.",
        "Question": "Apa yang dimaksud dengan anggaran pertahanan negara dalam Pasal 66?",
        "Answer": "Anggaran pertahanan negara dalam Pasal 66 adalah dana yang dialokasikan oleh negara untuk mendukung keperluan pertahanan, yang sebagian besar digunakan untuk pembiayaan TNI."
    },
    {
        "Context": "Pasal 66 mengatur tentang pembiayaan TNI yang berasal dari anggaran pertahanan negara yang diajukan oleh Departemen Pertahanan.",
        "Question": "Siapa yang mengajukan anggaran pertahanan negara dalam Pasal 66?",
        "Answer": "Anggaran pertahanan negara diajukan oleh Departemen Pertahanan sebagai bagian dari proposal yang akan disetujui oleh pemerintah dan DPR."
    },
    {
        "Context": "Pasal 66 mengatur tentang pembiayaan TNI yang berasal dari anggaran pertahanan negara yang diajukan oleh Departemen Pertahanan.",
        "Question": "Apa peran Departemen Pertahanan dalam Pasal 66?",
        "Answer": "Departemen Pertahanan berperan dalam mengajukan anggaran pertahanan negara untuk memastikan pemenuhan kebutuhan operasional TNI."
    },
    {
        "Context": "Pasal 66 mengatur tentang pembiayaan TNI yang berasal dari anggaran pertahanan negara yang diajukan oleh Departemen Pertahanan.",
        "Question": "Bagaimana Pasal 66 mengatur tentang alokasi anggaran untuk TNI?",
        "Answer": "Pasal 66 mengatur bahwa anggaran untuk TNI berasal dari anggaran pertahanan negara yang disetujui dalam Anggaran Pendapatan dan Belanja Negara (APBN)."
    },
    {
        "Context": "Pasal 66 mengatur tentang pembiayaan TNI yang berasal dari anggaran pertahanan negara yang diajukan oleh Departemen Pertahanan.",
        "Question": "Apa yang diatur lebih lanjut terkait pengajuan anggaran di Pasal 66?",
        "Answer": "Pasal 66 mengatur lebih lanjut tentang prosedur pengajuan anggaran yang harus dilakukan oleh Departemen Pertahanan sesuai dengan mekanisme pemerintahan yang berlaku."
    },
    {
        "Context": "Pasal 66 mengatur tentang pembiayaan TNI yang berasal dari anggaran pertahanan negara yang diajukan oleh Departemen Pertahanan.",
        "Question": "Apa tujuan dari pembiayaan TNI yang berasal dari anggaran pertahanan negara?",
        "Answer": "Tujuan dari pembiayaan TNI yang berasal dari anggaran pertahanan negara adalah untuk mendukung pelaksanaan tugas TNI dalam menjaga keamanan dan pertahanan negara."
    },
    {
        "Context": "Pasal 66 mengatur tentang pembiayaan TNI yang berasal dari anggaran pertahanan negara yang diajukan oleh Departemen Pertahanan.",
        "Question": "Apa yang dimaksud dengan pengelolaan anggaran dalam Pasal 66?",
        "Answer": "Pengelolaan anggaran dalam Pasal 66 mengacu pada cara pengalokasian dan penggunaan dana yang sesuai dengan kebutuhan operasional TNI."
    },
    {
        "Context": "Pasal 66 mengatur tentang pembiayaan TNI yang berasal dari anggaran pertahanan negara yang diajukan oleh Departemen Pertahanan.",
        "Question": "Apakah Pasal 66 mengatur alokasi anggaran untuk semua kebutuhan TNI?",
        "Answer": "Ya, Pasal 66 mengatur bahwa anggaran pertahanan negara mencakup seluruh keperluan TNI, mulai dari operasi militer hingga pengembangan dan pemeliharaan alutsista."
    },
    {
        "Context": "Pasal 66 mengatur tentang pembiayaan TNI yang berasal dari anggaran pertahanan negara yang diajukan oleh Departemen Pertahanan.",
        "Question": "Apa yang terjadi jika anggaran pertahanan negara tidak mencukupi kebutuhan TNI?",
        "Answer": "Jika anggaran pertahanan negara tidak mencukupi, Departemen Pertahanan dapat mengajukan anggaran tambahan kepada DPR atau menggunakan anggaran kontijensi."
    },
    {
        "Context": "Pasal 66 mengatur tentang pembiayaan TNI yang berasal dari anggaran pertahanan negara yang diajukan oleh Departemen Pertahanan.",
        "Question": "Bagaimana Pasal 66 berhubungan dengan ketentuan lain yang mengatur anggaran TNI?",
        "Answer": "Pasal 66 berhubungan dengan ketentuan lain yang mengatur anggaran TNI, termasuk pengawasan dan akuntabilitas dalam penggunaan dana pertahanan negara."
    },
    {
        "Context": "Pasal 66 mengatur tentang pembiayaan TNI yang berasal dari anggaran pertahanan negara yang diajukan oleh Departemen Pertahanan.",
        "Question": "Apa pengaruh Pasal 66 terhadap efisiensi pengelolaan anggaran TNI?",
        "Answer": "Pasal 66 berpengaruh pada efisiensi pengelolaan anggaran TNI karena memastikan anggaran yang disalurkan sesuai dengan kebutuhan dan efisiensi penggunaan dana."
    },
    {
        "Context": "Pasal 66 mengatur tentang pembiayaan TNI yang berasal dari anggaran pertahanan negara yang diajukan oleh Departemen Pertahanan.",
        "Question": "Apakah Pasal 66 mengatur tentang transparansi anggaran pertahanan negara?",
        "Answer": "Ya, Pasal 66 mengatur tentang transparansi pengelolaan anggaran yang harus dilakukan oleh Departemen Pertahanan dalam penggunaan dana pertahanan negara."
    },
    {
        "Context": "Pasal 66 mengatur tentang pembiayaan TNI yang berasal dari anggaran pertahanan negara yang diajukan oleh Departemen Pertahanan.",
        "Question": "Bagaimana peran pemerintah dalam pengelolaan anggaran pertahanan menurut Pasal 66?",
        "Answer": "Pemerintah berperan dalam pengelolaan anggaran pertahanan negara dengan mengalokasikan dana melalui APBN yang kemudian diajukan oleh Departemen Pertahanan."
    },
    {
        "Context": "Pasal 66 mengatur tentang pembiayaan TNI yang berasal dari anggaran pertahanan negara yang diajukan oleh Departemen Pertahanan.",
        "Question": "Apa yang terjadi jika Departemen Pertahanan tidak mengajukan anggaran dengan benar?",
        "Answer": "Jika Departemen Pertahanan tidak mengajukan anggaran dengan benar, maka anggaran tersebut bisa tertunda atau tidak mendapatkan persetujuan dari DPR."
    },
    {
        "Context": "Pasal 66 mengatur tentang pembiayaan TNI yang berasal dari anggaran pertahanan negara yang diajukan oleh Departemen Pertahanan.",
        "Question": "Apakah Pasal 66 mengatur tentang pengawasan anggaran TNI?",
        "Answer": "Pasal 66 mengatur tentang pengawasan anggaran TNI yang dilakukan oleh instansi pemerintah terkait untuk memastikan penggunaan anggaran sesuai dengan aturan yang berlaku."
    },
    {
        "Context": "Pasal 66 mengatur tentang pembiayaan TNI yang berasal dari anggaran pertahanan negara yang diajukan oleh Departemen Pertahanan.",
        "Question": "Apa hubungan Pasal 66 dengan undang-undang pengelolaan anggaran lainnya?",
        "Answer": "Pasal 66 berhubungan dengan undang-undang pengelolaan anggaran lainnya karena mencakup aspek transparansi dan akuntabilitas dalam penggunaan anggaran negara."
    },
    {
        "Context": "Pasal 66 mengatur tentang pembiayaan TNI yang berasal dari anggaran pertahanan negara yang diajukan oleh Departemen Pertahanan.",
        "Question": "Apakah Pasal 66 mencakup peraturan untuk anggaran keperluan operasi militer?",
        "Answer": "Ya, Pasal 66 mencakup peraturan yang mengatur tentang alokasi anggaran untuk keperluan operasi militer yang mendesak dan perlu dibiayai dari anggaran kontijensi."
    },
    {
        "Context": "Pasal 66 mengatur tentang pembiayaan TNI yang berasal dari anggaran pertahanan negara yang diajukan oleh Departemen Pertahanan.",
        "Question": "Apa yang diatur mengenai persetujuan anggaran oleh DPR dalam Pasal 66?",
        "Answer": "Pasal 66 mengatur bahwa setiap pengajuan anggaran harus mendapatkan persetujuan dari DPR untuk memastikan anggaran yang diberikan sesuai dengan kebutuhan negara."
    }
]