[
    {
        "Context": "Pasal 67 mengatur tentang pemenuhan dukungan anggaran TNI yang diajukan oleh Panglima kepada Menteri Pertahanan untuk dibiayai dari Anggaran Pendapatan dan Belanja Negara, serta anggaran kontijensi untuk operasi militer mendesak.",
        "Question": "Apa isi Pasal 67?",
        "Answer": "Pasal 67 mengatur tentang pemenuhan dukungan anggaran TNI yang diajukan oleh Panglima kepada Menteri Pertahanan untuk dibiayai dari Anggaran Pendapatan dan Belanja Negara, serta anggaran kontijensi untuk operasi militer mendesak."
    },
    {
        "Context": "Pasal 67 mengatur tentang pemenuhan dukungan anggaran TNI yang diajukan oleh Panglima kepada Menteri Pertahanan untuk dibiayai dari Anggaran Pendapatan dan Belanja Negara, serta anggaran kontijensi untuk operasi militer mendesak.",
        "Question": "Apa isi Pasal 67 ayat 1?",
        "Answer": "Dalam Pasal 67 ayat 1, Panglima mengajukan kepada Menteri Pertahanan untuk dibiayai seluruhnya dari Anggaran Pendapatan dan Belanja Negara."
    },
    {
        "Context": "Pasal 67 mengatur tentang pemenuhan dukungan anggaran TNI yang diajukan oleh Panglima kepada Menteri Pertahanan untuk dibiayai dari Anggaran Pendapatan dan Belanja Negara, serta anggaran kontijensi untuk operasi militer mendesak.",
        "Question": "Apa isi Pasal 67 ayat 2?",
        "Answer": "Dalam Pasal 67 ayat 2, dalam hal pemenuhan dukungan anggaran operasi militer yang bersifat mendesak, Panglima mengajukan anggaran kepada Menteri Pertahanan untuk dibiayai dari anggaran kontijensi yang bersumber dari Anggaran Pendapatan dan Belanja Negara."
    },
    {
        "Context": "Pasal 67 mengatur tentang pemenuhan dukungan anggaran TNI yang diajukan oleh Panglima kepada Menteri Pertahanan untuk dibiayai dari Anggaran Pendapatan dan Belanja Negara, serta anggaran kontijensi untuk operasi militer mendesak.",
        "Question": "Apa isi Pasal 67 ayat 3?",
        "Answer": "Dalam Pasal 67 ayat 3, dukungan sebagaimana dimaksud pada ayat (2) dimintakan persetujuan oleh Menteri Pertahanan kepada Dewan Perwakilan Rakyat."
    },
    {
        "Context": "Pasal 67 mengatur tentang pemenuhan dukungan anggaran TNI yang diajukan oleh Panglima kepada Menteri Pertahanan untuk dibiayai dari Anggaran Pendapatan dan Belanja Negara, serta anggaran kontijensi untuk operasi militer mendesak.",
        "Question": "Apa yang dimaksud dengan pemenuhan dukungan anggaran TNI dalam Pasal 67?",
        "Answer": "Pemenuhan dukungan anggaran TNI dalam Pasal 67 adalah proses di mana Panglima mengajukan anggaran yang dibutuhkan untuk keperluan operasional TNI kepada Menteri Pertahanan."
    },
    {
        "Context": "Pasal 67 mengatur tentang pemenuhan dukungan anggaran TNI yang diajukan oleh Panglima kepada Menteri Pertahanan untuk dibiayai dari Anggaran Pendapatan dan Belanja Negara, serta anggaran kontijensi untuk operasi militer mendesak.",
        "Question": "Apa yang dimaksud dengan Panglima dalam Pasal 67?",
        "Answer": "Panglima dalam Pasal 67 merujuk kepada pimpinan TNI yang bertanggung jawab untuk mengajukan anggaran ke Menteri Pertahanan untuk pemenuhan dukungan anggaran."
    },
    {
        "Context": "Pasal 67 mengatur tentang pemenuhan dukungan anggaran TNI yang diajukan oleh Panglima kepada Menteri Pertahanan untuk dibiayai dari Anggaran Pendapatan dan Belanja Negara, serta anggaran kontijensi untuk operasi militer mendesak.",
        "Question": "Siapa yang mengajukan anggaran pemenuhan dukungan TNI dalam Pasal 67?",
        "Answer": "Panglima mengajukan anggaran pemenuhan dukungan TNI kepada Menteri Pertahanan untuk dipertimbangkan dan dibiayai dari Anggaran Pendapatan dan Belanja Negara."
    },
    {
        "Context": "Pasal 67 mengatur tentang pemenuhan dukungan anggaran TNI yang diajukan oleh Panglima kepada Menteri Pertahanan untuk dibiayai dari Anggaran Pendapatan dan Belanja Negara, serta anggaran kontijensi untuk operasi militer mendesak.",
        "Question": "Apa peran Menteri Pertahanan dalam Pasal 67?",
        "Answer": "Menteri Pertahanan dalam Pasal 67 berperan untuk menerima pengajuan anggaran dari Panglima dan memastikan pemenuhan anggaran sesuai dengan ketentuan yang berlaku."
    },
    {
        "Context": "Pasal 67 mengatur tentang pemenuhan dukungan anggaran TNI yang diajukan oleh Panglima kepada Menteri Pertahanan untuk dibiayai dari Anggaran Pendapatan dan Belanja Negara, serta anggaran kontijensi untuk operasi militer mendesak.",
        "Question": "Apa yang dimaksud dengan anggaran kontijensi dalam Pasal 67?",
        "Answer": "Anggaran kontijensi dalam Pasal 67 adalah anggaran yang dialokasikan untuk kebutuhan mendesak terkait operasi militer yang tidak dapat dipenuhi melalui anggaran reguler."
    },
    {
        "Context": "Pasal 67 mengatur tentang pemenuhan dukungan anggaran TNI yang diajukan oleh Panglima kepada Menteri Pertahanan untuk dibiayai dari Anggaran Pendapatan dan Belanja Negara, serta anggaran kontijensi untuk operasi militer mendesak.",
        "Question": "Apa tujuan dari pengajuan anggaran oleh Panglima kepada Menteri Pertahanan?",
        "Answer": "Tujuan dari pengajuan anggaran oleh Panglima kepada Menteri Pertahanan adalah untuk memastikan pemenuhan kebutuhan anggaran TNI yang bersumber dari APBN, khususnya untuk operasi militer yang mendesak."
    },
    {
        "Context": "Pasal 67 mengatur tentang pemenuhan dukungan anggaran TNI yang diajukan oleh Panglima kepada Menteri Pertahanan untuk dibiayai dari Anggaran Pendapatan dan Belanja Negara, serta anggaran kontijensi untuk operasi militer mendesak.",
        "Question": "Bagaimana prosedur pengajuan anggaran yang dimaksud dalam Pasal 67?",
        "Answer": "Prosedur pengajuan anggaran dalam Pasal 67 adalah Panglima mengajukan anggaran untuk pemenuhan dukungan TNI kepada Menteri Pertahanan untuk dibiayai dari APBN dan anggaran kontijensi."
    },
    {
        "Context": "Pasal 67 mengatur tentang pemenuhan dukungan anggaran TNI yang diajukan oleh Panglima kepada Menteri Pertahanan untuk dibiayai dari Anggaran Pendapatan dan Belanja Negara, serta anggaran kontijensi untuk operasi militer mendesak.",
        "Question": "Apakah Pasal 67 mengatur tentang pemenuhan anggaran untuk operasi militer mendesak?",
        "Answer": "Ya, Pasal 67 mengatur pemenuhan anggaran untuk operasi militer mendesak yang bersifat mendesak dan memerlukan pengalokasian dana segera."
    },
    {
        "Context": "Pasal 67 mengatur tentang pemenuhan dukungan anggaran TNI yang diajukan oleh Panglima kepada Menteri Pertahanan untuk dibiayai dari Anggaran Pendapatan dan Belanja Negara, serta anggaran kontijensi untuk operasi militer mendesak.",
        "Question": "Apakah Pasal 67 mencakup anggaran yang bersumber dari APBN?",
        "Answer": "Pasal 67 mencakup anggaran yang bersumber dari APBN yang disetujui untuk memenuhi kebutuhan TNI dalam menjalankan tugasnya."
    },
    {
        "Context": "Pasal 67 mengatur tentang pemenuhan dukungan anggaran TNI yang diajukan oleh Panglima kepada Menteri Pertahanan untuk dibiayai dari Anggaran Pendapatan dan Belanja Negara, serta anggaran kontijensi untuk operasi militer mendesak.",
        "Question": "Apa yang terjadi jika dukungan anggaran tidak mencukupi dalam Pasal 67?",
        "Answer": "Jika dukungan anggaran tidak mencukupi, maka Panglima mengajukan anggaran tambahan kepada Menteri Pertahanan, yang akan dibahas untuk pemenuhan kebutuhan."
    },
    {
        "Context": "Pasal 67 mengatur tentang pemenuhan dukungan anggaran TNI yang diajukan oleh Panglima kepada Menteri Pertahanan untuk dibiayai dari Anggaran Pendapatan dan Belanja Negara, serta anggaran kontijensi untuk operasi militer mendesak.",
        "Question": "Bagaimana hubungan Pasal 67 dengan proses persetujuan DPR?",
        "Answer": "Pasal 67 berhubungan dengan proses persetujuan DPR karena pengajuan anggaran oleh Menteri Pertahanan membutuhkan persetujuan dari Dewan Perwakilan Rakyat untuk disetujui."
    },
    {
        "Context": "Pasal 67 mengatur tentang pemenuhan dukungan anggaran TNI yang diajukan oleh Panglima kepada Menteri Pertahanan untuk dibiayai dari Anggaran Pendapatan dan Belanja Negara, serta anggaran kontijensi untuk operasi militer mendesak.",
        "Question": "Apa yang diatur dalam Pasal 67 terkait dengan anggaran kontijensi?",
        "Answer": "Pasal 67 mengatur anggaran kontijensi yang dialokasikan khusus untuk kebutuhan mendesak, yang harus diajukan dan disetujui melalui prosedur yang diatur pemerintah."
    },
    {
        "Context": "Pasal 67 mengatur tentang pemenuhan dukungan anggaran TNI yang diajukan oleh Panglima kepada Menteri Pertahanan untuk dibiayai dari Anggaran Pendapatan dan Belanja Negara, serta anggaran kontijensi untuk operasi militer mendesak.",
        "Question": "Bagaimana peran Dewan Perwakilan Rakyat dalam Pasal 67?",
        "Answer": "Dewan Perwakilan Rakyat dalam Pasal 67 berperan dalam memberikan persetujuan atas pengajuan anggaran yang telah diajukan oleh Menteri Pertahanan untuk keperluan operasi militer mendesak."
    },
    {
        "Context": "Pasal 67 mengatur tentang pemenuhan dukungan anggaran TNI yang diajukan oleh Panglima kepada Menteri Pertahanan untuk dibiayai dari Anggaran Pendapatan dan Belanja Negara, serta anggaran kontijensi untuk operasi militer mendesak.",
        "Question": "Apakah Pasal 67 mengatur cara pengajuan anggaran dalam keadaan darurat?",
        "Answer": "Pasal 67 mengatur pengajuan anggaran dalam keadaan darurat dengan mengalihkan beberapa dana dari anggaran reguler ke anggaran kontijensi untuk kebutuhan yang mendesak."
    },
    {
        "Context": "Pasal 67 mengatur tentang pemenuhan dukungan anggaran TNI yang diajukan oleh Panglima kepada Menteri Pertahanan untuk dibiayai dari Anggaran Pendapatan dan Belanja Negara, serta anggaran kontijensi untuk operasi militer mendesak.",
        "Question": "Apa yang dimaksud dengan anggaran yang dibiayai dari anggaran kontijensi dalam Pasal 67?",
        "Answer": "Anggaran yang dibiayai dari anggaran kontijensi dalam Pasal 67 adalah dana yang dialokasikan untuk kegiatan atau kebutuhan yang bersifat mendesak dalam rangka operasi militer."
    },
    {
        "Context": "Pasal 67 mengatur tentang pemenuhan dukungan anggaran TNI yang diajukan oleh Panglima kepada Menteri Pertahanan untuk dibiayai dari Anggaran Pendapatan dan Belanja Negara, serta anggaran kontijensi untuk operasi militer mendesak.",
        "Question": "Apakah Pasal 67 mengatur cara pengajuan anggaran untuk operasi militer di luar APBN?",
        "Answer": "Pasal 67 juga mengatur cara pengajuan anggaran untuk operasi militer yang membutuhkan dana mendesak dan tidak dapat dipenuhi oleh anggaran APBN yang biasa."
    },
    {
        "Context": "Pasal 67 mengatur tentang pemenuhan dukungan anggaran TNI yang diajukan oleh Panglima kepada Menteri Pertahanan untuk dibiayai dari Anggaran Pendapatan dan Belanja Negara, serta anggaran kontijensi untuk operasi militer mendesak.",
        "Question": "Apa yang terjadi jika Menteri Pertahanan tidak menyetujui anggaran yang diajukan Panglima?",
        "Answer": "Jika Menteri Pertahanan tidak menyetujui anggaran yang diajukan Panglima, maka pengajuan tersebut tidak dapat diproses lebih lanjut dan harus disesuaikan."
    },
    {
        "Context": "Pasal 67 mengatur tentang pemenuhan dukungan anggaran TNI yang diajukan oleh Panglima kepada Menteri Pertahanan untuk dibiayai dari Anggaran Pendapatan dan Belanja Negara, serta anggaran kontijensi untuk operasi militer mendesak.",
        "Question": "Bagaimana Pasal 67 mengatur dukungan anggaran untuk operasi militer yang mendesak?",
        "Answer": "Pasal 67 mengatur bagaimana dukungan anggaran untuk operasi militer yang mendesak diajukan, serta memastikan dana tersebut berasal dari anggaran kontijensi."
    }
]