[
    {
        "Context": "Bagian ini membahas batas usia pensiun bagi prajurit TNI yang diatur dalam Pasal 53 dan perubahan yang diusulkan dalam RUU.",
        "Question": "Apa yang dimaksud dengan Pasal 53 dalam Undang-Undang Nomor 34 Tahun 2004?",
        "Answer": "Pasal 53 mengatur batas usia pensiun bagi prajurit TNI, yang mana perwira dapat melaksanakan dinas keprajuritan sampai usia 58 tahun dan bintara serta tamtama sampai usia 53 tahun."
    },
    {
        "Context": "Bagian ini membahas batas usia pensiun bagi prajurit TNI yang diatur dalam Pasal 53 dan perubahan yang diusulkan dalam RUU.",
        "Question": "Berapa batas usia pensiun bagi perwira menurut Pasal 53?",
        "Answer": "58 tahun."
    },
    {
        "Context": "Bagian ini membahas batas usia pensiun bagi prajurit TNI yang diatur dalam Pasal 53 dan perubahan yang diusulkan dalam RUU.",
        "Question": "Berapa batas usia pensiun bagi bintara dan tamtama menurut Pasal 53?",
        "Answer": "53 tahun."
    },
    {
        "Context": "Bagian ini membahas batas usia pensiun bagi prajurit TNI yang diatur dalam Pasal 53 dan perubahan yang diusulkan dalam RUU.",
        "Question": "Apakah Pasal 53 mengatur batas usia pensiun untuk semua tingkatan prajurit TNI?",
        "Answer": "Ya, Pasal 53 mengatur batas usia pensiun untuk perwira, bintara, dan tamtama."
    },
    {
        "Context": "Bagian ini membahas batas usia pensiun bagi prajurit TNI yang diatur dalam Pasal 53 dan perubahan yang diusulkan dalam RUU.",
        "Question": "Berapa batas usia pensiun bagi perwira menurut Pasal 53?",
        "Answer": "58 tahun."
    },
    {
        "Context": "Bagian ini membahas batas usia pensiun bagi prajurit TNI yang diatur dalam Pasal 53 dan perubahan yang diusulkan dalam RUU.",
        "Question": "Bagaimana Pasal 53 mempengaruhi masa dinas prajurit TNI?",
        "Answer": "Pasal ini menentukan usia maksimal bagi prajurit untuk melaksanakan dinas keprajuritan."
    },
    {
        "Context": "Bagian ini membahas batas usia pensiun bagi prajurit TNI yang diatur dalam Pasal 53 dan perubahan yang diusulkan dalam RUU.",
        "Question": "Apa yang berubah dalam Pasal 53 setelah perubahan dalam RUU?",
        "Answer": "Pasal 53 dibagi berdasarkan pangkat, memberikan usia pensiun yang lebih tinggi untuk perwira tinggi."
    },
    {
        "Context": "Bagian ini membahas batas usia pensiun bagi bintara dan tamtama yang diatur dalam Pasal 53 dan perubahan yang diusulkan dalam RUU.",
        "Question": "Berapa usia pensiun maksimum bagi bintara dan tamtama menurut perubahan Pasal 53?",
        "Answer": "55 tahun."
    },
    {
        "Context": "Bagian ini membahas batas usia pensiun bagi perwira kolonel yang diatur dalam Pasal 53 dan perubahan yang diusulkan dalam RUU.",
        "Question": "Berapa usia pensiun maksimum bagi perwira kolonel menurut perubahan Pasal 53?",
        "Answer": "58 tahun."
    },
    {
        "Context": "Bagian ini membahas batas usia pensiun bagi perwira tinggi bintang 1 yang diatur dalam Pasal 53 dan perubahan yang diusulkan dalam RUU.",
        "Question": "Berapa usia pensiun maksimum bagi perwira tinggi bintang 1 menurut perubahan Pasal 53?",
        "Answer": "60 tahun."
    },
    {
        "Context": "Bagian ini membahas batas usia pensiun bagi perwira tinggi bintang 2 yang diatur dalam Pasal 53 dan perubahan yang diusulkan dalam RUU.",
        "Question": "Berapa usia pensiun maksimum bagi perwira tinggi bintang 2 menurut perubahan Pasal 53?",
        "Answer": "61 tahun."
    },
    {
        "Context": "Bagian ini membahas batas usia pensiun bagi perwira tinggi bintang 3 yang diatur dalam Pasal 53 dan perubahan yang diusulkan dalam RUU.",
        "Question": "Berapa usia pensiun maksimum bagi perwira tinggi bintang 3 menurut perubahan Pasal 53?",
        "Answer": "62 tahun."
    },
    {
        "Context": "Bagian ini membahas prajurit dengan jabatan fungsional yang diatur dalam Pasal 53 dan perubahan yang diusulkan dalam RUU.",
        "Question": "Apa yang dimaksud dengan 'khusus bagi prajurit yang menduduki jabatan fungsional' dalam perubahan Pasal 53?",
        "Answer": "Prajurit dengan jabatan fungsional diatur oleh peraturan yang berlaku untuk jabatan tersebut."
    },
    {
        "Context": "Bagian ini membahas perbedaan usia pensiun antara perwira bintang 1, bintang 2, dan bintang 3 yang diatur dalam Pasal 53 dan perubahan yang diusulkan dalam RUU.",
        "Question": "Apakah ada perbedaan dalam usia pensiun antara perwira bintang 1, bintang 2, dan bintang 3 setelah perubahan Pasal 53?",
        "Answer": "Ya, ada perbedaan usia pensiun antara perwira bintang 1, bintang 2, dan bintang 3."
    },
    {
        "Context": "Bagian ini membahas batas usia pensiun untuk perwira tinggi bintang 4 yang diatur dalam Pasal 53 dan perubahan yang diusulkan dalam RUU.",
        "Question": "Apakah ada batas usia pensiun untuk perwira tinggi bintang 4 dalam perubahan Pasal 53?",
        "Answer": "Ya, perwira tinggi bintang 4 memiliki batas usia pensiun lebih tinggi."
    },
    {
        "Context": "Bagian ini membahas perpanjangan usia pensiun untuk perwira tinggi bintang 4 yang diusulkan dalam RUU.",
        "Question": "Berapa lama perpanjangan usia pensiun untuk perwira tinggi bintang 4 menurut perubahan Pasal 53?",
        "Answer": "1 tahun per perpanjangan, maksimal 2 kali."
    },
    {
        "Context": "Bagian ini membahas kesempatan bagi perwira yang sudah memasuki usia pensiun untuk direkrut kembali sebagai perwira komponen cadangan.",
        "Question": "Apakah perubahan Pasal 53 memberikan kesempatan bagi perwira yang telah memasuki usia pensiun untuk direkrut kembali?",
        "Answer": "Ya, prajurit yang telah memasuki usia pensiun dapat direkrut sebagai perwira komponen cadangan."
    },
    {
        "Context": "Bagian ini membahas ketentuan lebih lanjut mengenai masa dinas keprajuritan yang diatur dalam peraturan pemerintah.",
        "Question": "Apakah ketentuan lebih lanjut tentang masa dinas keprajuritan diatur dengan peraturan pemerintah?",
        "Answer": "Ya, ketentuan lebih lanjut diatur dengan peraturan pemerintah."
    },
    {
        "Context": "Bagian ini membahas ketentuan lebih lanjut mengenai masa dinas keprajuritan yang diatur dalam peraturan pemerintah.",
        "Question": "Apa yang berubah dalam Pasal 53 setelah perubahan dalam RUU?",
        "Answer": "Pasal ini mengatur batas usia pensiun bagi prajurit TNI."
    },
    {
        "Context": "Bagian ini membahas tentang Pasal II dalam RUU perubahan yang mengatur ketentuan transisi tentang usia pensiun bagi prajurit.",
        "Question": "Apa yang dimaksud dengan Pasal II dalam RUU perubahan UU Nomor 34 Tahun 2004?",
        "Answer": "Pasal II mengatur ketentuan transisi tentang usia pensiun bagi prajurit yang sudah memasuki usia pensiun saat undang-undang ini mulai berlaku."
    },
    {
        "Context": "Bagian ini membahas ketentuan usia pensiun untuk bintara dan tamtama yang berusia 52 tahun menurut Pasal II.",
        "Question": "Bagaimana ketentuan usia pensiun untuk bintara dan tamtama yang berusia 52 tahun menurut Pasal II?",
        "Answer": "52 tahun."
    },
    {
        "Context": "Bagian ini membahas ketentuan usia pensiun untuk bintara dan tamtama yang berusia 51 tahun menurut Pasal II.",
        "Question": "Bagaimana ketentuan usia pensiun untuk bintara dan tamtama yang berusia 51 tahun menurut Pasal II?",
        "Answer": "51 tahun."
    },
    {
        "Context": "Bagian ini membahas ketentuan usia pensiun untuk bintara dan tamtama yang belum berusia 51 tahun menurut Pasal II.",
        "Question": "Apa yang terjadi pada bintara dan tamtama yang belum berusia 51 tahun menurut Pasal II?",
        "Answer": "Mereka diberlakukan masa dinas sampai dengan usia 53 tahun."
    },
    {
        "Context": "Bagian ini membahas ketentuan usia pensiun untuk perwira tinggi bintang 1 yang berusia 57 tahun menurut Pasal II.",
        "Question": "Bagaimana ketentuan usia pensiun untuk perwira tinggi bintang 1 (satu) yang berusia 57 tahun menurut Pasal II?",
        "Answer": "58 tahun."
    },
    {
        "Context": "Bagian ini membahas ketentuan usia pensiun bagi perwira tinggi bintang 1 yang berusia 56 tahun menurut Pasal II.",
        "Question": "Apa ketentuan usia pensiun bagi perwira tinggi bintang 1 yang berusia 56 tahun menurut Pasal II?",
        "Answer": "59 tahun."
    },
    {
        "Context": "Bagian ini membahas ketentuan usia pensiun bagi perwira tinggi bintang 1 yang belum berusia 56 tahun menurut Pasal II.",
        "Question": "Apa ketentuan usia pensiun bagi perwira tinggi bintang 1 yang belum berusia 56 tahun menurut Pasal II?",
        "Answer": "60 tahun."
    },
    {
        "Context": "Bagian ini membahas ketentuan usia pensiun untuk perwira tinggi bintang 2 yang berusia 57 tahun menurut Pasal II.",
        "Question": "Bagaimana ketentuan usia pensiun untuk perwira tinggi bintang 2 yang berusia 57 tahun menurut Pasal II?",
        "Answer": "58 tahun."
    },
    {
        "Context": "Bagian ini membahas ketentuan usia pensiun untuk perwira tinggi bintang 2 yang berusia 56 tahun menurut Pasal II.",
        "Question": "Bagaimana ketentuan usia pensiun untuk perwira tinggi bintang 2 yang berusia 56 tahun menurut Pasal II?",
        "Answer": "59 tahun."
    },
    {
        "Context": "Bagian ini membahas ketentuan usia pensiun bagi perwira tinggi bintang 2 yang belum berusia 56 tahun menurut Pasal II.",
        "Question": "Apa ketentuan usia pensiun bagi perwira tinggi bintang 2 yang belum berusia 56 tahun menurut Pasal II?",
        "Answer": "61 tahun."
    },
    {
        "Context": "Bagian ini membahas ketentuan usia pensiun untuk perwira tinggi bintang 3 yang berusia 57 tahun menurut Pasal II.",
        "Question": "Apa ketentuan usia pensiun untuk perwira tinggi bintang 3 yang berusia 57 tahun menurut Pasal II?",
        "Answer": "60 tahun."
    },
    {
        "Context": "Bagian ini membahas ketentuan usia pensiun untuk perwira tinggi bintang 3 yang berusia 56 tahun menurut Pasal II.",
        "Question": "Bagaimana ketentuan usia pensiun untuk perwira tinggi bintang 3 yang berusia 56 tahun menurut Pasal II?",
        "Answer": "60 tahun."
    },
    {
        "Context": "Bagian ini membahas ketentuan usia pensiun bagi perwira tinggi bintang 3 yang belum berusia 56 tahun menurut Pasal II.",
        "Question": "Apa ketentuan usia pensiun bagi perwira tinggi bintang 3 yang belum berusia 56 tahun menurut Pasal II?",
        "Answer": "62 tahun."
    },
    {
        "Context": "Bagian ini membahas tentang masa dinas keprajuritan dalam konteks Pasal II.",
        "Question": "Apa yang dimaksud dengan 'masa dinas keprajuritan' dalam konteks Pasal II?",
        "Answer": "Masa dinas keprajuritan adalah periode waktu prajurit aktif dalam dinas militer hingga mencapai batas usia pensiun."
    },
    {
        "Context": "Bagian ini membahas apakah Pasal II mengatur perpanjangan usia pensiun untuk perwira.",
        "Question": "Apakah Pasal II mengatur ketentuan tentang perpanjangan usia pensiun untuk perwira?",
        "Answer": "Tidak, Pasal II hanya mengatur ketentuan usia pensiun pada saat undang-undang ini mulai berlaku."
    },
    {
        "Context": "Bagian ini membahas peraturan yang mengatur usia pensiun bagi prajurit yang masih aktif.",
        "Question": "Tidak, Pasal II hanya mengatur ketentuan usia pensiun pada saat undang-undang ini mulai berlaku.",
        "Answer": "Ya, Pasal II hanya mengatur ketentuan usia pensiun pada saat undang-undang ini mulai berlaku."
    },
    {
        "Context": "Bagian ini membahas kesempatan bagi prajurit yang telah memasuki usia pensiun untuk melanjutkan dinas.",
        "Question": "Apakah perwira yang sudah memasuki usia pensiun pada saat RUU ini berlaku masih bisa diperpanjang masa dinasnya?",
        "Answer": "Ya, tetapi perpanjangan untuk perwira tinggi bintang 4 diatur secara khusus di Pasal 53."
    },
    {
        "Context": "Bagian ini membahas pengaturan ketentuan lebih lanjut mengenai masa dinas keprajuritan.",
        "Question": "Siapa yang berhak mengatur ketentuan lebih lanjut mengenai masa dinas keprajuritan?",
        "Answer": "Ketentuan lebih lanjut diatur dengan Peraturan Pemerintah."
    },
    {
        "Context": "Bagian ini membahas ketentuan mengenai apakah Pasal II berlaku untuk seluruh prajurit TNI.",
        "Question": "Apakah Pasal II berlaku untuk seluruh prajurit TNI?",
        "Answer": "Ya, Pasal II berlaku untuk prajurit yang sudah memasuki usia pensiun pada saat undang-undang ini mulai berlaku."
    },
    {
        "Context": "Bagian ini membahas apa yang terjadi jika prajurit belum mencapai usia pensiun yang diatur dalam Pasal II.",
        "Question": "Bagaimana jika prajurit belum mencapai usia pensiun yang diatur dalam Pasal II?",
        "Answer": "Mereka masih dapat melanjutkan dinas keprajuritan hingga mencapai batas usia pensiun yang ditentukan."
    },
    {
        "Context": "Bagian ini membahas pengaturan bagi prajurit yang berusia di bawah 55 tahun untuk melanjutkan dinas setelah usia pensiun.",
        "Question": "Apa yang terjadi jika prajurit yang berusia di bawah 55 tahun ingin melanjutkan dinas setelah batas usia pensiun?",
        "Answer": "Mereka tidak dapat melanjutkan melampaui batas usia pensiun yang ditetapkan."
    },
    {
        "Context": "Bagian ini membahas pengaturan untuk perwira yang telah memasuki usia pensiun namun memenuhi syarat untuk menjadi perwira komponen cadangan.",
        "Question": "Apakah Pasal II menyebutkan pengaturan untuk perwira yang sudah memasuki usia pensiun tetapi masih memenuhi syarat untuk diangkat menjadi perwira komponen cadangan?",
        "Answer": "Ya, hal ini diatur dalam Pasal 53 yang lebih lanjut mengenai perwira yang memenuhi syarat untuk menjadi perwira komponen cadangan."
    },
    {
        "Context": "Bagian ini membahas usia pensiun bagi prajurit yang masih aktif.",
        "Question": "Apakah Pasal II hanya mengatur usia pensiun untuk prajurit aktif?",
        "Answer": "Ya, Pasal II hanya mengatur usia pensiun bagi prajurit yang masih aktif."
    },
    {
        "Context": "Bagian ini membahas usia pensiun yang berbeda untuk perwira yang lebih muda dibandingkan dengan perwira yang lebih tua.",
        "Question": "Ya, Pasal II hanya mengatur usia pensiun bagi prajurit yang masih aktif.",
        "Answer": "Ya, perwira yang lebih tua akan memiliki masa dinas yang lebih pendek sesuai dengan ketentuan transisi dalam Pasal II."
    },
    {
        "Context": "Bagian ini membahas apakah Pasal II memberikan kesempatan bagi prajurit yang sudah berusia lanjut untuk memperpanjang masa dinas mereka.",
        "Question": "Apakah ada perbedaan ketentuan usia pensiun antara perwira yang sudah berusia 56 tahun dengan yang berusia lebih muda?",
        "Answer": "Ya, dengan perpanjangan yang diatur pada Pasal 53 untuk perwira tinggi bintang 4."
    },
    {
        "Context": "Bagian ini membahas perpanjangan masa dinas yang diatur untuk perwira tinggi bintang 4.",
        "Question": "Ya, perwira yang lebih tua akan memiliki masa dinas yang lebih pendek sesuai dengan ketentuan transisi dalam Pasal II.",
        "Answer": "Mereka akan diberlakukan masa dinas sesuai dengan usia mereka dan ketentuan dalam Pasal II."
    },
    {
        "Context": "Bagian ini membahas pengaturan masa dinas bagi perwira yang lebih tua dengan ketentuan yang ada.",
        "Question": "Apakah Pasal II memberikan kesempatan bagi prajurit yang sudah berusia lanjut untuk memperpanjang masa dinas mereka?",
        "Answer": "Tidak, mereka tidak dapat melanjutkan melampaui batas usia pensiun yang ditetapkan."
    },
    {
        "Context": "Bagian ini membahas tentang batas usia pensiun yang diatur dalam Pasal 53 dan perubahan yang diusulkan dalam RUU.",
        "Question": "Ya, dengan perpanjangan yang diatur pada Pasal 53 untuk perwira tinggi bintang 4.",
        "Answer": "Tidak, mereka tidak dapat melanjutkan melampaui batas usia pensiun yang ditetapkan."
    },
    {
        "Context": "Bagian ini membahas tentang batas usia pensiun yang diatur dalam Pasal 53 dan perubahan yang diusulkan dalam RUU.",
        "Question": "Bagaimana jika perwira tinggi berusia lebih dari 57 tahun saat RUU ini mulai berlaku?",
        "Answer": "Mereka tidak dapat melanjutkan melampaui batas usia pensiun yang ditetapkan."
    },
    {
        "Context": "Bagian ini membahas tentang batas usia pensiun yang diatur dalam Pasal 53 dan perubahan yang diusulkan dalam RUU.",
        "Question": "Mereka akan diberlakukan masa dinas sesuai dengan usia mereka dan ketentuan dalam Pasal II.",
        "Answer": "Mereka masih dapat melanjutkan dinas keprajuritan hingga mencapai batas usia pensiun yang ditentukan."
    }
]