[
    {
        "Context": "Pasal 69 mengatur tentang pengawasan dan pemeriksaan pengelolaan anggaran pertahanan negara oleh TNI yang dilakukan oleh Badan Pemeriksa Keuangan Republik Indonesia.",
        "Question": "Apa isi Pasal 69?",
        "Answer": "Pasal 69 mengatur tentang pengawasan dan pemeriksaan pengelolaan anggaran pertahanan negara oleh TNI yang dilakukan oleh Badan Pemeriksa Keuangan Republik Indonesia."
    },
    {
        "Context": "Pasal 69 mengatur tentang pengawasan dan pemeriksaan pengelolaan anggaran pertahanan negara oleh TNI yang dilakukan oleh Badan Pemeriksa Keuangan Republik Indonesia.",
        "Question": "Apa isi Pasal 69 ayat 1?",
        "Answer": "Pasal 69 ayat 1 mengatur bahwa pengawasan dan pemeriksaan pengelolaan anggaran pertahanan negara oleh TNI dilakukan oleh Badan Pemeriksa Keuangan Republik Indonesia."
    },
    {
        "Context": "Pasal 69 mengatur tentang pengawasan dan pemeriksaan pengelolaan anggaran pertahanan negara oleh TNI yang dilakukan oleh Badan Pemeriksa Keuangan Republik Indonesia.",
        "Question": "Apa yang dimaksud dengan pengawasan dalam Pasal 69?",
        "Answer": "Pengawasan dalam Pasal 69 berarti proses pemantauan dan penilaian terhadap penggunaan anggaran pertahanan negara yang dilakukan oleh Badan Pemeriksa Keuangan."
    },
    {
        "Context": "Pasal 69 mengatur tentang pengawasan dan pemeriksaan pengelolaan anggaran pertahanan negara oleh TNI yang dilakukan oleh Badan Pemeriksa Keuangan Republik Indonesia.",
        "Question": "Apa yang dimaksud dengan pemeriksaan dalam Pasal 69?",
        "Answer": "Pemeriksaan dalam Pasal 69 berarti evaluasi terhadap pengelolaan anggaran yang dilakukan oleh Badan Pemeriksa Keuangan untuk memastikan kesesuaian dengan peraturan yang berlaku."
    },
    {
        "Context": "Pasal 69 mengatur tentang pengawasan dan pemeriksaan pengelolaan anggaran pertahanan negara oleh TNI yang dilakukan oleh Badan Pemeriksa Keuangan Republik Indonesia.",
        "Question": "Siapa yang melakukan pengawasan pengelolaan anggaran pertahanan negara menurut Pasal 69?",
        "Answer": "Badan Pemeriksa Keuangan Republik Indonesia melakukan pengawasan pengelolaan anggaran pertahanan negara menurut Pasal 69."
    },
    {
        "Context": "Pasal 69 mengatur tentang pengawasan dan pemeriksaan pengelolaan anggaran pertahanan negara oleh TNI yang dilakukan oleh Badan Pemeriksa Keuangan Republik Indonesia.",
        "Question": "Apa peran Badan Pemeriksa Keuangan Republik Indonesia dalam Pasal 69?",
        "Answer": "Badan Pemeriksa Keuangan Republik Indonesia memiliki peran untuk memeriksa dan memastikan pengelolaan anggaran pertahanan negara dilakukan sesuai dengan peraturan yang berlaku."
    },
    {
        "Context": "Pasal 69 mengatur tentang pengawasan dan pemeriksaan pengelolaan anggaran pertahanan negara oleh TNI yang dilakukan oleh Badan Pemeriksa Keuangan Republik Indonesia.",
        "Question": "Apa yang diatur oleh Pasal 69 terkait pengelolaan anggaran TNI?",
        "Answer": "Pasal 69 mengatur bahwa pengelolaan anggaran pertahanan negara oleh TNI harus diawasi dan diperiksa oleh Badan Pemeriksa Keuangan Republik Indonesia."
    },
    {
        "Context": "Pasal 69 mengatur tentang pengawasan dan pemeriksaan pengelolaan anggaran pertahanan negara oleh TNI yang dilakukan oleh Badan Pemeriksa Keuangan Republik Indonesia.",
        "Question": "Bagaimana pengawasan anggaran pertahanan negara dilakukan menurut Pasal 69?",
        "Answer": "Pengawasan anggaran pertahanan negara dilakukan dengan cara memonitor penggunaan dana yang telah dialokasikan untuk TNI, memastikan bahwa dana digunakan secara tepat dan efisien."
    },
    {
        "Context": "Pasal 69 mengatur tentang pengawasan dan pemeriksaan pengelolaan anggaran pertahanan negara oleh TNI yang dilakukan oleh Badan Pemeriksa Keuangan Republik Indonesia.",
        "Question": "Apakah pengelolaan anggaran TNI diawasi oleh instansi lain selain Badan Pemeriksa Keuangan?",
        "Answer": "Pasal 69 tidak menyebutkan adanya pengawasan oleh instansi lain selain Badan Pemeriksa Keuangan, yang berperan untuk memastikan pengelolaan anggaran TNI sesuai ketentuan."
    },
    {
        "Context": "Pasal 69 mengatur tentang pengawasan dan pemeriksaan pengelolaan anggaran pertahanan negara oleh TNI yang dilakukan oleh Badan Pemeriksa Keuangan Republik Indonesia.",
        "Question": "Apa yang dimaksud dengan pengelolaan anggaran pertahanan negara dalam Pasal 69?",
        "Answer": "Pengelolaan anggaran pertahanan negara dalam Pasal 69 berarti penggunaan dan pengalokasian dana yang diawasi untuk memenuhi kebutuhan pertahanan negara oleh TNI."
    },
    {
        "Context": "Pasal 69 mengatur tentang pengawasan dan pemeriksaan pengelolaan anggaran pertahanan negara oleh TNI yang dilakukan oleh Badan Pemeriksa Keuangan Republik Indonesia.",
        "Question": "Apa yang terjadi jika pengelolaan anggaran pertahanan negara tidak diawasi dengan baik?",
        "Answer": "Jika pengelolaan anggaran pertahanan negara tidak diawasi dengan baik, maka bisa terjadi penyalahgunaan dana atau ketidaktepatan dalam penggunaan anggaran, yang dapat merugikan negara."
    },
    {
        "Context": "Pasal 69 mengatur tentang pengawasan dan pemeriksaan pengelolaan anggaran pertahanan negara oleh TNI yang dilakukan oleh Badan Pemeriksa Keuangan Republik Indonesia.",
        "Question": "Apa hubungan Pasal 69 dengan transparansi pengelolaan anggaran TNI?",
        "Answer": "Pasal 69 berhubungan dengan transparansi karena pengawasan yang dilakukan bertujuan untuk memastikan bahwa penggunaan anggaran TNI dilakukan secara terbuka dan dapat dipertanggungjawabkan."
    },
    {
        "Context": "Pasal 69 mengatur tentang pengawasan dan pemeriksaan pengelolaan anggaran pertahanan negara oleh TNI yang dilakukan oleh Badan Pemeriksa Keuangan Republik Indonesia.",
        "Question": "Apakah Pasal 69 mengatur sanksi jika pengelolaan anggaran TNI tidak sesuai aturan?",
        "Answer": "Pasal 69 tidak mengatur sanksi secara langsung, namun jika pengelolaan anggaran tidak sesuai aturan, maka Badan Pemeriksa Keuangan akan melaporkannya untuk tindakan lebih lanjut."
    },
    {
        "Context": "Pasal 69 mengatur tentang pengawasan dan pemeriksaan pengelolaan anggaran pertahanan negara oleh TNI yang dilakukan oleh Badan Pemeriksa Keuangan Republik Indonesia.",
        "Question": "Apa akibatnya jika Badan Pemeriksa Keuangan menemukan penyimpangan dalam pengelolaan anggaran TNI?",
        "Answer": "Jika Badan Pemeriksa Keuangan menemukan penyimpangan dalam pengelolaan anggaran TNI, maka akan ada laporan dan rekomendasi yang diberikan untuk perbaikan atau tindakan lebih lanjut."
    },
    {
        "Context": "Pasal 69 mengatur tentang pengawasan dan pemeriksaan pengelolaan anggaran pertahanan negara oleh TNI yang dilakukan oleh Badan Pemeriksa Keuangan Republik Indonesia.",
        "Question": "Apakah Pasal 69 hanya berlaku untuk pengelolaan anggaran TNI saja?",
        "Answer": "Ya, Pasal 69 berlaku khusus untuk pengelolaan anggaran TNI, yang menjadi tanggung jawab pemerintah dan TNI untuk memastikan pengelolaan anggaran sesuai dengan hukum yang berlaku."
    },
    {
        "Context": "Pasal 69 mengatur tentang pengawasan dan pemeriksaan pengelolaan anggaran pertahanan negara oleh TNI yang dilakukan oleh Badan Pemeriksa Keuangan Republik Indonesia.",
        "Question": "Bagaimana pengaruh pengawasan terhadap pengelolaan anggaran di TNI?",
        "Answer": "Pengawasan terhadap pengelolaan anggaran di TNI membantu memastikan bahwa anggaran digunakan dengan efisien dan tepat sasaran untuk mendukung pertahanan negara."
    },
    {
        "Context": "Pasal 69 mengatur tentang pengawasan dan pemeriksaan pengelolaan anggaran pertahanan negara oleh TNI yang dilakukan oleh Badan Pemeriksa Keuangan Republik Indonesia.",
        "Question": "Apa hubungan Pasal 69 dengan Pasal 68 terkait pengelolaan anggaran TNI?",
        "Answer": "Pasal 69 berhubungan dengan Pasal 68 karena keduanya mengatur pengelolaan anggaran, dengan Pasal 68 mengatur prinsip pengelolaan, sementara Pasal 69 mengatur pengawasan dan pemeriksaan."
    },
    {
        "Context": "Pasal 69 mengatur tentang pengawasan dan pemeriksaan pengelolaan anggaran pertahanan negara oleh TNI yang dilakukan oleh Badan Pemeriksa Keuangan Republik Indonesia.",
        "Question": "Apakah pengawasan anggaran oleh Badan Pemeriksa Keuangan bersifat rutin?",
        "Answer": "Pengawasan anggaran oleh Badan Pemeriksa Keuangan bersifat rutin, dengan tujuan untuk memastikan anggaran TNI dikelola sesuai dengan prinsip yang berlaku."
    },
    {
        "Context": "Pasal 69 mengatur tentang pengawasan dan pemeriksaan pengelolaan anggaran pertahanan negara oleh TNI yang dilakukan oleh Badan Pemeriksa Keuangan Republik Indonesia.",
        "Question": "Apa yang diatur dalam Pasal 69 terkait dengan laporan pengelolaan anggaran?",
        "Answer": "Pasal 69 tidak mengatur secara rinci laporan pengelolaan anggaran, namun laporan pengelolaan anggaran akan diperiksa oleh Badan Pemeriksa Keuangan untuk memastikan kesesuaian dengan ketentuan."
    },
    {
        "Context": "Pasal 69 mengatur tentang pengawasan dan pemeriksaan pengelolaan anggaran pertahanan negara oleh TNI yang dilakukan oleh Badan Pemeriksa Keuangan Republik Indonesia.",
        "Question": "Bagaimana proses pemeriksaan anggaran yang dilakukan oleh Badan Pemeriksa Keuangan?",
        "Answer": "Proses pemeriksaan anggaran yang dilakukan oleh Badan Pemeriksa Keuangan meliputi audit terhadap penggunaan anggaran dan pelaporan hasil audit untuk tindakan lebih lanjut."
    },
    {
        "Context": "Pasal 69 mengatur tentang pengawasan dan pemeriksaan pengelolaan anggaran pertahanan negara oleh TNI yang dilakukan oleh Badan Pemeriksa Keuangan Republik Indonesia.",
        "Question": "Apakah Pasal 69 memberikan wewenang kepada Badan Pemeriksa Keuangan untuk menghukum penyimpangan?",
        "Answer": "Pasal 69 tidak memberikan wewenang langsung untuk menghukum penyimpangan, tetapi melaporkan penyimpangan yang ditemukan agar dapat ditindaklanjuti oleh pihak berwenang."
    },
    {
        "Context": "Pasal 69 mengatur tentang pengawasan dan pemeriksaan pengelolaan anggaran pertahanan negara oleh TNI yang dilakukan oleh Badan Pemeriksa Keuangan Republik Indonesia.",
        "Question": "Bagaimana Pasal 69 berhubungan dengan akuntabilitas dalam pengelolaan anggaran TNI?",
        "Answer": "Pasal 69 berhubungan dengan akuntabilitas karena pengawasan oleh Badan Pemeriksa Keuangan bertujuan untuk memastikan bahwa pengelolaan anggaran TNI dapat dipertanggungjawabkan."
    },
    {
        "Context": "Pasal 69 mengatur tentang pengawasan dan pemeriksaan pengelolaan anggaran pertahanan negara oleh TNI yang dilakukan oleh Badan Pemeriksa Keuangan Republik Indonesia.",
        "Question": "Apakah Pasal 69 berhubungan dengan pengawasan keuangan di sektor lain?",
        "Answer": "Pasal 69 juga berhubungan dengan pengawasan keuangan di sektor lain karena prinsip pengawasan dan pemeriksaan yang diterapkan dalam Pasal 69 juga berlaku pada pengelolaan anggaran pemerintah lainnya."
    }
]