[
    {
        "Context": "Pasal 77 menyatakan bahwa Undang-Undang Nomor 2 Tahun 1988 tentang Prajurit Angkatan Bersenjata Republik Indonesia dinyatakan tidak berlaku pada saat undang-undang ini mulai berlaku.",
        "Question": "Apa isi Pasal 77?",
        "Answer": "Pasal 77 mengatur bahwa Undang-Undang Nomor 2 Tahun 1988 tentang Prajurit Angkatan Bersenjata Republik Indonesia dinyatakan tidak berlaku setelah undang-undang ini mulai berlaku."
    },
    {
        "Context": "Pasal 77 menyatakan bahwa Undang-Undang Nomor 2 Tahun 1988 tentang Prajurit Angkatan Bersenjata Republik Indonesia dinyatakan tidak berlaku pada saat undang-undang ini mulai berlaku.",
        "Question": "Apa yang dimaksud dengan Undang-Undang Nomor 2 Tahun 1988 dalam Pasal 77?",
        "Answer": "Undang-Undang Nomor 2 Tahun 1988 dalam Pasal 77 adalah peraturan sebelumnya yang mengatur tentang prajurit angkatan bersenjata, yang akan digantikan dengan undang-undang baru."
    },
    {
        "Context": "Pasal 77 menyatakan bahwa Undang-Undang Nomor 2 Tahun 1988 tentang Prajurit Angkatan Bersenjata Republik Indonesia dinyatakan tidak berlaku pada saat undang-undang ini mulai berlaku.",
        "Question": "Apa yang terjadi setelah undang-undang ini berlaku terkait dengan Undang-Undang Nomor 2 Tahun 1988?",
        "Answer": "Setelah undang-undang ini berlaku, Undang-Undang Nomor 2 Tahun 1988 dinyatakan tidak berlaku lagi dan peraturan baru yang diatur dalam undang-undang ini akan menggantikannya."
    },
    {
        "Context": "Pasal 77 menyatakan bahwa Undang-Undang Nomor 2 Tahun 1988 tentang Prajurit Angkatan Bersenjata Republik Indonesia dinyatakan tidak berlaku pada saat undang-undang ini mulai berlaku.",
        "Question": "Apa yang diatur dalam Pasal 77 tentang Undang-Undang Nomor 2 Tahun 1988?",
        "Answer": "Pasal 77 mengatur bahwa Undang-Undang Nomor 2 Tahun 1988 tentang Prajurit Angkatan Bersenjata Republik Indonesia akan dihentikan keberlakuannya pada saat undang-undang ini diberlakukan."
    },
    {
        "Context": "Pasal 77 menyatakan bahwa Undang-Undang Nomor 2 Tahun 1988 tentang Prajurit Angkatan Bersenjata Republik Indonesia dinyatakan tidak berlaku pada saat undang-undang ini mulai berlaku.",
        "Question": "Bagaimana Pasal 77 mengatur status Undang-Undang Nomor 2 Tahun 1988 setelah undang-undang baru ini berlaku?",
        "Answer": "Pasal 77 mengatur bahwa Undang-Undang Nomor 2 Tahun 1988 tidak berlaku lagi setelah undang-undang ini mulai diberlakukan, dan akan digantikan oleh peraturan baru."
    },
    {
        "Context": "Pasal 77 menyatakan bahwa Undang-Undang Nomor 2 Tahun 1988 tentang Prajurit Angkatan Bersenjata Republik Indonesia dinyatakan tidak berlaku pada saat undang-undang ini mulai berlaku.",
        "Question": "Apakah Pasal 77 mengatur pembatalan seluruh isi Undang-Undang Nomor 2 Tahun 1988?",
        "Answer": "Pasal 77 tidak mengatur pembatalan seluruh isi Undang-Undang Nomor 2 Tahun 1988, tetapi menyatakan bahwa peraturan tersebut tidak berlaku setelah undang-undang ini diberlakukan."
    },
    {
        "Context": "Pasal 77 menyatakan bahwa Undang-Undang Nomor 2 Tahun 1988 tentang Prajurit Angkatan Bersenjata Republik Indonesia dinyatakan tidak berlaku pada saat undang-undang ini mulai berlaku.",
        "Question": "Apakah Pasal 77 mengatur tentang perubahan dalam Undang-Undang Nomor 2 Tahun 1988?",
        "Answer": "Pasal 77 tidak mengatur perubahan dalam Undang-Undang Nomor 2 Tahun 1988, tetapi hanya menyatakan bahwa peraturan tersebut akan dihentikan keberlakuannya setelah undang-undang baru diberlakukan."
    },
    {
        "Context": "Pasal 77 menyatakan bahwa Undang-Undang Nomor 2 Tahun 1988 tentang Prajurit Angkatan Bersenjata Republik Indonesia dinyatakan tidak berlaku pada saat undang-undang ini mulai berlaku.",
        "Question": "Apa yang dimaksud dengan 'tidak berlaku' dalam Pasal 77?",
        "Answer": "\u2018Tidak berlaku\u2019 dalam Pasal 77 berarti bahwa peraturan tersebut tidak akan digunakan lagi dan akan digantikan dengan ketentuan yang ada dalam undang-undang ini."
    },
    {
        "Context": "Pasal 77 menyatakan bahwa Undang-Undang Nomor 2 Tahun 1988 tentang Prajurit Angkatan Bersenjata Republik Indonesia dinyatakan tidak berlaku pada saat undang-undang ini mulai berlaku.",
        "Question": "Apakah Pasal 77 berlaku untuk semua ketentuan dalam Undang-Undang Nomor 2 Tahun 1988?",
        "Answer": "Ya, Pasal 77 berlaku untuk seluruh ketentuan dalam Undang-Undang Nomor 2 Tahun 1988, yang tidak lagi berlaku setelah undang-undang ini mulai berlaku."
    },
    {
        "Context": "Pasal 77 menyatakan bahwa Undang-Undang Nomor 2 Tahun 1988 tentang Prajurit Angkatan Bersenjata Republik Indonesia dinyatakan tidak berlaku pada saat undang-undang ini mulai berlaku.",
        "Question": "Apakah Pasal 77 berlaku secara otomatis setelah undang-undang ini diundangkan?",
        "Answer": "Pasal 77 berlaku otomatis setelah undang-undang ini diundangkan, yang menyatakan bahwa Undang-Undang Nomor 2 Tahun 1988 tidak berlaku lagi."
    },
    {
        "Context": "Pasal 77 menyatakan bahwa Undang-Undang Nomor 2 Tahun 1988 tentang Prajurit Angkatan Bersenjata Republik Indonesia dinyatakan tidak berlaku pada saat undang-undang ini mulai berlaku.",
        "Question": "Apakah Pasal 77 menghapuskan peraturan-peraturan terkait prajurit angkatan bersenjata?",
        "Answer": "Pasal 77 tidak menghapuskan peraturan terkait prajurit angkatan bersenjata secara langsung, tetapi menyatakan bahwa peraturan tersebut tidak berlaku setelah undang-undang ini diberlakukan."
    },
    {
        "Context": "Pasal 77 menyatakan bahwa Undang-Undang Nomor 2 Tahun 1988 tentang Prajurit Angkatan Bersenjata Republik Indonesia dinyatakan tidak berlaku pada saat undang-undang ini mulai berlaku.",
        "Question": "Apakah Pasal 77 memberi ruang untuk peraturan baru setelah pembatalan Undang-Undang Nomor 2 Tahun 1988?",
        "Answer": "Pasal 77 memberi ruang untuk peraturan baru yang menggantikan Undang-Undang Nomor 2 Tahun 1988, sesuai dengan ketentuan dalam undang-undang baru."
    },
    {
        "Context": "Pasal 77 menyatakan bahwa Undang-Undang Nomor 2 Tahun 1988 tentang Prajurit Angkatan Bersenjata Republik Indonesia dinyatakan tidak berlaku pada saat undang-undang ini mulai berlaku.",
        "Question": "Apa yang terjadi pada status hukum prajurit setelah pembatalan Undang-Undang Nomor 2 Tahun 1988 menurut Pasal 77?",
        "Answer": "Pasal 77 menghapuskan ketentuan hukum dalam Undang-Undang Nomor 2 Tahun 1988 dan menggantinya dengan ketentuan yang lebih baru dan lebih relevan dalam undang-undang ini."
    },
    {
        "Context": "Pasal 77 menyatakan bahwa Undang-Undang Nomor 2 Tahun 1988 tentang Prajurit Angkatan Bersenjata Republik Indonesia dinyatakan tidak berlaku pada saat undang-undang ini mulai berlaku.",
        "Question": "Bagaimana peraturan baru menggantikan Undang-Undang Nomor 2 Tahun 1988 setelah berlaku undang-undang ini?",
        "Answer": "Dengan diberlakukannya undang-undang ini, status hukum prajurit yang diatur dalam Undang-Undang Nomor 2 Tahun 1988 akan digantikan dengan ketentuan yang diatur dalam undang-undang baru."
    },
    {
        "Context": "Pasal 77 menyatakan bahwa Undang-Undang Nomor 2 Tahun 1988 tentang Prajurit Angkatan Bersenjata Republik Indonesia dinyatakan tidak berlaku pada saat undang-undang ini mulai berlaku.",
        "Question": "Apa akibatnya jika Undang-Undang Nomor 2 Tahun 1988 masih digunakan setelah undang-undang ini berlaku?",
        "Answer": "Undang-Undang Nomor 2 Tahun 1988 digantikan dengan undang-undang baru ini, yang mengatur seluruh aspek yang terkait dengan prajurit angkatan bersenjata."
    },
    {
        "Context": "Pasal 77 menyatakan bahwa Undang-Undang Nomor 2 Tahun 1988 tentang Prajurit Angkatan Bersenjata Republik Indonesia dinyatakan tidak berlaku pada saat undang-undang ini mulai berlaku.",
        "Question": "Apakah Pasal 77 berlaku untuk semua aspek dalam Undang-Undang Nomor 2 Tahun 1988?",
        "Answer": "Jika Undang-Undang Nomor 2 Tahun 1988 masih digunakan setelah undang-undang ini berlaku, maka hal tersebut akan menyebabkan ketidaksesuaian hukum dengan undang-undang yang baru."
    },
    {
        "Context": "Pasal 77 menyatakan bahwa Undang-Undang Nomor 2 Tahun 1988 tentang Prajurit Angkatan Bersenjata Republik Indonesia dinyatakan tidak berlaku pada saat undang-undang ini mulai berlaku.",
        "Question": "Apa peran Pasal 77 dalam sistem hukum terkait prajurit setelah undang-undang baru diberlakukan?",
        "Answer": "Pasal 77 berlaku untuk seluruh aspek dalam Undang-Undang Nomor 2 Tahun 1988 yang mengatur prajurit TNI, yang akan digantikan dengan ketentuan dalam undang-undang ini."
    },
    {
        "Context": "Pasal 77 menyatakan bahwa Undang-Undang Nomor 2 Tahun 1988 tentang Prajurit Angkatan Bersenjata Republik Indonesia dinyatakan tidak berlaku pada saat undang-undang ini mulai berlaku.",
        "Question": "Apa akibat dari tidak dihapusnya Undang-Undang Nomor 2 Tahun 1988 setelah undang-undang ini berlaku?",
        "Answer": "Pasal 77 berperan dalam memastikan perubahan hukum terkait prajurit TNI dengan menetapkan bahwa Undang-Undang Nomor 2 Tahun 1988 tidak berlaku lagi."
    },
    {
        "Context": "Pasal 77 menyatakan bahwa Undang-Undang Nomor 2 Tahun 1988 tentang Prajurit Angkatan Bersenjata Republik Indonesia dinyatakan tidak berlaku pada saat undang-undang ini mulai berlaku.",
        "Question": "Apa yang dimaksud dengan 'tidak berlaku' dalam konteks undang-undang sebelumnya?",
        "Answer": "Tidak berlaku lagi Undang-Undang Nomor 2 Tahun 1988 berarti peraturan tersebut tidak digunakan lagi, dan peraturan baru yang sesuai dengan ketentuan undang-undang ini akan menggantikannya."
    },
    {
        "Context": "Pasal 77 menyatakan bahwa Undang-Undang Nomor 2 Tahun 1988 tentang Prajurit Angkatan Bersenjata Republik Indonesia dinyatakan tidak berlaku pada saat undang-undang ini mulai berlaku.",
        "Question": "Bagaimana Pasal 77 berhubungan dengan perubahan hukum dalam prajurit angkatan bersenjata?",
        "Answer": "Pasal 77 mempengaruhi pelaksanaan hukum dalam TNI karena mengatur perubahan ketentuan yang berlaku bagi prajurit setelah undang-undang baru ini diberlakukan."
    }
]