[
    {
        "Context": "Pasal 62 mengatur tentang pemberhentian prajurit dengan tidak hormat karena tabiat dan/atau perbuatan yang dapat merugikan disiplin keprajuritan.",
        "Question": "Apa isi Pasal 62?",
        "Answer": "Pasal 62 mengatur tentang pemberhentian prajurit dengan tidak hormat karena mempunyai tabiat dan/atau perbuatan yang nyata-nyata dapat merugikan disiplin keprajuritan atau TNI."
    },
    {
        "Context": "Pasal 62 mengatur tentang pemberhentian prajurit dengan tidak hormat karena tabiat dan/atau perbuatan yang dapat merugikan disiplin keprajuritan.",
        "Question": "Apa isi Pasal 62 ayat 1?",
        "Answer": "Prajurit diberhentikan dengan tidak hormat karena mempunyai tabiat dan/atau perbuatan yang nyata-nyata dapat merugikan disiplin keprajuritan atau TNI."
    },
    {
        "Context": "Pasal 62 mengatur tentang pemberhentian prajurit dengan tidak hormat karena tabiat dan/atau perbuatan yang dapat merugikan disiplin keprajuritan.",
        "Question": "Apa isi Pasal 62 ayat 2?",
        "Answer": "Pemberhentian sebagaimana dimaksud pada ayat (1) terhadap perwira dilaksanakan setelah mempertimbangkan pendapat Dewan Kehormatan Perwira."
    },
    {
        "Context": "Pasal 62 mengatur tentang pemberhentian prajurit dengan tidak hormat karena tabiat dan/atau perbuatan yang dapat merugikan disiplin keprajuritan.",
        "Question": "Apa isi Pasal 62 ayat 3?",
        "Answer": "Ketentuan sebagaimana dimaksud pada ayat (1) dan ayat (2) diatur lebih lanjut dengan Peraturan Pemerintah."
    },
    {
        "Context": "Pasal 62 mengatur tentang pemberhentian prajurit dengan tidak hormat karena tabiat dan/atau perbuatan yang dapat merugikan disiplin keprajuritan.",
        "Question": "Apa yang dimaksud dengan pemberhentian dengan tidak hormat pada Pasal 62?",
        "Answer": "Pemberhentian dengan tidak hormat pada Pasal 62 berarti prajurit diberhentikan karena perbuatan atau tabiat yang dapat merugikan disiplin keprajuritan."
    },
    {
        "Context": "Pasal 62 mengatur tentang pemberhentian prajurit dengan tidak hormat karena tabiat dan/atau perbuatan yang dapat merugikan disiplin keprajuritan.",
        "Question": "Apakah pemberhentian dengan tidak hormat ini berlaku untuk semua prajurit?",
        "Answer": "Ya, pemberhentian dengan tidak hormat berlaku bagi semua prajurit yang memiliki tabiat atau perbuatan yang merugikan disiplin keprajuritan."
    },
    {
        "Context": "Pasal 62 mengatur tentang pemberhentian prajurit dengan tidak hormat karena tabiat dan/atau perbuatan yang dapat merugikan disiplin keprajuritan.",
        "Question": "Siapa yang memiliki kewenangan untuk mempertimbangkan pemberhentian perwira?",
        "Answer": "Dewan Kehormatan Perwira memiliki kewenangan untuk mempertimbangkan pemberhentian perwira sebagaimana diatur dalam ayat 2."
    },
    {
        "Context": "Pasal 62 mengatur tentang pemberhentian prajurit dengan tidak hormat karena tabiat dan/atau perbuatan yang dapat merugikan disiplin keprajuritan.",
        "Question": "Apa yang diatur lebih lanjut dalam Peraturan Pemerintah terkait Pasal 62?",
        "Answer": "Peraturan Pemerintah akan mengatur ketentuan lebih lanjut mengenai pemberhentian dengan tidak hormat seperti yang dimaksud pada ayat (1) dan ayat (2)."
    },
    {
        "Context": "Pasal 62 mengatur tentang pemberhentian prajurit dengan tidak hormat karena tabiat dan/atau perbuatan yang dapat merugikan disiplin keprajuritan.",
        "Question": "Mengapa penting adanya Dewan Kehormatan Perwira dalam Pasal 62?",
        "Answer": "Dewan Kehormatan Perwira penting untuk memberikan pendapat yang objektif sebelum keputusan pemberhentian diambil terhadap perwira."
    },
    {
        "Context": "Pasal 62 mengatur tentang pemberhentian prajurit dengan tidak hormat karena tabiat dan/atau perbuatan yang dapat merugikan disiplin keprajuritan.",
        "Question": "Bagaimana cara pemberhentian perwira yang tercantum dalam Pasal 62?",
        "Answer": "Pemberhentian perwira dilakukan setelah mempertimbangkan pendapat Dewan Kehormatan Perwira sesuai dengan ayat (2)."
    },
    {
        "Context": "Pasal 62 mengatur tentang pemberhentian prajurit dengan tidak hormat karena tabiat dan/atau perbuatan yang dapat merugikan disiplin keprajuritan.",
        "Question": "Apa saja faktor yang dapat menyebabkan pemberhentian prajurit dengan tidak hormat?",
        "Answer": "Faktor yang dapat menyebabkan pemberhentian dengan tidak hormat adalah tabiat atau perbuatan yang merugikan disiplin keprajuritan atau TNI."
    },
    {
        "Context": "Pasal 62 mengatur tentang pemberhentian prajurit dengan tidak hormat karena tabiat dan/atau perbuatan yang dapat merugikan disiplin keprajuritan.",
        "Question": "Apakah ada ketentuan lain yang mengatur pemberhentian prajurit selain Pasal 62?",
        "Answer": "Ya, Pasal 62 adalah salah satu bagian dari peraturan yang lebih besar yang mengatur pemberhentian prajurit, dengan ketentuan lebih lanjut yang diatur oleh Peraturan Pemerintah."
    },
    {
        "Context": "Pasal 62 mengatur tentang pemberhentian prajurit dengan tidak hormat karena tabiat dan/atau perbuatan yang dapat merugikan disiplin keprajuritan.",
        "Question": "Apa yang dimaksud dengan perbuatan yang merugikan disiplin keprajuritan?",
        "Answer": "Perbuatan yang merugikan disiplin keprajuritan adalah tindakan atau perilaku yang bertentangan dengan norma dan etika keprajuritan, yang dapat merusak integritas dan kehormatan TNI."
    },
    {
        "Context": "Pasal 62 mengatur tentang pemberhentian prajurit dengan tidak hormat karena tabiat dan/atau perbuatan yang dapat merugikan disiplin keprajuritan.",
        "Question": "Apakah Pasal 62 berlaku untuk prajurit yang sudah pensiun?",
        "Answer": "Pasal 62 mengatur pemberhentian dengan tidak hormat, yang umumnya berlaku bagi prajurit yang masih aktif dalam dinas keprajuritan."
    },
    {
        "Context": "Pasal 62 mengatur tentang pemberhentian prajurit dengan tidak hormat karena tabiat dan/atau perbuatan yang dapat merugikan disiplin keprajuritan.",
        "Question": "Bagaimana hubungan Pasal 62 dengan Pasal lainnya dalam undang-undang ini?",
        "Answer": "Pasal 62 berhubungan dengan ketentuan pemberhentian prajurit, yang diatur lebih lanjut dalam pasal-pasal lain yang terkait dengan pemberhentian, hak, dan kewajiban prajurit."
    },
    {
        "Context": "Pasal 62 mengatur tentang pemberhentian prajurit dengan tidak hormat karena tabiat dan/atau perbuatan yang dapat merugikan disiplin keprajuritan.",
        "Question": "Dapatkah prajurit yang diberhentikan dengan tidak hormat mengajukan banding?",
        "Answer": "Proses banding atau keberatan terhadap keputusan pemberhentian dengan tidak hormat belum dijelaskan dalam Pasal 62, namun kemungkinan diatur dalam peraturan lebih lanjut."
    },
    {
        "Context": "Pasal 62 mengatur tentang pemberhentian prajurit dengan tidak hormat karena tabiat dan/atau perbuatan yang dapat merugikan disiplin keprajuritan.",
        "Question": "Apa akibat yang diterima oleh prajurit yang diberhentikan dengan tidak hormat?",
        "Answer": "Prajurit yang diberhentikan dengan tidak hormat akan kehilangan statusnya sebagai anggota TNI dan berpotensi kehilangan hak-haknya sebagai prajurit."
    },
    {
        "Context": "Pasal 62 mengatur tentang pemberhentian prajurit dengan tidak hormat karena tabiat dan/atau perbuatan yang dapat merugikan disiplin keprajuritan.",
        "Question": "Apakah pemberhentian prajurit dengan tidak hormat ini berlaku secara langsung tanpa ada proses lainnya?",
        "Answer": "Pemberhentian prajurit dengan tidak hormat bisa memerlukan proses investigasi atau pertimbangan lebih lanjut, tergantung pada kebijakan dan peraturan yang berlaku."
    },
    {
        "Context": "Pasal 62 mengatur tentang pemberhentian prajurit dengan tidak hormat karena tabiat dan/atau perbuatan yang dapat merugikan disiplin keprajuritan.",
        "Question": "Apakah Pasal 62 berlaku untuk prajurit yang melanggar disiplin berat atau ringan?",
        "Answer": "Pasal 62 berlaku bagi prajurit yang melanggar disiplin berat atau ringan, tergantung pada tingkat keseriusan tindakan mereka terhadap disiplin keprajuritan."
    },
    {
        "Context": "Pasal 62 mengatur tentang pemberhentian prajurit dengan tidak hormat karena tabiat dan/atau perbuatan yang dapat merugikan disiplin keprajuritan.",
        "Question": "Apa peran Dewan Kehormatan Perwira dalam proses pemberhentian prajurit berdasarkan Pasal 62?",
        "Answer": "Dewan Kehormatan Perwira berperan untuk memberikan pendapat objektif dalam memutuskan apakah pemberhentian perwira tersebut sesuai dengan ketentuan Pasal 62."
    }
]