[
    {
        "Context": "Pasal 72 mengatur ketentuan bagi perwira yang sedang menjalani penahanan dalam dinas keprajuritan berdasarkan Undang-Undang Nomor 2 Tahun 1988, yang tetap berlaku ketentuan tersebut sampai masa penahanan dalam dinas keprajuritannya berakhir.",
        "Question": "Apa isi Pasal 72?",
        "Answer": "Pasal 72 mengatur bahwa bagi perwira yang sedang menjalani penahanan dalam dinas keprajuritan berdasarkan Undang-Undang Nomor 2 Tahun 1988, tetap berlaku ketentuan tersebut sampai masa penahanan berakhir."
    },
    {
        "Context": "Pasal 72 mengatur ketentuan bagi perwira yang sedang menjalani penahanan dalam dinas keprajuritan berdasarkan Undang-Undang Nomor 2 Tahun 1988, yang tetap berlaku ketentuan tersebut sampai masa penahanan dalam dinas keprajuritannya berakhir.",
        "Question": "Apa isi Pasal 72 ayat 1?",
        "Answer": "Pasal 72 ayat 1 mengatur bahwa bagi perwira yang pada tanggal undang-undang ini diundangkan sedang menjalani penahanan dalam dinas keprajuritan, tetap berlaku ketentuan tersebut sampai masa penahanan dalam dinas keprajuritannya berakhir."
    },
    {
        "Context": "Pasal 72 mengatur ketentuan bagi perwira yang sedang menjalani penahanan dalam dinas keprajuritan berdasarkan Undang-Undang Nomor 2 Tahun 1988, yang tetap berlaku ketentuan tersebut sampai masa penahanan dalam dinas keprajuritannya berakhir.",
        "Question": "Apa yang dimaksud dengan penahanan dalam dinas keprajuritan dalam Pasal 72?",
        "Answer": "Penahanan dalam dinas keprajuritan dalam Pasal 72 berarti perwira yang menjalani proses penahanan oleh karena pelanggaran hukum atau tindakan tertentu yang sedang dalam proses penyidikan atau keputusan."
    },
    {
        "Context": "Pasal 72 mengatur ketentuan bagi perwira yang sedang menjalani penahanan dalam dinas keprajuritan berdasarkan Undang-Undang Nomor 2 Tahun 1988, yang tetap berlaku ketentuan tersebut sampai masa penahanan dalam dinas keprajuritannya berakhir.",
        "Question": "Bagaimana Pasal 72 mengatur nasib perwira yang sedang menjalani penahanan?",
        "Answer": "Pasal 72 mengatur bahwa perwira yang sedang menjalani penahanan tetap diakui status dinas keprajuritannya dan berlaku ketentuan yang sama sampai masa penahanan berakhir."
    },
    {
        "Context": "Pasal 72 mengatur ketentuan bagi perwira yang sedang menjalani penahanan dalam dinas keprajuritan berdasarkan Undang-Undang Nomor 2 Tahun 1988, yang tetap berlaku ketentuan tersebut sampai masa penahanan dalam dinas keprajuritannya berakhir.",
        "Question": "Apa hubungan Pasal 72 dengan Undang-Undang Nomor 2 Tahun 1988?",
        "Answer": "Pasal 72 berhubungan dengan Undang-Undang Nomor 2 Tahun 1988 karena mengatur mengenai ketentuan tentang prajurit yang sedang menjalani penahanan dalam dinas keprajuritan berdasarkan peraturan sebelumnya."
    },
    {
        "Context": "Pasal 72 mengatur ketentuan bagi perwira yang sedang menjalani penahanan dalam dinas keprajuritan berdasarkan Undang-Undang Nomor 2 Tahun 1988, yang tetap berlaku ketentuan tersebut sampai masa penahanan dalam dinas keprajuritannya berakhir.",
        "Question": "Apakah Pasal 72 berlaku untuk prajurit selain perwira?",
        "Answer": "Pasal 72 hanya berlaku untuk perwira yang sedang menjalani penahanan, bukan untuk bintara atau tamtama, sesuai dengan ketentuan dalam undang-undang ini."
    },
    {
        "Context": "Pasal 72 mengatur ketentuan bagi perwira yang sedang menjalani penahanan dalam dinas keprajuritan berdasarkan Undang-Undang Nomor 2 Tahun 1988, yang tetap berlaku ketentuan tersebut sampai masa penahanan dalam dinas keprajuritannya berakhir.",
        "Question": "Apa yang terjadi pada perwira yang sedang menjalani penahanan pada saat undang-undang ini berlaku?",
        "Answer": "Perwira yang sedang menjalani penahanan pada saat undang-undang ini berlaku akan tetap berada dalam status dinas keprajuritan sampai masa penahanannya berakhir, sesuai dengan Pasal 72."
    },
    {
        "Context": "Pasal 72 mengatur ketentuan bagi perwira yang sedang menjalani penahanan dalam dinas keprajuritan berdasarkan Undang-Undang Nomor 2 Tahun 1988, yang tetap berlaku ketentuan tersebut sampai masa penahanan dalam dinas keprajuritannya berakhir.",
        "Question": "Apakah Pasal 72 memberikan pengecualian terkait pensiun bagi perwira yang sedang ditahan?",
        "Answer": "Pasal 72 memberikan pengecualian bagi perwira yang sedang dalam penahanan dengan tetap memperhitungkan masa dinas keprajuritan mereka meskipun sedang menjalani penahanan."
    },
    {
        "Context": "Pasal 72 mengatur ketentuan bagi perwira yang sedang menjalani penahanan dalam dinas keprajuritan berdasarkan Undang-Undang Nomor 2 Tahun 1988, yang tetap berlaku ketentuan tersebut sampai masa penahanan dalam dinas keprajuritannya berakhir.",
        "Question": "Bagaimana perwira yang sedang menjalani penahanan diperlakukan berdasarkan Pasal 72?",
        "Answer": "Perwira yang sedang menjalani penahanan dalam Pasal 72 akan tetap memiliki status dinas keprajuritan hingga masa penahanannya berakhir, sesuai ketentuan dalam Pasal 72."
    },
    {
        "Context": "Pasal 72 mengatur ketentuan bagi perwira yang sedang menjalani penahanan dalam dinas keprajuritan berdasarkan Undang-Undang Nomor 2 Tahun 1988, yang tetap berlaku ketentuan tersebut sampai masa penahanan dalam dinas keprajuritannya berakhir.",
        "Question": "Apakah ada pembatasan usia atau masa dinas terkait Pasal 72?",
        "Answer": "Pasal 72 tidak memberikan pembatasan usia atau masa dinas terkait dengan penahanan dalam dinas keprajuritan, kecuali setelah masa penahanan berakhir."
    },
    {
        "Context": "Pasal 72 mengatur ketentuan bagi perwira yang sedang menjalani penahanan dalam dinas keprajuritan berdasarkan Undang-Undang Nomor 2 Tahun 1988, yang tetap berlaku ketentuan tersebut sampai masa penahanan dalam dinas keprajuritannya berakhir.",
        "Question": "Apakah Pasal 72 berhubungan dengan peraturan lainnya di UU No. 34 Tahun 2004?",
        "Answer": "Pasal 72 berhubungan dengan peraturan lainnya yang mengatur status dan hak-hak prajurit selama masa dinas, serta hak pensiun setelah menjalani masa dinas."
    },
    {
        "Context": "Pasal 72 mengatur ketentuan bagi perwira yang sedang menjalani penahanan dalam dinas keprajuritan berdasarkan Undang-Undang Nomor 2 Tahun 1988, yang tetap berlaku ketentuan tersebut sampai masa penahanan dalam dinas keprajuritannya berakhir.",
        "Question": "Apa yang dimaksud dengan ketentuan dalam Pasal 72?",
        "Answer": "Ketentuan dalam Pasal 72 berlaku bagi perwira yang menjalani penahanan dalam dinas keprajuritan, dan tetap berpegang pada peraturan yang ada sampai masa penahanannya selesai."
    },
    {
        "Context": "Pasal 72 mengatur ketentuan bagi perwira yang sedang menjalani penahanan dalam dinas keprajuritan berdasarkan Undang-Undang Nomor 2 Tahun 1988, yang tetap berlaku ketentuan tersebut sampai masa penahanan dalam dinas keprajuritannya berakhir.",
        "Question": "Bagaimana proses hukum terhadap perwira yang masih menjalani dinas keprajuritan pada saat undang-undang ini berlaku?",
        "Answer": "Pasal 72 mengatur bahwa perwira yang sedang menjalani penahanan tetap menjalankan tugas sebagai prajurit selama masa penahanannya dan memenuhi ketentuan yang berlaku."
    },
    {
        "Context": "Pasal 72 mengatur ketentuan bagi perwira yang sedang menjalani penahanan dalam dinas keprajuritan berdasarkan Undang-Undang Nomor 2 Tahun 1988, yang tetap berlaku ketentuan tersebut sampai masa penahanan dalam dinas keprajuritannya berakhir.",
        "Question": "Apakah Pasal 72 berlaku jika penahanan dalam dinas keprajuritan sudah berakhir?",
        "Answer": "Jika penahanan dalam dinas keprajuritan sudah berakhir, maka perwira akan menjalani proses normal dalam dinas, dan ketentuan Pasal 72 tidak lagi berlaku."
    },
    {
        "Context": "Pasal 72 mengatur ketentuan bagi perwira yang sedang menjalani penahanan dalam dinas keprajuritan berdasarkan Undang-Undang Nomor 2 Tahun 1988, yang tetap berlaku ketentuan tersebut sampai masa penahanan dalam dinas keprajuritannya berakhir.",
        "Question": "Apakah Pasal 72 mengatur tentang penahanan dalam konteks kedinasan?",
        "Answer": "Pasal 72 tidak mengatur secara rinci tentang penahanan dalam konteks kedinasan, tetapi lebih kepada bagaimana status prajurit dipertahankan meskipun ada penahanan."
    },
    {
        "Context": "Pasal 72 mengatur ketentuan bagi perwira yang sedang menjalani penahanan dalam dinas keprajuritan berdasarkan Undang-Undang Nomor 2 Tahun 1988, yang tetap berlaku ketentuan tersebut sampai masa penahanan dalam dinas keprajuritannya berakhir.",
        "Question": "Apa akibatnya jika ketentuan Pasal 72 tidak diikuti?",
        "Answer": "Jika ketentuan Pasal 72 tidak diikuti, maka prajurit yang sedang menjalani penahanan bisa kehilangan statusnya sebagai prajurit aktif sampai keputusan lebih lanjut dikeluarkan."
    },
    {
        "Context": "Pasal 72 mengatur ketentuan bagi perwira yang sedang menjalani penahanan dalam dinas keprajuritan berdasarkan Undang-Undang Nomor 2 Tahun 1988, yang tetap berlaku ketentuan tersebut sampai masa penahanan dalam dinas keprajuritannya berakhir.",
        "Question": "Apakah Pasal 72 memberikan ruang untuk perwira yang menjalani penahanan untuk melanjutkan tugasnya?",
        "Answer": "Pasal 72 memberikan ruang bagi perwira yang menjalani penahanan untuk melanjutkan tugas keprajuritan mereka sampai masa penahanan berakhir."
    },
    {
        "Context": "Pasal 72 mengatur ketentuan bagi perwira yang sedang menjalani penahanan dalam dinas keprajuritan berdasarkan Undang-Undang Nomor 2 Tahun 1988, yang tetap berlaku ketentuan tersebut sampai masa penahanan dalam dinas keprajuritannya berakhir.",
        "Question": "Bagaimana Pasal 72 mengatur mengenai status prajurit yang dalam masa penahanan?",
        "Answer": "Pasal 72 mengatur status prajurit dalam pelaksanaan tugas mereka dengan tetap mempertahankan hak-hak mereka selama dalam penahanan sampai keputusan lebih lanjut dibuat."
    },
    {
        "Context": "Pasal 72 mengatur ketentuan bagi perwira yang sedang menjalani penahanan dalam dinas keprajuritan berdasarkan Undang-Undang Nomor 2 Tahun 1988, yang tetap berlaku ketentuan tersebut sampai masa penahanan dalam dinas keprajuritannya berakhir.",
        "Question": "Apa yang terjadi setelah masa penahanan perwira berakhir menurut Pasal 72?",
        "Answer": "Setelah masa penahanan berakhir, perwira akan kembali menjalani dinas sesuai dengan ketentuan yang berlaku, termasuk menentukan apakah mereka masih memenuhi syarat untuk bertugas."
    },
    {
        "Context": "Pasal 72 mengatur ketentuan bagi perwira yang sedang menjalani penahanan dalam dinas keprajuritan berdasarkan Undang-Undang Nomor 2 Tahun 1988, yang tetap berlaku ketentuan tersebut sampai masa penahanan dalam dinas keprajuritannya berakhir.",
        "Question": "Apakah Pasal 72 mengatur tentang hak-hak perwira yang sedang dalam penahanan?",
        "Answer": "Pasal 72 memberikan hak bagi perwira yang sedang dalam penahanan untuk tetap melanjutkan tugas mereka sampai masa penahanan berakhir, tanpa kehilangan status sebagai prajurit."
    },
    {
        "Context": "Pasal 72 mengatur ketentuan bagi perwira yang sedang menjalani penahanan dalam dinas keprajuritan berdasarkan Undang-Undang Nomor 2 Tahun 1988, yang tetap berlaku ketentuan tersebut sampai masa penahanan dalam dinas keprajuritannya berakhir.",
        "Question": "Apa dampak Pasal 72 terhadap pensiun perwira yang sedang menjalani penahanan?",
        "Answer": "Pasal 72 hanya berlaku bagi prajurit yang sudah menjalani penahanan sebelum undang-undang ini diundangkan, dengan ketentuan tersebut tetap berlaku sampai masa penahanan berakhir."
    },
    {
        "Context": "Pasal 72 mengatur ketentuan bagi perwira yang sedang menjalani penahanan dalam dinas keprajuritan berdasarkan Undang-Undang Nomor 2 Tahun 1988, yang tetap berlaku ketentuan tersebut sampai masa penahanan dalam dinas keprajuritannya berakhir.",
        "Question": "Apakah Pasal 72 hanya berlaku untuk prajurit yang sudah menjalani penahanan sebelum UU ini diundangkan?",
        "Answer": "Pasal 72 mengatur status prajurit yang sedang dalam penahanan dalam kaitannya dengan tugas mereka, memastikan bahwa mereka tetap dapat bertugas sampai keputusan akhir diterima."
    },
    {
        "Context": "Pasal 72 mengatur ketentuan bagi perwira yang sedang menjalani penahanan dalam dinas keprajuritan berdasarkan Undang-Undang Nomor 2 Tahun 1988, yang tetap berlaku ketentuan tersebut sampai masa penahanan dalam dinas keprajuritannya berakhir.",
        "Question": "Bagaimana Pasal 72 terkait dengan status prajurit dalam pelaksanaan tugasnya?",
        "Answer": "Pasal 72 mengatur ketentuan yang berlaku bagi perwira yang menjalani penahanan dalam dinas keprajuritan, memberikan ketentuan khusus hingga masa penahanan berakhir."
    }
]