[
    {
        "Context": "Pasal 70 mengatur tentang hubungan dan kerja sama TNI dengan lembaga, badan, serta instansi di dalam negeri dan luar negeri yang didasarkan atas kepentingan pelaksanaan tugas TNI dalam kerangka pertahanan negara.",
        "Question": "Apa isi Pasal 70?",
        "Answer": "Pasal 70 mengatur tentang hubungan dan kerja sama TNI dengan lembaga, badan, serta instansi di dalam negeri dan luar negeri yang didasarkan atas kepentingan pelaksanaan tugas TNI dalam kerangka pertahanan negara."
    },
    {
        "Context": "Pasal 70 mengatur tentang hubungan dan kerja sama TNI dengan lembaga, badan, serta instansi di dalam negeri dan luar negeri yang didasarkan atas kepentingan pelaksanaan tugas TNI dalam kerangka pertahanan negara.",
        "Question": "Apa isi Pasal 70 ayat 1?",
        "Answer": "Hubungan dan kerja sama TNI dengan lembaga, badan, serta instansi di dalam negeri didasarkan atas kepentingan pelaksanaan tugas TNI dalam kerangka pertahanan negara."
    },
    {
        "Context": "Pasal 70 mengatur tentang hubungan dan kerja sama TNI dengan lembaga, badan, serta instansi di dalam negeri dan luar negeri yang didasarkan atas kepentingan pelaksanaan tugas TNI dalam kerangka pertahanan negara.",
        "Question": "Apa isi Pasal 70 ayat 2?",
        "Answer": "Hubungan dan kerja sama luar negeri dilakukan dalam rangka tugas operasional, kerja sama teknik, serta pendidikan dan latihan."
    },
    {
        "Context": "Pasal 70 mengatur tentang hubungan dan kerja sama TNI dengan lembaga, badan, serta instansi di dalam negeri dan luar negeri yang didasarkan atas kepentingan pelaksanaan tugas TNI dalam kerangka pertahanan negara.",
        "Question": "Apa isi Pasal 70 ayat 3?",
        "Answer": "Hubungan dan kerja sama dalam dan luar negeri sebagaimana dimaksud pada ayat (1) dan ayat (2) dilaksanakan berdasarkan kebijakan pemerintah di bidang pertahanan negara."
    },
    {
        "Context": "Pasal 70 mengatur tentang hubungan dan kerja sama TNI dengan lembaga, badan, serta instansi di dalam negeri dan luar negeri yang didasarkan atas kepentingan pelaksanaan tugas TNI dalam kerangka pertahanan negara.",
        "Question": "Apa yang dimaksud dengan hubungan dan kerja sama TNI dalam Pasal 70?",
        "Answer": "Hubungan dan kerja sama TNI dalam Pasal 70 berarti kegiatan yang dilakukan oleh TNI untuk bekerjasama dengan lembaga, badan, dan instansi baik di dalam negeri maupun luar negeri guna mendukung pelaksanaan tugas pertahanan negara."
    },
    {
        "Context": "Pasal 70 mengatur tentang hubungan dan kerja sama TNI dengan lembaga, badan, serta instansi di dalam negeri dan luar negeri yang didasarkan atas kepentingan pelaksanaan tugas TNI dalam kerangka pertahanan negara.",
        "Question": "Apa yang dimaksud dengan hubungan dan kerja sama dalam negeri dalam Pasal 70?",
        "Answer": "Hubungan dan kerja sama dalam negeri dalam Pasal 70 berarti kerjasama antara TNI dengan lembaga dan instansi pemerintah atau non-pemerintah di dalam negeri yang mendukung pelaksanaan tugas TNI."
    },
    {
        "Context": "Pasal 70 mengatur tentang hubungan dan kerja sama TNI dengan lembaga, badan, serta instansi di dalam negeri dan luar negeri yang didasarkan atas kepentingan pelaksanaan tugas TNI dalam kerangka pertahanan negara.",
        "Question": "Apa yang dimaksud dengan hubungan dan kerja sama luar negeri dalam Pasal 70?",
        "Answer": "Hubungan dan kerja sama luar negeri dalam Pasal 70 merujuk pada kerjasama yang dilakukan oleh TNI dengan lembaga atau negara lain untuk tujuan pertahanan negara, termasuk kerja sama operasional, teknik, dan pendidikan."
    },
    {
        "Context": "Pasal 70 mengatur tentang hubungan dan kerja sama TNI dengan lembaga, badan, serta instansi di dalam negeri dan luar negeri yang didasarkan atas kepentingan pelaksanaan tugas TNI dalam kerangka pertahanan negara.",
        "Question": "Bagaimana hubungan TNI dengan lembaga dan instansi di dalam negeri diatur dalam Pasal 70?",
        "Answer": "Pasal 70 mengatur hubungan TNI dengan lembaga dan instansi di dalam negeri untuk mendukung pelaksanaan tugas pertahanan negara yang sesuai dengan kebijakan pemerintah."
    },
    {
        "Context": "Pasal 70 mengatur tentang hubungan dan kerja sama TNI dengan lembaga, badan, serta instansi di dalam negeri dan luar negeri yang didasarkan atas kepentingan pelaksanaan tugas TNI dalam kerangka pertahanan negara.",
        "Question": "Apa dasar dari hubungan dan kerja sama TNI dengan lembaga dalam negeri?",
        "Answer": "Dasar dari hubungan dan kerja sama TNI dengan lembaga dalam negeri adalah untuk mendukung kepentingan pelaksanaan tugas TNI dalam rangka pertahanan negara."
    },
    {
        "Context": "Pasal 70 mengatur tentang hubungan dan kerja sama TNI dengan lembaga, badan, serta instansi di dalam negeri dan luar negeri yang didasarkan atas kepentingan pelaksanaan tugas TNI dalam kerangka pertahanan negara.",
        "Question": "Apa tujuan dari hubungan dan kerja sama TNI dengan lembaga dan badan di dalam negeri?",
        "Answer": "Tujuan dari hubungan dan kerja sama TNI dengan lembaga dan badan di dalam negeri adalah untuk memperkuat kemampuan TNI dalam pelaksanaan tugas negara di bidang pertahanan."
    },
    {
        "Context": "Pasal 70 mengatur tentang hubungan dan kerja sama TNI dengan lembaga, badan, serta instansi di dalam negeri dan luar negeri yang didasarkan atas kepentingan pelaksanaan tugas TNI dalam kerangka pertahanan negara.",
        "Question": "Bagaimana TNI berhubungan dengan badan atau lembaga luar negeri menurut Pasal 70?",
        "Answer": "Pasal 70 mengatur hubungan TNI dengan badan atau lembaga luar negeri dalam rangka melaksanakan tugas operasional, kerja sama teknik, serta pendidikan dan pelatihan sesuai kebijakan pemerintah."
    },
    {
        "Context": "Pasal 70 mengatur tentang hubungan dan kerja sama TNI dengan lembaga, badan, serta instansi di dalam negeri dan luar negeri yang didasarkan atas kepentingan pelaksanaan tugas TNI dalam kerangka pertahanan negara.",
        "Question": "Apa yang diatur dalam Pasal 70 terkait dengan tugas operasional TNI?",
        "Answer": "Pasal 70 mengatur bahwa tugas operasional TNI yang membutuhkan kerjasama dengan pihak luar negeri akan dilaksanakan dengan memenuhi kebijakan yang ditetapkan pemerintah."
    },
    {
        "Context": "Pasal 70 mengatur tentang hubungan dan kerja sama TNI dengan lembaga, badan, serta instansi di dalam negeri dan luar negeri yang didasarkan atas kepentingan pelaksanaan tugas TNI dalam kerangka pertahanan negara.",
        "Question": "Bagaimana pendidikan dan latihan terkait dengan kerja sama luar negeri diatur dalam Pasal 70?",
        "Answer": "Pendidikan dan latihan terkait dengan kerja sama luar negeri diatur dalam Pasal 70, yang mencakup kerja sama dengan negara lain dalam rangka memperkuat kemampuan TNI dalam operasional pertahanan."
    },
    {
        "Context": "Pasal 70 mengatur tentang hubungan dan kerja sama TNI dengan lembaga, badan, serta instansi di dalam negeri dan luar negeri yang didasarkan atas kepentingan pelaksanaan tugas TNI dalam kerangka pertahanan negara.",
        "Question": "Apa kebijakan pemerintah yang dimaksud dalam Pasal 70 untuk hubungan TNI?",
        "Answer": "Kebijakan pemerintah yang dimaksud dalam Pasal 70 untuk hubungan TNI adalah kebijakan yang mengarahkan pelaksanaan tugas pertahanan negara dengan melibatkan kerja sama dalam dan luar negeri."
    },
    {
        "Context": "Pasal 70 mengatur tentang hubungan dan kerja sama TNI dengan lembaga, badan, serta instansi di dalam negeri dan luar negeri yang didasarkan atas kepentingan pelaksanaan tugas TNI dalam kerangka pertahanan negara.",
        "Question": "Apa tujuan dari kerja sama teknik yang dilakukan oleh TNI dengan luar negeri?",
        "Answer": "Tujuan dari kerja sama teknik yang dilakukan oleh TNI dengan luar negeri adalah untuk meningkatkan kemampuan teknis TNI melalui transfer pengetahuan dan teknologi yang relevan dengan pertahanan negara."
    },
    {
        "Context": "Pasal 70 mengatur tentang hubungan dan kerja sama TNI dengan lembaga, badan, serta instansi di dalam negeri dan luar negeri yang didasarkan atas kepentingan pelaksanaan tugas TNI dalam kerangka pertahanan negara.",
        "Question": "Apa yang dimaksud dengan kerjasama operasional TNI dalam Pasal 70?",
        "Answer": "Kerja sama operasional TNI dalam Pasal 70 merujuk pada kerjasama yang dilakukan oleh TNI dengan negara lain untuk mendukung misi operasional yang terkait dengan pertahanan dan keamanan."
    },
    {
        "Context": "Pasal 70 mengatur tentang hubungan dan kerja sama TNI dengan lembaga, badan, serta instansi di dalam negeri dan luar negeri yang didasarkan atas kepentingan pelaksanaan tugas TNI dalam kerangka pertahanan negara.",
        "Question": "Bagaimana Pasal 70 mengatur kerja sama TNI dengan instansi dalam negeri?",
        "Answer": "Pasal 70 mengatur hubungan kerja sama TNI dengan instansi dalam negeri dengan tujuan untuk memperkuat kapasitas operasional TNI dalam melaksanakan tugas pertahanan."
    },
    {
        "Context": "Pasal 70 mengatur tentang hubungan dan kerja sama TNI dengan lembaga, badan, serta instansi di dalam negeri dan luar negeri yang didasarkan atas kepentingan pelaksanaan tugas TNI dalam kerangka pertahanan negara.",
        "Question": "Bagaimana Pasal 70 mengatur pelaksanaan kerja sama TNI di luar negeri?",
        "Answer": "Pasal 70 mengatur pelaksanaan kerja sama TNI di luar negeri dengan mengikuti kebijakan pemerintah yang berkaitan dengan pertahanan negara dan kerja sama internasional."
    },
    {
        "Context": "Pasal 70 mengatur tentang hubungan dan kerja sama TNI dengan lembaga, badan, serta instansi di dalam negeri dan luar negeri yang didasarkan atas kepentingan pelaksanaan tugas TNI dalam kerangka pertahanan negara.",
        "Question": "Apakah Pasal 70 mengatur hubungan TNI dengan lembaga sipil?",
        "Answer": "Pasal 70 tidak secara langsung mengatur tentang hubungan TNI dengan lembaga sipil, namun kerjasama ini dilakukan dalam kerangka pertahanan negara dan harus sesuai dengan kebijakan yang berlaku."
    },
    {
        "Context": "Pasal 70 mengatur tentang hubungan dan kerja sama TNI dengan lembaga, badan, serta instansi di dalam negeri dan luar negeri yang didasarkan atas kepentingan pelaksanaan tugas TNI dalam kerangka pertahanan negara.",
        "Question": "Apa saja yang termasuk dalam kerja sama TNI dengan luar negeri menurut Pasal 70?",
        "Answer": "Kerja sama TNI dengan luar negeri menurut Pasal 70 mencakup kerja sama operasional, teknik, serta pendidikan dan pelatihan yang mendukung tugas pertahanan negara."
    },
    {
        "Context": "Pasal 70 mengatur tentang hubungan dan kerja sama TNI dengan lembaga, badan, serta instansi di dalam negeri dan luar negeri yang didasarkan atas kepentingan pelaksanaan tugas TNI dalam kerangka pertahanan negara.",
        "Question": "Apa akibat jika hubungan kerja sama TNI tidak sesuai dengan kebijakan pemerintah?",
        "Answer": "Jika hubungan kerja sama TNI tidak sesuai dengan kebijakan pemerintah, maka kerjasama tersebut dapat dibatalkan atau tidak dilanjutkan, sesuai dengan kebijakan pertahanan negara yang berlaku."
    },
    {
        "Context": "Pasal 70 mengatur tentang hubungan dan kerja sama TNI dengan lembaga, badan, serta instansi di dalam negeri dan luar negeri yang didasarkan atas kepentingan pelaksanaan tugas TNI dalam kerangka pertahanan negara.",
        "Question": "Bagaimana pelaksanaan kerja sama internasional diatur menurut Pasal 70?",
        "Answer": "Pelaksanaan kerja sama internasional diatur dalam Pasal 70 dengan memastikan bahwa setiap hubungan dengan negara asing dilakukan untuk mendukung tugas pertahanan negara, sesuai dengan kebijakan pemerintah."
    },
    {
        "Context": "Pasal 70 mengatur tentang hubungan dan kerja sama TNI dengan lembaga, badan, serta instansi di dalam negeri dan luar negeri yang didasarkan atas kepentingan pelaksanaan tugas TNI dalam kerangka pertahanan negara.",
        "Question": "Apakah Pasal 70 mengatur tentang kewajiban TNI dalam kerja sama luar negeri?",
        "Answer": "Pasal 70 mengatur kewajiban TNI untuk melaksanakan kerja sama dengan negara lain dalam bidang operasional, teknik, dan pendidikan yang mendukung tugas pertahanan negara."
    }
]