[
    {
        "Context": "Pasal 59 mengatur pemberhentian prajurit berpangkat kolonel dan perwira tinggi dari dinas keprajuritan. Pasal ini menyatakan bahwa pemberhentian prajurit berpangkat kolonel dan perwira tinggi harus dilakukan dengan Keputusan Presiden, sementara pemberhentian prajurit lainnya dilakukan dengan keputusan Panglima.",
        "Question": "Apa yang diatur dalam Pasal 59 tentang pemberhentian prajurit?",
        "Answer": "Pasal 59 mengatur bahwa prajurit berpangkat kolonel dan perwira tinggi diberhentikan dari dinas keprajuritan dengan Keputusan Presiden, sementara prajurit lainnya diberhentikan dengan keputusan Panglima."
    },
    {
        "Context": "Pasal 59 mengatur pemberhentian prajurit berpangkat kolonel dan perwira tinggi dari dinas keprajuritan. Pasal ini menyatakan bahwa pemberhentian prajurit berpangkat kolonel dan perwira tinggi harus dilakukan dengan Keputusan Presiden, sementara pemberhentian prajurit lainnya dilakukan dengan keputusan Panglima.",
        "Question": "Siapa yang dapat memberhentikan prajurit berpangkat kolonel dan perwira tinggi?",
        "Answer": "Prajurit berpangkat kolonel dan perwira tinggi dapat diberhentikan oleh Presiden melalui Keputusan Presiden."
    },
    {
        "Context": "Pasal 59 mengatur pemberhentian prajurit berpangkat kolonel dan perwira tinggi dari dinas keprajuritan. Pasal ini menyatakan bahwa pemberhentian prajurit berpangkat kolonel dan perwira tinggi harus dilakukan dengan Keputusan Presiden, sementara pemberhentian prajurit lainnya dilakukan dengan keputusan Panglima.",
        "Question": "Apa perbedaan pemberhentian prajurit kolonel dan perwira tinggi dengan prajurit lainnya?",
        "Answer": "Perbedaan pemberhentian prajurit kolonel dan perwira tinggi dengan prajurit lainnya terletak pada kewenangan pengambilan keputusan, di mana prajurit kolonel dan perwira tinggi membutuhkan Keputusan Presiden, sementara prajurit lainnya ditetapkan oleh Panglima."
    },
    {
        "Context": "Pasal 59 mengatur pemberhentian prajurit berpangkat kolonel dan perwira tinggi dari dinas keprajuritan. Pasal ini menyatakan bahwa pemberhentian prajurit berpangkat kolonel dan perwira tinggi harus dilakukan dengan Keputusan Presiden, sementara pemberhentian prajurit lainnya dilakukan dengan keputusan Panglima.",
        "Question": "Bagaimana cara pemberhentian prajurit berpangkat kolonel dan perwira tinggi?",
        "Answer": "Pemberhentian prajurit berpangkat kolonel dan perwira tinggi dilakukan melalui Keputusan Presiden, yang menjadi keputusan final untuk menghentikan tugas mereka."
    },
    {
        "Context": "Pasal 59 mengatur pemberhentian prajurit berpangkat kolonel dan perwira tinggi dari dinas keprajuritan. Pasal ini menyatakan bahwa pemberhentian prajurit berpangkat kolonel dan perwira tinggi harus dilakukan dengan Keputusan Presiden, sementara pemberhentian prajurit lainnya dilakukan dengan keputusan Panglima.",
        "Question": "Apa yang dimaksud dengan pemberhentian prajurit dengan Keputusan Presiden?",
        "Answer": "Pemberhentian prajurit dengan Keputusan Presiden berarti bahwa Presiden memiliki kewenangan penuh untuk memutuskan pemberhentian prajurit berpangkat kolonel dan perwira tinggi dalam dinas keprajuritan."
    },
    {
        "Context": "Pasal 59 mengatur pemberhentian prajurit berpangkat kolonel dan perwira tinggi dari dinas keprajuritan. Pasal ini menyatakan bahwa pemberhentian prajurit berpangkat kolonel dan perwira tinggi harus dilakukan dengan Keputusan Presiden, sementara pemberhentian prajurit lainnya dilakukan dengan keputusan Panglima.",
        "Question": "Apa yang dimaksud dengan pemberhentian prajurit dengan keputusan Panglima?",
        "Answer": "Pemberhentian prajurit dengan keputusan Panglima berarti bahwa Panglima TNI memiliki kewenangan untuk memberhentikan prajurit selain kolonel dan perwira tinggi, yang diatur dalam ketentuan tertentu."
    },
    {
        "Context": "Pasal 59 mengatur pemberhentian prajurit berpangkat kolonel dan perwira tinggi dari dinas keprajuritan. Pasal ini menyatakan bahwa pemberhentian prajurit berpangkat kolonel dan perwira tinggi harus dilakukan dengan Keputusan Presiden, sementara pemberhentian prajurit lainnya dilakukan dengan keputusan Panglima.",
        "Question": "Apakah semua pemberhentian prajurit dilakukan oleh Panglima?",
        "Answer": "Tidak semua pemberhentian prajurit dilakukan oleh Panglima. Pemberhentian prajurit berpangkat kolonel dan perwira tinggi membutuhkan Keputusan Presiden, sementara prajurit lainnya oleh Panglima."
    },
    {
        "Context": "Pasal 59 mengatur pemberhentian prajurit berpangkat kolonel dan perwira tinggi dari dinas keprajuritan. Pasal ini menyatakan bahwa pemberhentian prajurit berpangkat kolonel dan perwira tinggi harus dilakukan dengan Keputusan Presiden, sementara pemberhentian prajurit lainnya dilakukan dengan keputusan Panglima.",
        "Question": "Apakah pemberhentian prajurit berpangkat kolonel dapat dilakukan tanpa Keputusan Presiden?",
        "Answer": "Tidak, pemberhentian prajurit berpangkat kolonel harus dilakukan dengan Keputusan Presiden, sesuai dengan ketentuan yang diatur dalam Pasal 59."
    },
    {
        "Context": "Pasal 59 mengatur pemberhentian prajurit berpangkat kolonel dan perwira tinggi dari dinas keprajuritan. Pasal ini menyatakan bahwa pemberhentian prajurit berpangkat kolonel dan perwira tinggi harus dilakukan dengan Keputusan Presiden, sementara pemberhentian prajurit lainnya dilakukan dengan keputusan Panglima.",
        "Question": "Apa yang menjadi dasar pemberhentian prajurit berpangkat kolonel dan perwira tinggi?",
        "Answer": "Dasar pemberhentian prajurit berpangkat kolonel dan perwira tinggi adalah Keputusan Presiden, yang menjadi kewenangan untuk menghentikan tugas mereka secara resmi."
    },
    {
        "Context": "Pasal 59 mengatur pemberhentian prajurit berpangkat kolonel dan perwira tinggi dari dinas keprajuritan. Pasal ini menyatakan bahwa pemberhentian prajurit berpangkat kolonel dan perwira tinggi harus dilakukan dengan Keputusan Presiden, sementara pemberhentian prajurit lainnya dilakukan dengan keputusan Panglima.",
        "Question": "Apakah prajurit lainnya selain kolonel dan perwira tinggi bisa diberhentikan dengan Keputusan Presiden?",
        "Answer": "Tidak, pemberhentian prajurit selain kolonel dan perwira tinggi dilakukan dengan keputusan Panglima, bukan dengan Keputusan Presiden."
    },
    {
        "Context": "Pasal 59 mengatur pemberhentian prajurit berpangkat kolonel dan perwira tinggi dari dinas keprajuritan. Pasal ini menyatakan bahwa pemberhentian prajurit berpangkat kolonel dan perwira tinggi harus dilakukan dengan Keputusan Presiden, sementara pemberhentian prajurit lainnya dilakukan dengan keputusan Panglima.",
        "Question": "Bagaimana mekanisme pemberhentian prajurit dengan keputusan Panglima?",
        "Answer": "Mekanisme pemberhentian prajurit dengan keputusan Panglima melibatkan keputusan yang diambil oleh Panglima TNI untuk memberhentikan prajurit lainnya sesuai dengan peraturan yang berlaku."
    },
    {
        "Context": "Pasal 59 mengatur pemberhentian prajurit berpangkat kolonel dan perwira tinggi dari dinas keprajuritan. Pasal ini menyatakan bahwa pemberhentian prajurit berpangkat kolonel dan perwira tinggi harus dilakukan dengan Keputusan Presiden, sementara pemberhentian prajurit lainnya dilakukan dengan keputusan Panglima.",
        "Question": "Siapa yang memiliki kewenangan untuk memberhentikan prajurit selain kolonel dan perwira tinggi?",
        "Answer": "Prajurit lainnya selain kolonel dan perwira tinggi dapat diberhentikan dengan keputusan Panglima, yang memiliki kewenangan untuk memutuskan pemberhentian mereka."
    },
    {
        "Context": "Pasal 59 mengatur pemberhentian prajurit berpangkat kolonel dan perwira tinggi dari dinas keprajuritan. Pasal ini menyatakan bahwa pemberhentian prajurit berpangkat kolonel dan perwira tinggi harus dilakukan dengan Keputusan Presiden, sementara pemberhentian prajurit lainnya dilakukan dengan keputusan Panglima.",
        "Question": "Apa yang terjadi jika prajurit berpangkat kolonel diberhentikan tanpa Keputusan Presiden?",
        "Answer": "Jika prajurit berpangkat kolonel diberhentikan tanpa Keputusan Presiden, maka prosedur tersebut tidak sah dan bertentangan dengan ketentuan Pasal 59."
    },
    {
        "Context": "Pasal 59 mengatur pemberhentian prajurit berpangkat kolonel dan perwira tinggi dari dinas keprajuritan. Pasal ini menyatakan bahwa pemberhentian prajurit berpangkat kolonel dan perwira tinggi harus dilakukan dengan Keputusan Presiden, sementara pemberhentian prajurit lainnya dilakukan dengan keputusan Panglima.",
        "Question": "Apakah Keputusan Presiden untuk pemberhentian prajurit berpangkat kolonel harus didasarkan pada alasan tertentu?",
        "Answer": "Keputusan Presiden untuk pemberhentian prajurit berpangkat kolonel biasanya didasarkan pada alasan yang sah, seperti kinerja atau masalah administrasi yang mempengaruhi tugas mereka."
    },
    {
        "Context": "Pasal 59 mengatur pemberhentian prajurit berpangkat kolonel dan perwira tinggi dari dinas keprajuritan. Pasal ini menyatakan bahwa pemberhentian prajurit berpangkat kolonel dan perwira tinggi harus dilakukan dengan Keputusan Presiden, sementara pemberhentian prajurit lainnya dilakukan dengan keputusan Panglima.",
        "Question": "Apa yang dimaksud dengan Keputusan Panglima dalam pemberhentian prajurit lainnya?",
        "Answer": "Keputusan Panglima dalam pemberhentian prajurit lainnya berarti bahwa Panglima TNI bertanggung jawab untuk memutuskan pemberhentian prajurit selain kolonel dan perwira tinggi, sesuai dengan aturan yang berlaku."
    },
    {
        "Context": "Pasal 59 mengatur pemberhentian prajurit berpangkat kolonel dan perwira tinggi dari dinas keprajuritan. Pasal ini menyatakan bahwa pemberhentian prajurit berpangkat kolonel dan perwira tinggi harus dilakukan dengan Keputusan Presiden, sementara pemberhentian prajurit lainnya dilakukan dengan keputusan Panglima.",
        "Question": "Apa yang terjadi jika prajurit berpangkat kolonel diberhentikan tanpa mengikuti prosedur yang diatur?",
        "Answer": "Jika prajurit berpangkat kolonel diberhentikan tanpa mengikuti prosedur yang diatur, keputusan tersebut dapat dianggap tidak sah dan bertentangan dengan peraturan yang ada."
    },
    {
        "Context": "Pasal 59 mengatur pemberhentian prajurit berpangkat kolonel dan perwira tinggi dari dinas keprajuritan. Pasal ini menyatakan bahwa pemberhentian prajurit berpangkat kolonel dan perwira tinggi harus dilakukan dengan Keputusan Presiden, sementara pemberhentian prajurit lainnya dilakukan dengan keputusan Panglima.",
        "Question": "Apakah ada prosedur khusus dalam pemberhentian prajurit berpangkat kolonel?",
        "Answer": "Ya, ada prosedur khusus yang mengatur pemberhentian prajurit berpangkat kolonel yang memerlukan Keputusan Presiden sebagai bentuk kewenangan tertinggi dalam keputusan tersebut."
    },
    {
        "Context": "Pasal 59 mengatur pemberhentian prajurit berpangkat kolonel dan perwira tinggi dari dinas keprajuritan. Pasal ini menyatakan bahwa pemberhentian prajurit berpangkat kolonel dan perwira tinggi harus dilakukan dengan Keputusan Presiden, sementara pemberhentian prajurit lainnya dilakukan dengan keputusan Panglima.",
        "Question": "Apa yang diatur oleh Pasal 59 terkait pemberhentian prajurit?",
        "Answer": "Pasal 59 mengatur bahwa pemberhentian prajurit berpangkat kolonel dan perwira tinggi harus dilakukan dengan Keputusan Presiden, sedangkan pemberhentian prajurit lainnya dilakukan dengan keputusan Panglima."
    },
    {
        "Context": "Pasal 59 mengatur pemberhentian prajurit berpangkat kolonel dan perwira tinggi dari dinas keprajuritan. Pasal ini menyatakan bahwa pemberhentian prajurit berpangkat kolonel dan perwira tinggi harus dilakukan dengan Keputusan Presiden, sementara pemberhentian prajurit lainnya dilakukan dengan keputusan Panglima.",
        "Question": "Siapa yang menetapkan keputusan pemberhentian prajurit selain prajurit berpangkat kolonel dan perwira tinggi?",
        "Answer": "Prajurit selain berpangkat kolonel dan perwira tinggi dapat diberhentikan dengan keputusan Panglima, yang memiliki kewenangan untuk memutuskan pemberhentian prajurit tersebut."
    },
    {
        "Context": "Pasal 59 mengatur pemberhentian prajurit berpangkat kolonel dan perwira tinggi dari dinas keprajuritan. Pasal ini menyatakan bahwa pemberhentian prajurit berpangkat kolonel dan perwira tinggi harus dilakukan dengan Keputusan Presiden, sementara pemberhentian prajurit lainnya dilakukan dengan keputusan Panglima.",
        "Question": "Apa isi Pasal 59 ayat 1?",
        "Answer": "Pasal 59 ayat 1 menyatakan bahwa prajurit berpangkat kolonel dan perwira tinggi diberhentikan dari dinas keprajuritan dengan Keputusan Presiden."
    }
]