[
    {
        "Context": "Pasal 68 mengatur tentang pengelolaan anggaran pertahanan negara yang dialokasikan oleh pemerintah, yang harus dikelola oleh TNI dengan prinsip transparansi, akuntabilitas, pertanggungjawaban, dan efisiensi.",
        "Question": "Apa isi Pasal 68?",
        "Answer": "Pasal 68 mengatur tentang pengelolaan anggaran pertahanan negara yang dialokasikan oleh pemerintah, yang harus dikelola oleh TNI dengan prinsip transparansi, akuntabilitas, pertanggungjawaban, dan efisiensi."
    },
    {
        "Context": "Pasal 68 mengatur tentang pengelolaan anggaran pertahanan negara yang dialokasikan oleh pemerintah, yang harus dikelola oleh TNI dengan prinsip transparansi, akuntabilitas, pertanggungjawaban, dan efisiensi.",
        "Question": "Apa isi Pasal 68 ayat 1?",
        "Answer": "TNI wajib mengelola anggaran pertahanan negara yang dialokasikan oleh pemerintah."
    },
    {
        "Context": "Pasal 68 mengatur tentang pengelolaan anggaran pertahanan negara yang dialokasikan oleh pemerintah, yang harus dikelola oleh TNI dengan prinsip transparansi, akuntabilitas, pertanggungjawaban, dan efisiensi.",
        "Question": "Apa isi Pasal 68 ayat 2?",
        "Answer": "TNI wajib mempertanggungjawabkan pengelolaan anggaran pertahanan negara sebagaimana dimaksud pada ayat (1) kepada Menteri Pertahanan."
    },
    {
        "Context": "Pasal 68 mengatur tentang pengelolaan anggaran pertahanan negara yang dialokasikan oleh pemerintah, yang harus dikelola oleh TNI dengan prinsip transparansi, akuntabilitas, pertanggungjawaban, dan efisiensi.",
        "Question": "Apa isi Pasal 68 ayat 3?",
        "Answer": "Pengelolaan anggaran pertahanan negara oleh TNI sebagaimana dimaksud pada ayat (2) dilaksanakan berdasarkan prinsip transparansi, akuntabilitas, pertanggungjawaban, serta efisiensi untuk menerapkan tata pemerintahan yang baik."
    },
    {
        "Context": "Pasal 68 mengatur tentang pengelolaan anggaran pertahanan negara yang dialokasikan oleh pemerintah, yang harus dikelola oleh TNI dengan prinsip transparansi, akuntabilitas, pertanggungjawaban, dan efisiensi.",
        "Question": "Apa isi Pasal 68 ayat 4?",
        "Answer": "Pengelolaan anggaran pertahanan negara oleh TNI dilaksanakan berdasarkan peraturan perundang-undangan."
    },
    {
        "Context": "Pasal 68 mengatur tentang pengelolaan anggaran pertahanan negara yang dialokasikan oleh pemerintah, yang harus dikelola oleh TNI dengan prinsip transparansi, akuntabilitas, pertanggungjawaban, dan efisiensi.",
        "Question": "Apa yang dimaksud dengan pengelolaan anggaran pertahanan negara dalam Pasal 68?",
        "Answer": "Pengelolaan anggaran pertahanan negara dalam Pasal 68 berarti proses pengelolaan dana yang dialokasikan untuk kebutuhan TNI sesuai dengan ketentuan yang berlaku."
    },
    {
        "Context": "Pasal 68 mengatur tentang pengelolaan anggaran pertahanan negara yang dialokasikan oleh pemerintah, yang harus dikelola oleh TNI dengan prinsip transparansi, akuntabilitas, pertanggungjawaban, dan efisiensi.",
        "Question": "Apa yang dimaksud dengan transparansi dalam pengelolaan anggaran TNI?",
        "Answer": "Transparansi dalam pengelolaan anggaran TNI berarti penyajian informasi anggaran yang terbuka, dapat diakses, dan mudah dipahami oleh publik dan pihak yang berkepentingan."
    },
    {
        "Context": "Pasal 68 mengatur tentang pengelolaan anggaran pertahanan negara yang dialokasikan oleh pemerintah, yang harus dikelola oleh TNI dengan prinsip transparansi, akuntabilitas, pertanggungjawaban, dan efisiensi.",
        "Question": "Apa yang dimaksud dengan akuntabilitas dalam pengelolaan anggaran TNI?",
        "Answer": "Akuntabilitas dalam pengelolaan anggaran TNI berarti setiap penggunaan dana harus dapat dipertanggungjawabkan dengan bukti dan laporan yang jelas."
    },
    {
        "Context": "Pasal 68 mengatur tentang pengelolaan anggaran pertahanan negara yang dialokasikan oleh pemerintah, yang harus dikelola oleh TNI dengan prinsip transparansi, akuntabilitas, pertanggungjawaban, dan efisiensi.",
        "Question": "Apa yang dimaksud dengan pertanggungjawaban dalam pengelolaan anggaran TNI?",
        "Answer": "Pertanggungjawaban dalam pengelolaan anggaran TNI berarti TNI harus bertanggung jawab atas setiap alokasi dan penggunaan anggaran yang telah diberikan."
    },
    {
        "Context": "Pasal 68 mengatur tentang pengelolaan anggaran pertahanan negara yang dialokasikan oleh pemerintah, yang harus dikelola oleh TNI dengan prinsip transparansi, akuntabilitas, pertanggungjawaban, dan efisiensi.",
        "Question": "Apa yang dimaksud dengan efisiensi dalam pengelolaan anggaran TNI?",
        "Answer": "Efisiensi dalam pengelolaan anggaran TNI berarti penggunaan dana yang ada harus dilakukan dengan cara yang hemat dan sesuai dengan tujuan yang ditetapkan."
    },
    {
        "Context": "Pasal 68 mengatur tentang pengelolaan anggaran pertahanan negara yang dialokasikan oleh pemerintah, yang harus dikelola oleh TNI dengan prinsip transparansi, akuntabilitas, pertanggungjawaban, dan efisiensi.",
        "Question": "Apa tujuan dari pengelolaan anggaran pertahanan negara yang diatur dalam Pasal 68?",
        "Answer": "Tujuan dari pengelolaan anggaran pertahanan negara yang diatur dalam Pasal 68 adalah untuk memastikan penggunaan dana yang tepat guna dan dapat dipertanggungjawabkan demi kepentingan pertahanan negara."
    },
    {
        "Context": "Pasal 68 mengatur tentang pengelolaan anggaran pertahanan negara yang dialokasikan oleh pemerintah, yang harus dikelola oleh TNI dengan prinsip transparansi, akuntabilitas, pertanggungjawaban, dan efisiensi.",
        "Question": "Siapa yang bertanggung jawab atas pengelolaan anggaran pertahanan negara menurut Pasal 68?",
        "Answer": "Panglima TNI dan instansi terkait yang mengelola anggaran pertahanan negara bertanggung jawab untuk memastikan dana yang dialokasikan digunakan dengan sebaik-baiknya."
    },
    {
        "Context": "Pasal 68 mengatur tentang pengelolaan anggaran pertahanan negara yang dialokasikan oleh pemerintah, yang harus dikelola oleh TNI dengan prinsip transparansi, akuntabilitas, pertanggungjawaban, dan efisiensi.",
        "Question": "Apa peran Menteri Pertahanan dalam Pasal 68 terkait pengelolaan anggaran TNI?",
        "Answer": "Menteri Pertahanan berperan untuk memastikan bahwa pengelolaan anggaran pertahanan negara yang dilakukan oleh TNI sesuai dengan prinsip-prinsip yang telah ditetapkan."
    },
    {
        "Context": "Pasal 68 mengatur tentang pengelolaan anggaran pertahanan negara yang dialokasikan oleh pemerintah, yang harus dikelola oleh TNI dengan prinsip transparansi, akuntabilitas, pertanggungjawaban, dan efisiensi.",
        "Question": "Apa yang diatur dalam Pasal 68 terkait dengan tata pemerintahan yang baik?",
        "Answer": "Pasal 68 mengatur bahwa tata pemerintahan yang baik harus diterapkan dalam pengelolaan anggaran, yang mencakup transparansi, akuntabilitas, dan efisiensi."
    },
    {
        "Context": "Pasal 68 mengatur tentang pengelolaan anggaran pertahanan negara yang dialokasikan oleh pemerintah, yang harus dikelola oleh TNI dengan prinsip transparansi, akuntabilitas, pertanggungjawaban, dan efisiensi.",
        "Question": "Apa prinsip-prinsip yang harus diterapkan dalam pengelolaan anggaran pertahanan negara menurut Pasal 68?",
        "Answer": "Prinsip-prinsip yang harus diterapkan dalam pengelolaan anggaran pertahanan negara menurut Pasal 68 adalah transparansi, akuntabilitas, pertanggungjawaban, dan efisiensi."
    },
    {
        "Context": "Pasal 68 mengatur tentang pengelolaan anggaran pertahanan negara yang dialokasikan oleh pemerintah, yang harus dikelola oleh TNI dengan prinsip transparansi, akuntabilitas, pertanggungjawaban, dan efisiensi.",
        "Question": "Apakah Pasal 68 mengatur tentang pengawasan pengelolaan anggaran TNI?",
        "Answer": "Ya, Pasal 68 mengatur bahwa pengelolaan anggaran TNI harus dilakukan dengan cara yang diawasi dan dipertanggungjawabkan sesuai dengan ketentuan yang berlaku."
    },
    {
        "Context": "Pasal 68 mengatur tentang pengelolaan anggaran pertahanan negara yang dialokasikan oleh pemerintah, yang harus dikelola oleh TNI dengan prinsip transparansi, akuntabilitas, pertanggungjawaban, dan efisiensi.",
        "Question": "Apakah pengelolaan anggaran TNI harus sesuai dengan peraturan perundang-undangan?",
        "Answer": "Ya, pengelolaan anggaran TNI harus sesuai dengan peraturan perundang-undangan yang berlaku, memastikan bahwa semua langkah pengelolaan mematuhi hukum yang ada."
    },
    {
        "Context": "Pasal 68 mengatur tentang pengelolaan anggaran pertahanan negara yang dialokasikan oleh pemerintah, yang harus dikelola oleh TNI dengan prinsip transparansi, akuntabilitas, pertanggungjawaban, dan efisiensi.",
        "Question": "Bagaimana Pasal 68 memastikan bahwa pengelolaan anggaran TNI transparan?",
        "Answer": "Pasal 68 memastikan bahwa pengelolaan anggaran TNI transparan dengan prinsip pengelolaan yang terbuka dan dapat diakses oleh pihak yang berwenang."
    },
    {
        "Context": "Pasal 68 mengatur tentang pengelolaan anggaran pertahanan negara yang dialokasikan oleh pemerintah, yang harus dikelola oleh TNI dengan prinsip transparansi, akuntabilitas, pertanggungjawaban, dan efisiensi.",
        "Question": "Apa hubungan Pasal 68 dengan peraturan perundang-undangan lainnya?",
        "Answer": "Pasal 68 berhubungan dengan peraturan perundang-undangan lainnya dalam hal pengelolaan anggaran karena memastikan bahwa seluruh prosedur pengelolaan anggaran TNI sesuai dengan hukum yang berlaku."
    },
    {
        "Context": "Pasal 68 mengatur tentang pengelolaan anggaran pertahanan negara yang dialokasikan oleh pemerintah, yang harus dikelola oleh TNI dengan prinsip transparansi, akuntabilitas, pertanggungjawaban, dan efisiensi.",
        "Question": "Apa akibatnya jika pengelolaan anggaran pertahanan negara tidak efisien menurut Pasal 68?",
        "Answer": "Jika pengelolaan anggaran pertahanan negara tidak efisien, maka TNI akan kesulitan dalam menggunakan anggaran secara optimal, yang dapat mempengaruhi kesiapan dan operasional TNI."
    },
    {
        "Context": "Pasal 68 mengatur tentang pengelolaan anggaran pertahanan negara yang dialokasikan oleh pemerintah, yang harus dikelola oleh TNI dengan prinsip transparansi, akuntabilitas, pertanggungjawaban, dan efisiensi.",
        "Question": "Apa yang dimaksud dengan pengelolaan anggaran yang efisien menurut Pasal 68?",
        "Answer": "Pengelolaan anggaran yang efisien menurut Pasal 68 adalah penggunaan dana secara optimal dengan menghindari pemborosan dan memastikan setiap pengeluaran mendukung tujuan yang jelas."
    },
    {
        "Context": "Pasal 68 mengatur tentang pengelolaan anggaran pertahanan negara yang dialokasikan oleh pemerintah, yang harus dikelola oleh TNI dengan prinsip transparansi, akuntabilitas, pertanggungjawaban, dan efisiensi.",
        "Question": "Apakah Pasal 68 mengatur tentang penyusunan anggaran pertahanan negara?",
        "Answer": "Pasal 68 tidak mengatur secara spesifik penyusunan anggaran, namun pengelolaan anggaran yang telah disusun harus dilakukan dengan prinsip-prinsip yang diatur dalam pasal ini."
    },
    {
        "Context": "Pasal 68 mengatur tentang pengelolaan anggaran pertahanan negara yang dialokasikan oleh pemerintah, yang harus dikelola oleh TNI dengan prinsip transparansi, akuntabilitas, pertanggungjawaban, dan efisiensi.",
        "Question": "Bagaimana Pasal 68 berhubungan dengan tata kelola anggaran di instansi lainnya?",
        "Answer": "Pasal 68 berhubungan dengan tata kelola anggaran di instansi lainnya karena menerapkan prinsip transparansi, akuntabilitas, dan efisiensi yang sama dengan prinsip pengelolaan anggaran di sektor lain."
    }
]