[
    {
        "Context": "Pasal 75 mengatur bahwa segala peraturan pelaksanaan undang-undang ini harus ditetapkan paling lambat 2 tahun sejak berlakunya undang-undang ini, dan penyebutan, penamaan, serta istilah yang berkaitan dengan postur, organisasi, struktur, tugas pokok, dan kewenangan TNI harus diubah sesuai dengan undang-undang ini.",
        "Question": "Apa isi Pasal 75?",
        "Answer": "Pasal 75 mengatur bahwa segala peraturan pelaksanaan undang-undang ini harus ditetapkan paling lambat 2 tahun setelah berlakunya undang-undang ini, serta mengubah atau mengganti penyebutan dan istilah terkait TNI."
    },
    {
        "Context": "Pasal 75 mengatur bahwa segala peraturan pelaksanaan undang-undang ini harus ditetapkan paling lambat 2 tahun sejak berlakunya undang-undang ini, dan penyebutan, penamaan, serta istilah yang berkaitan dengan postur, organisasi, struktur, tugas pokok, dan kewenangan TNI harus diubah sesuai dengan undang-undang ini.",
        "Question": "Apa isi Pasal 75 ayat 1?",
        "Answer": "Pasal 75 ayat 1 mengatur bahwa peraturan pelaksanaan undang-undang ini harus ditetapkan paling lambat 2 tahun setelah berlakunya undang-undang."
    },
    {
        "Context": "Pasal 75 mengatur bahwa segala peraturan pelaksanaan undang-undang ini harus ditetapkan paling lambat 2 tahun sejak berlakunya undang-undang ini, dan penyebutan, penamaan, serta istilah yang berkaitan dengan postur, organisasi, struktur, tugas pokok, dan kewenangan TNI harus diubah sesuai dengan undang-undang ini.",
        "Question": "Apa isi Pasal 75 ayat 2?",
        "Answer": "Pasal 75 ayat 2 mengatur bahwa penyebutan, penamaan, dan istilah yang berkaitan dengan postur, organisasi, struktur, tugas pokok, dan kewenangan TNI harus diubah atau diganti sesuai dengan undang-undang ini dalam waktu 2 tahun."
    },
    {
        "Context": "Pasal 75 mengatur bahwa segala peraturan pelaksanaan undang-undang ini harus ditetapkan paling lambat 2 tahun sejak berlakunya undang-undang ini, dan penyebutan, penamaan, serta istilah yang berkaitan dengan postur, organisasi, struktur, tugas pokok, dan kewenangan TNI harus diubah sesuai dengan undang-undang ini.",
        "Question": "Apa yang dimaksud dengan peraturan pelaksanaan dalam Pasal 75?",
        "Answer": "Peraturan pelaksanaan dalam Pasal 75 merujuk pada aturan yang diimplementasikan untuk menjalankan undang-undang ini, yang harus ditetapkan dalam jangka waktu yang ditentukan."
    },
    {
        "Context": "Pasal 75 mengatur bahwa segala peraturan pelaksanaan undang-undang ini harus ditetapkan paling lambat 2 tahun sejak berlakunya undang-undang ini, dan penyebutan, penamaan, serta istilah yang berkaitan dengan postur, organisasi, struktur, tugas pokok, dan kewenangan TNI harus diubah sesuai dengan undang-undang ini.",
        "Question": "Apa yang diatur dalam Pasal 75 terkait dengan perubahan peraturan?",
        "Answer": "Pasal 75 mengatur perubahan peraturan terkait dengan postur, organisasi, struktur, tugas pokok, dan kewenangan TNI, untuk disesuaikan dengan ketentuan dalam undang-undang yang baru."
    },
    {
        "Context": "Pasal 75 mengatur bahwa segala peraturan pelaksanaan undang-undang ini harus ditetapkan paling lambat 2 tahun sejak berlakunya undang-undang ini, dan penyebutan, penamaan, serta istilah yang berkaitan dengan postur, organisasi, struktur, tugas pokok, dan kewenangan TNI harus diubah sesuai dengan undang-undang ini.",
        "Question": "Apa yang dimaksud dengan postur, organisasi, struktur dalam Pasal 75?",
        "Answer": "Postur, organisasi, dan struktur dalam Pasal 75 merujuk pada komponen-komponen organisasi TNI yang perlu disesuaikan dengan kebijakan undang-undang yang baru."
    },
    {
        "Context": "Pasal 75 mengatur bahwa segala peraturan pelaksanaan undang-undang ini harus ditetapkan paling lambat 2 tahun sejak berlakunya undang-undang ini, dan penyebutan, penamaan, serta istilah yang berkaitan dengan postur, organisasi, struktur, tugas pokok, dan kewenangan TNI harus diubah sesuai dengan undang-undang ini.",
        "Question": "Bagaimana Pasal 75 mengatur penggantian penyebutan dan penamaan dalam TNI?",
        "Answer": "Pasal 75 mengatur bahwa penyebutan, penamaan, dan istilah terkait dalam TNI harus disesuaikan dengan ketentuan undang-undang dalam waktu 2 tahun."
    },
    {
        "Context": "Pasal 75 mengatur bahwa segala peraturan pelaksanaan undang-undang ini harus ditetapkan paling lambat 2 tahun sejak berlakunya undang-undang ini, dan penyebutan, penamaan, serta istilah yang berkaitan dengan postur, organisasi, struktur, tugas pokok, dan kewenangan TNI harus diubah sesuai dengan undang-undang ini.",
        "Question": "Apakah Pasal 75 mengatur tentang tugas pokok TNI?",
        "Answer": "Pasal 75 juga mengatur bahwa tugas pokok TNI harus disesuaikan dengan kebijakan undang-undang yang baru agar dapat berjalan secara efektif dan efisien."
    },
    {
        "Context": "Pasal 75 mengatur bahwa segala peraturan pelaksanaan undang-undang ini harus ditetapkan paling lambat 2 tahun sejak berlakunya undang-undang ini, dan penyebutan, penamaan, serta istilah yang berkaitan dengan postur, organisasi, struktur, tugas pokok, dan kewenangan TNI harus diubah sesuai dengan undang-undang ini.",
        "Question": "Apa akibatnya jika peraturan pelaksanaan undang-undang ini tidak ditetapkan dalam waktu 2 tahun?",
        "Answer": "Jika peraturan pelaksanaan tidak ditetapkan dalam waktu 2 tahun, maka undang-undang ini tidak dapat diterapkan sepenuhnya dan dapat menyebabkan ketidakpastian hukum."
    },
    {
        "Context": "Pasal 75 mengatur bahwa segala peraturan pelaksanaan undang-undang ini harus ditetapkan paling lambat 2 tahun sejak berlakunya undang-undang ini, dan penyebutan, penamaan, serta istilah yang berkaitan dengan postur, organisasi, struktur, tugas pokok, dan kewenangan TNI harus diubah sesuai dengan undang-undang ini.",
        "Question": "Apakah Pasal 75 memberi batas waktu untuk penggantian istilah dan penamaan dalam TNI?",
        "Answer": "Ya, Pasal 75 memberi batas waktu 2 tahun untuk penggantian istilah dan penamaan dalam TNI agar sesuai dengan ketentuan yang diatur dalam undang-undang."
    },
    {
        "Context": "Pasal 75 mengatur bahwa segala peraturan pelaksanaan undang-undang ini harus ditetapkan paling lambat 2 tahun sejak berlakunya undang-undang ini, dan penyebutan, penamaan, serta istilah yang berkaitan dengan postur, organisasi, struktur, tugas pokok, dan kewenangan TNI harus diubah sesuai dengan undang-undang ini.",
        "Question": "Apa yang dimaksud dengan kewenangan TNI dalam Pasal 75?",
        "Answer": "Kewenangan TNI dalam Pasal 75 terkait dengan perubahan struktur dan tugas yang perlu disesuaikan dengan ketentuan baru yang diatur oleh undang-undang ini."
    },
    {
        "Context": "Pasal 75 mengatur bahwa segala peraturan pelaksanaan undang-undang ini harus ditetapkan paling lambat 2 tahun sejak berlakunya undang-undang ini, dan penyebutan, penamaan, serta istilah yang berkaitan dengan postur, organisasi, struktur, tugas pokok, dan kewenangan TNI harus diubah sesuai dengan undang-undang ini.",
        "Question": "Bagaimana Pasal 75 mengatur struktur TNI?",
        "Answer": "Pasal 75 mengatur struktur TNI agar disesuaikan dengan ketentuan dalam undang-undang baru, sehingga struktur dan organisasi TNI berjalan sesuai dengan peraturan terbaru."
    },
    {
        "Context": "Pasal 75 mengatur bahwa segala peraturan pelaksanaan undang-undang ini harus ditetapkan paling lambat 2 tahun sejak berlakunya undang-undang ini, dan penyebutan, penamaan, serta istilah yang berkaitan dengan postur, organisasi, struktur, tugas pokok, dan kewenangan TNI harus diubah sesuai dengan undang-undang ini.",
        "Question": "Apakah Pasal 75 mengatur tentang perubahan organisasi TNI?",
        "Answer": "Pasal 75 mengatur perubahan organisasi TNI dengan menyesuaikan elemen-elemen struktural dan administratifnya agar sesuai dengan kebijakan baru yang diatur dalam undang-undang."
    },
    {
        "Context": "Pasal 75 mengatur bahwa segala peraturan pelaksanaan undang-undang ini harus ditetapkan paling lambat 2 tahun sejak berlakunya undang-undang ini, dan penyebutan, penamaan, serta istilah yang berkaitan dengan postur, organisasi, struktur, tugas pokok, dan kewenangan TNI harus diubah sesuai dengan undang-undang ini.",
        "Question": "Bagaimana Pasal 75 memastikan bahwa istilah dalam TNI sesuai dengan undang-undang?",
        "Answer": "Pasal 75 memastikan bahwa istilah dalam TNI disesuaikan dengan ketentuan yang berlaku dalam undang-undang ini dan tidak ada istilah yang bertentangan dengan kebijakan terbaru."
    },
    {
        "Context": "Pasal 75 mengatur bahwa segala peraturan pelaksanaan undang-undang ini harus ditetapkan paling lambat 2 tahun sejak berlakunya undang-undang ini, dan penyebutan, penamaan, serta istilah yang berkaitan dengan postur, organisasi, struktur, tugas pokok, dan kewenangan TNI harus diubah sesuai dengan undang-undang ini.",
        "Question": "Apa yang terjadi jika penyebutan atau istilah dalam TNI tidak diubah sesuai dengan Pasal 75?",
        "Answer": "Jika penyebutan atau istilah dalam TNI tidak diubah sesuai dengan Pasal 75, maka akan ada ketidaksesuaian antara struktur dan kebijakan yang diatur dalam undang-undang dengan praktik di lapangan."
    },
    {
        "Context": "Pasal 75 mengatur bahwa segala peraturan pelaksanaan undang-undang ini harus ditetapkan paling lambat 2 tahun sejak berlakunya undang-undang ini, dan penyebutan, penamaan, serta istilah yang berkaitan dengan postur, organisasi, struktur, tugas pokok, dan kewenangan TNI harus diubah sesuai dengan undang-undang ini.",
        "Question": "Bagaimana penerapan Pasal 75 terkait dengan undang-undang ini?",
        "Answer": "Pasal 75 mengatur penerapan yang efektif terhadap perubahan yang dibutuhkan dalam struktur, organisasi, dan tugas pokok TNI dalam waktu yang telah ditentukan."
    },
    {
        "Context": "Pasal 75 mengatur bahwa segala peraturan pelaksanaan undang-undang ini harus ditetapkan paling lambat 2 tahun sejak berlakunya undang-undang ini, dan penyebutan, penamaan, serta istilah yang berkaitan dengan postur, organisasi, struktur, tugas pokok, dan kewenangan TNI harus diubah sesuai dengan undang-undang ini.",
        "Question": "Apakah Pasal 75 berlaku untuk semua perubahan yang terkait dengan TNI?",
        "Answer": "Pasal 75 berlaku untuk semua perubahan yang terkait dengan TNI, yang mencakup perubahan postur, tugas pokok, dan kewenangan yang harus disesuaikan dengan ketentuan dalam undang-undang."
    },
    {
        "Context": "Pasal 75 mengatur bahwa segala peraturan pelaksanaan undang-undang ini harus ditetapkan paling lambat 2 tahun sejak berlakunya undang-undang ini, dan penyebutan, penamaan, serta istilah yang berkaitan dengan postur, organisasi, struktur, tugas pokok, dan kewenangan TNI harus diubah sesuai dengan undang-undang ini.",
        "Question": "Apa yang dimaksud dengan perubahan yang diatur dalam Pasal 75?",
        "Answer": "Perubahan yang diatur dalam Pasal 75 meliputi perubahan struktur, tugas pokok, kewenangan, serta istilah yang berkaitan dengan TNI untuk memastikan kesesuaian dengan kebijakan terbaru."
    },
    {
        "Context": "Pasal 75 mengatur bahwa segala peraturan pelaksanaan undang-undang ini harus ditetapkan paling lambat 2 tahun sejak berlakunya undang-undang ini, dan penyebutan, penamaan, serta istilah yang berkaitan dengan postur, organisasi, struktur, tugas pokok, dan kewenangan TNI harus diubah sesuai dengan undang-undang ini.",
        "Question": "Apakah Pasal 75 berhubungan dengan peraturan internal TNI?",
        "Answer": "Ya, Pasal 75 berhubungan dengan peraturan internal TNI karena mengatur penyusunan dan perubahan internal yang diperlukan untuk mencapai kesesuaian dengan kebijakan pemerintah."
    },
    {
        "Context": "Pasal 75 mengatur bahwa segala peraturan pelaksanaan undang-undang ini harus ditetapkan paling lambat 2 tahun sejak berlakunya undang-undang ini, dan penyebutan, penamaan, serta istilah yang berkaitan dengan postur, organisasi, struktur, tugas pokok, dan kewenangan TNI harus diubah sesuai dengan undang-undang ini.",
        "Question": "Apakah Pasal 75 mengatur tentang mekanisme perubahan di dalam TNI?",
        "Answer": "Pasal 75 mengatur mekanisme perubahan dengan memberi batas waktu untuk mengganti atau mengubah semua penyebutan dan istilah terkait TNI agar selaras dengan ketentuan undang-undang."
    },
    {
        "Context": "Pasal 75 mengatur bahwa segala peraturan pelaksanaan undang-undang ini harus ditetapkan paling lambat 2 tahun sejak berlakunya undang-undang ini, dan penyebutan, penamaan, serta istilah yang berkaitan dengan postur, organisasi, struktur, tugas pokok, dan kewenangan TNI harus diubah sesuai dengan undang-undang ini.",
        "Question": "Bagaimana Pasal 75 memastikan bahwa perubahan dilakukan secara tepat waktu?",
        "Answer": "Pasal 75 memastikan bahwa perubahan dilakukan tepat waktu dengan menetapkan batas waktu 2 tahun untuk menyelesaikan perubahan yang diperlukan dalam struktur dan organisasi TNI."
    },
    {
        "Context": "Pasal 75 mengatur bahwa segala peraturan pelaksanaan undang-undang ini harus ditetapkan paling lambat 2 tahun sejak berlakunya undang-undang ini, dan penyebutan, penamaan, serta istilah yang berkaitan dengan postur, organisasi, struktur, tugas pokok, dan kewenangan TNI harus diubah sesuai dengan undang-undang ini.",
        "Question": "Apa akibat dari tidak mengganti istilah yang tidak sesuai dengan undang-undang dalam Pasal 75?",
        "Answer": "Jika istilah tidak diganti dalam waktu yang ditentukan, maka ada potensi kebingungan dan ketidaksesuaian dalam implementasi kebijakan yang terkait dengan TNI."
    },
    {
        "Context": "Pasal 75 mengatur bahwa segala peraturan pelaksanaan undang-undang ini harus ditetapkan paling lambat 2 tahun sejak berlakunya undang-undang ini, dan penyebutan, penamaan, serta istilah yang berkaitan dengan postur, organisasi, struktur, tugas pokok, dan kewenangan TNI harus diubah sesuai dengan undang-undang ini.",
        "Question": "Bagaimana Pasal 75 berhubungan dengan pengaturan postur TNI?",
        "Answer": "Pasal 75 berhubungan dengan pengaturan postur TNI karena memastikan bahwa semua aspek yang terkait dengan postur TNI, termasuk istilah, struktur, dan kewenangan, disesuaikan dengan ketentuan undang-undang."
    }
]