[
    {
        "Context": "Pasal 64 mengatur tentang hukum militer yang dibina dan dikembangkan oleh pemerintah untuk kepentingan penyelenggaraan pertahanan negara.",
        "Question": "Apa isi Pasal 64?",
        "Answer": "Pasal 64 mengatur tentang hukum militer yang dibina dan dikembangkan oleh pemerintah untuk kepentingan penyelenggaraan pertahanan negara."
    },
    {
        "Context": "Pasal 64 mengatur tentang hukum militer yang dibina dan dikembangkan oleh pemerintah untuk kepentingan penyelenggaraan pertahanan negara.",
        "Question": "Apa isi Pasal 64 ayat 1?",
        "Answer": "Hukum militer dibina dan dikembangkan oleh pemerintah untuk kepentingan penyelenggaraan pertahanan negara."
    },
    {
        "Context": "Pasal 64 mengatur tentang hukum militer yang dibina dan dikembangkan oleh pemerintah untuk kepentingan penyelenggaraan pertahanan negara.",
        "Question": "Apa yang dimaksud dengan hukum militer dalam Pasal 64?",
        "Answer": "Hukum militer dalam Pasal 64 adalah hukum yang mengatur pelaksanaan tugas dan kewajiban anggota militer, serta penyelenggaraan pertahanan negara yang dilaksanakan oleh TNI."
    },
    {
        "Context": "Pasal 64 mengatur tentang hukum militer yang dibina dan dikembangkan oleh pemerintah untuk kepentingan penyelenggaraan pertahanan negara.",
        "Question": "Apa tujuan dari pembinaan hukum militer dalam Pasal 64?",
        "Answer": "Tujuan dari pembinaan hukum militer dalam Pasal 64 adalah untuk menjaga kesatuan hukum yang berlaku bagi prajurit TNI dan memastikan pelaksanaan pertahanan negara berjalan dengan baik."
    },
    {
        "Context": "Pasal 64 mengatur tentang hukum militer yang dibina dan dikembangkan oleh pemerintah untuk kepentingan penyelenggaraan pertahanan negara.",
        "Question": "Siapa yang bertanggung jawab dalam pembinaan hukum militer menurut Pasal 64?",
        "Answer": "Pemerintah bertanggung jawab dalam pembinaan hukum militer sesuai dengan Pasal 64 untuk memastikan kelancaran pertahanan negara."
    },
    {
        "Context": "Pasal 64 mengatur tentang hukum militer yang dibina dan dikembangkan oleh pemerintah untuk kepentingan penyelenggaraan pertahanan negara.",
        "Question": "Apa yang dimaksud dengan penyelenggaraan pertahanan negara dalam Pasal 64?",
        "Answer": "Penyelenggaraan pertahanan negara dalam Pasal 64 mengacu pada upaya yang dilakukan oleh negara untuk menjaga keamanan nasional, termasuk melalui hukum militer yang diterapkan pada prajurit TNI."
    },
    {
        "Context": "Pasal 64 mengatur tentang hukum militer yang dibina dan dikembangkan oleh pemerintah untuk kepentingan penyelenggaraan pertahanan negara.",
        "Question": "Apakah Pasal 64 berlaku untuk semua anggota TNI?",
        "Answer": "Ya, Pasal 64 berlaku untuk semua anggota TNI yang berada di bawah aturan hukum militer yang disusun dan dibina oleh pemerintah."
    },
    {
        "Context": "Pasal 64 mengatur tentang hukum militer yang dibina dan dikembangkan oleh pemerintah untuk kepentingan penyelenggaraan pertahanan negara.",
        "Question": "Apa yang diatur lebih lanjut terkait hukum militer dalam Pasal 64?",
        "Answer": "Pasal 64 mengatur lebih lanjut tentang pembinaan dan pengembangan hukum militer yang perlu dilakukan untuk mencapai tujuan pertahanan negara."
    },
    {
        "Context": "Pasal 64 mengatur tentang hukum militer yang dibina dan dikembangkan oleh pemerintah untuk kepentingan penyelenggaraan pertahanan negara.",
        "Question": "Bagaimana hubungan Pasal 64 dengan hukum pertahanan negara?",
        "Answer": "Pasal 64 berhubungan erat dengan hukum pertahanan negara karena hukum militer adalah bagian dari upaya negara dalam menjaga keamanan dan pertahanan negara."
    },
    {
        "Context": "Pasal 64 mengatur tentang hukum militer yang dibina dan dikembangkan oleh pemerintah untuk kepentingan penyelenggaraan pertahanan negara.",
        "Question": "Apa peran pemerintah dalam pembinaan hukum militer sesuai Pasal 64?",
        "Answer": "Pemerintah memiliki peran penting dalam pembinaan hukum militer menurut Pasal 64, yaitu dengan memastikan bahwa hukum militer yang diterapkan sesuai dengan kebutuhan pertahanan negara."
    },
    {
        "Context": "Pasal 64 mengatur tentang hukum militer yang dibina dan dikembangkan oleh pemerintah untuk kepentingan penyelenggaraan pertahanan negara.",
        "Question": "Apakah hukum militer ini mencakup seluruh peraturan TNI?",
        "Answer": "Ya, hukum militer ini mencakup peraturan-peraturan internal yang berlaku bagi TNI, termasuk kode etik dan disiplin yang diatur dalam hukum militer."
    },
    {
        "Context": "Pasal 64 mengatur tentang hukum militer yang dibina dan dikembangkan oleh pemerintah untuk kepentingan penyelenggaraan pertahanan negara.",
        "Question": "Bagaimana pengembangan hukum militer dilakukan menurut Pasal 64?",
        "Answer": "Pengembangan hukum militer dilakukan dengan mengadaptasi peraturan yang berlaku agar dapat mengikuti perkembangan zaman dan kebutuhan dalam pelaksanaan tugas TNI."
    },
    {
        "Context": "Pasal 64 mengatur tentang hukum militer yang dibina dan dikembangkan oleh pemerintah untuk kepentingan penyelenggaraan pertahanan negara.",
        "Question": "Apakah Pasal 64 mengatur tentang keadilan dalam hukum militer?",
        "Answer": "Pasal 64 tidak secara eksplisit mengatur tentang keadilan, tetapi pembinaan hukum militer dilakukan untuk menciptakan keadilan bagi prajurit dalam menjalankan tugas mereka."
    },
    {
        "Context": "Pasal 64 mengatur tentang hukum militer yang dibina dan dikembangkan oleh pemerintah untuk kepentingan penyelenggaraan pertahanan negara.",
        "Question": "Bagaimana hukum militer berhubungan dengan tugas TNI di lapangan?",
        "Answer": "Hukum militer berhubungan dengan tugas TNI di lapangan karena aturan ini mengatur pelaksanaan tugas prajurit dalam rangka menjaga keamanan negara dan menjalankan fungsi pertahanan."
    },
    {
        "Context": "Pasal 64 mengatur tentang hukum militer yang dibina dan dikembangkan oleh pemerintah untuk kepentingan penyelenggaraan pertahanan negara.",
        "Question": "Apakah hukum militer berbeda dengan hukum sipil menurut Pasal 64?",
        "Answer": "Ya, hukum militer berbeda dengan hukum sipil, dan Pasal 64 menekankan bahwa hukum militer yang dibina oleh pemerintah adalah untuk kepentingan pertahanan negara."
    },
    {
        "Context": "Pasal 64 mengatur tentang hukum militer yang dibina dan dikembangkan oleh pemerintah untuk kepentingan penyelenggaraan pertahanan negara.",
        "Question": "Apakah Pasal 64 mengatur tentang pengadilan militer?",
        "Answer": "Pasal 64 mengatur tentang pembinaan hukum militer, yang mencakup pelaksanaan pengadilan militer dan sistem peradilan yang ada di dalam lingkungan TNI."
    },
    {
        "Context": "Pasal 64 mengatur tentang hukum militer yang dibina dan dikembangkan oleh pemerintah untuk kepentingan penyelenggaraan pertahanan negara.",
        "Question": "Apa saja aspek yang perlu diperhatikan dalam pembinaan hukum militer?",
        "Answer": "Aspek yang perlu diperhatikan dalam pembinaan hukum militer adalah kesesuaian peraturan dengan kebutuhan pertahanan negara serta pengawasan dan penegakan disiplin di kalangan prajurit."
    },
    {
        "Context": "Pasal 64 mengatur tentang hukum militer yang dibina dan dikembangkan oleh pemerintah untuk kepentingan penyelenggaraan pertahanan negara.",
        "Question": "Apakah Pasal 64 mengatur tentang pengawasan dalam hukum militer?",
        "Answer": "Pasal 64 mengatur tentang pengawasan dalam hukum militer, yang merupakan bagian dari upaya untuk menjaga kepatuhan terhadap hukum di lingkungan TNI."
    },
    {
        "Context": "Pasal 64 mengatur tentang hukum militer yang dibina dan dikembangkan oleh pemerintah untuk kepentingan penyelenggaraan pertahanan negara.",
        "Question": "Bagaimana hubungan Pasal 64 dengan peraturan lain di TNI?",
        "Answer": "Pasal 64 berhubungan dengan peraturan lain di TNI karena hukum militer adalah bagian dari sistem hukum yang lebih besar yang mendukung pelaksanaan tugas TNI."
    },
    {
        "Context": "Pasal 64 mengatur tentang hukum militer yang dibina dan dikembangkan oleh pemerintah untuk kepentingan penyelenggaraan pertahanan negara.",
        "Question": "Bagaimana pengembangan hukum militer dapat beradaptasi dengan perubahan zaman?",
        "Answer": "Pengembangan hukum militer dapat beradaptasi dengan perubahan zaman melalui pembaruan peraturan yang memungkinkan hukum militer untuk tetap relevan dengan dinamika dunia pertahanan."
    },
    {
        "Context": "Pasal 64 mengatur tentang hukum militer yang dibina dan dikembangkan oleh pemerintah untuk kepentingan penyelenggaraan pertahanan negara.",
        "Question": "Apa dampak dari pembinaan hukum militer yang baik terhadap TNI?",
        "Answer": "Dampak dari pembinaan hukum militer yang baik terhadap TNI adalah terciptanya disiplin yang tinggi, kesatuan dalam menjalankan tugas, dan kepastian hukum bagi prajurit."
    },
    {
        "Context": "Pasal 64 mengatur tentang hukum militer yang dibina dan dikembangkan oleh pemerintah untuk kepentingan penyelenggaraan pertahanan negara.",
        "Question": "Apakah pembinaan hukum militer di Pasal 64 bertujuan untuk memperkuat TNI?",
        "Answer": "Ya, pembinaan hukum militer di Pasal 64 bertujuan untuk memperkuat TNI, baik dari segi kepatuhan hukum maupun dalam menjalankan fungsi pertahanan negara."
    },
    {
        "Context": "Pasal 64 mengatur tentang hukum militer yang dibina dan dikembangkan oleh pemerintah untuk kepentingan penyelenggaraan pertahanan negara.",
        "Question": "Apakah Pasal 64 berhubungan dengan pengembangan peraturan internal TNI?",
        "Answer": "Pasal 64 berhubungan dengan pengembangan peraturan internal TNI karena hukum militer adalah bagian integral dari struktur hukum di TNI yang harus selalu disesuaikan dengan kebutuhan."
    }
]