[
    {
        "Context": "Pasal 60 mengatur kewajiban prajurit sukarela dan prajurit wajib yang telah berakhir menjalani dinas keprajuritan untuk aktif kembali dalam keadaan darurat militer dan perang. Pasal ini menjelaskan bahwa prajurit yang telah menyelesaikan masa dinas mereka dapat diwajibkan kembali aktif untuk tugas, sesuai dengan kondisi darurat atau perang yang membutuhkan partisipasi mereka.",
        "Question": "Apa yang diatur dalam Pasal 60 ayat 1 tentang kewajiban prajurit?",
        "Answer": "Pasal 60 ayat 1 mengatur bahwa prajurit sukarela dan prajurit wajib yang telah berakhir menjalani dinas keprajuritan dapat diwajibkan aktif kembali dalam keadaan darurat militer dan perang, sesuai dengan ketentuan yang diatur oleh undang-undang."
    },
    {
        "Context": "Pasal 60 mengatur kewajiban prajurit sukarela dan prajurit wajib yang telah berakhir menjalani dinas keprajuritan untuk aktif kembali dalam keadaan darurat militer dan perang. Pasal ini menjelaskan bahwa prajurit yang telah menyelesaikan masa dinas mereka dapat diwajibkan kembali aktif untuk tugas, sesuai dengan kondisi darurat atau perang yang membutuhkan partisipasi mereka.",
        "Question": "Apa yang diatur dalam Pasal 60 ayat 2 mengenai kewajiban aktif kembali?",
        "Answer": "Pasal 60 ayat 2 mengatur bahwa kewajiban aktif kembali bagi prajurit yang telah selesai masa dinasnya diatur dengan undang-undang yang berlaku, yang memastikan bahwa negara dapat memanggil prajurit kembali jika diperlukan dalam kondisi tertentu."
    },
    {
        "Context": "Pasal 60 mengatur kewajiban prajurit sukarela dan prajurit wajib yang telah berakhir menjalani dinas keprajuritan untuk aktif kembali dalam keadaan darurat militer dan perang. Pasal ini menjelaskan bahwa prajurit yang telah menyelesaikan masa dinas mereka dapat diwajibkan kembali aktif untuk tugas, sesuai dengan kondisi darurat atau perang yang membutuhkan partisipasi mereka.",
        "Question": "Apa yang dimaksud dengan prajurit sukarela dan prajurit wajib menurut Pasal 60?",
        "Answer": "Prajurit sukarela adalah prajurit yang bergabung secara sukarela untuk melaksanakan tugas keprajuritan, sementara prajurit wajib adalah prajurit yang diwajibkan oleh negara untuk melaksanakan dinas militer."
    },
    {
        "Context": "Pasal 60 mengatur kewajiban prajurit sukarela dan prajurit wajib yang telah berakhir menjalani dinas keprajuritan untuk aktif kembali dalam keadaan darurat militer dan perang. Pasal ini menjelaskan bahwa prajurit yang telah menyelesaikan masa dinas mereka dapat diwajibkan kembali aktif untuk tugas, sesuai dengan kondisi darurat atau perang yang membutuhkan partisipasi mereka.",
        "Question": "Bagaimana Pasal 60 mengatur prajurit yang sudah selesai dinas?",
        "Answer": "Pasal 60 mengatur bahwa prajurit yang telah selesai masa dinasnya, baik sukarela maupun wajib, dapat dipanggil kembali dalam situasi darurat militer atau perang untuk melaksanakan tugas negara."
    },
    {
        "Context": "Pasal 60 mengatur kewajiban prajurit sukarela dan prajurit wajib yang telah berakhir menjalani dinas keprajuritan untuk aktif kembali dalam keadaan darurat militer dan perang. Pasal ini menjelaskan bahwa prajurit yang telah menyelesaikan masa dinas mereka dapat diwajibkan kembali aktif untuk tugas, sesuai dengan kondisi darurat atau perang yang membutuhkan partisipasi mereka.",
        "Question": "Apa yang dimaksud dengan keadaan darurat militer dalam Pasal 60?",
        "Answer": "Keadaan darurat militer dalam Pasal 60 berarti situasi ketika negara membutuhkan seluruh pasukannya untuk menjaga stabilitas dan pertahanan negara, seperti dalam kondisi perang atau ancaman luar negeri yang serius."
    },
    {
        "Context": "Pasal 60 mengatur kewajiban prajurit sukarela dan prajurit wajib yang telah berakhir menjalani dinas keprajuritan untuk aktif kembali dalam keadaan darurat militer dan perang. Pasal ini menjelaskan bahwa prajurit yang telah menyelesaikan masa dinas mereka dapat diwajibkan kembali aktif untuk tugas, sesuai dengan kondisi darurat atau perang yang membutuhkan partisipasi mereka.",
        "Question": "Apa yang dimaksud dengan keadaan perang dalam Pasal 60?",
        "Answer": "Keadaan perang dalam Pasal 60 mengacu pada situasi di mana negara menghadapi musuh yang nyata dan harus memobilisasi seluruh kekuatan militernya untuk mempertahankan negara."
    },
    {
        "Context": "Pasal 60 mengatur kewajiban prajurit sukarela dan prajurit wajib yang telah berakhir menjalani dinas keprajuritan untuk aktif kembali dalam keadaan darurat militer dan perang. Pasal ini menjelaskan bahwa prajurit yang telah menyelesaikan masa dinas mereka dapat diwajibkan kembali aktif untuk tugas, sesuai dengan kondisi darurat atau perang yang membutuhkan partisipasi mereka.",
        "Question": "Apakah prajurit yang telah pensiun dapat dipanggil kembali dalam keadaan darurat?",
        "Answer": "Ya, prajurit yang telah pensiun atau selesai dinasnya dapat dipanggil kembali jika terjadi keadaan darurat militer atau perang, sesuai dengan ketentuan Pasal 60."
    },
    {
        "Context": "Pasal 60 mengatur kewajiban prajurit sukarela dan prajurit wajib yang telah berakhir menjalani dinas keprajuritan untuk aktif kembali dalam keadaan darurat militer dan perang. Pasal ini menjelaskan bahwa prajurit yang telah menyelesaikan masa dinas mereka dapat diwajibkan kembali aktif untuk tugas, sesuai dengan kondisi darurat atau perang yang membutuhkan partisipasi mereka.",
        "Question": "Bagaimana Pasal 60 mengatur kewajiban prajurit dalam menghadapi perang?",
        "Answer": "Pasal 60 mengatur bahwa prajurit yang telah selesai masa dinasnya dapat dipanggil kembali untuk aktif dalam perang atau keadaan darurat militer guna membantu negara dalam menjaga pertahanan."
    },
    {
        "Context": "Pasal 60 mengatur kewajiban prajurit sukarela dan prajurit wajib yang telah berakhir menjalani dinas keprajuritan untuk aktif kembali dalam keadaan darurat militer dan perang. Pasal ini menjelaskan bahwa prajurit yang telah menyelesaikan masa dinas mereka dapat diwajibkan kembali aktif untuk tugas, sesuai dengan kondisi darurat atau perang yang membutuhkan partisipasi mereka.",
        "Question": "Siapa yang dapat menetapkan kewajiban prajurit aktif kembali menurut Pasal 60?",
        "Answer": "Keputusan untuk menetapkan kewajiban aktif kembali bagi prajurit diambil oleh pemerintah, dengan ketentuan yang berlaku berdasarkan situasi dan kebutuhan negara dalam keadaan darurat atau perang."
    },
    {
        "Context": "Pasal 60 mengatur kewajiban prajurit sukarela dan prajurit wajib yang telah berakhir menjalani dinas keprajuritan untuk aktif kembali dalam keadaan darurat militer dan perang. Pasal ini menjelaskan bahwa prajurit yang telah menyelesaikan masa dinas mereka dapat diwajibkan kembali aktif untuk tugas, sesuai dengan kondisi darurat atau perang yang membutuhkan partisipasi mereka.",
        "Question": "Apa yang diatur lebih lanjut dalam Pasal 60 ayat 2?",
        "Answer": "Pasal 60 ayat 2 mengatur bahwa kewajiban untuk aktif kembali bagi prajurit yang telah menyelesaikan masa dinas mereka diatur lebih lanjut dengan undang-undang yang berlaku."
    },
    {
        "Context": "Pasal 60 mengatur kewajiban prajurit sukarela dan prajurit wajib yang telah berakhir menjalani dinas keprajuritan untuk aktif kembali dalam keadaan darurat militer dan perang. Pasal ini menjelaskan bahwa prajurit yang telah menyelesaikan masa dinas mereka dapat diwajibkan kembali aktif untuk tugas, sesuai dengan kondisi darurat atau perang yang membutuhkan partisipasi mereka.",
        "Question": "Apakah semua prajurit yang selesai masa dinasnya dapat dipanggil kembali?",
        "Answer": "Tidak semua prajurit yang selesai masa dinasnya dapat dipanggil kembali, hanya prajurit sukarela dan wajib yang dapat diwajibkan untuk aktif kembali dalam keadaan darurat militer atau perang."
    },
    {
        "Context": "Pasal 60 mengatur kewajiban prajurit sukarela dan prajurit wajib yang telah berakhir menjalani dinas keprajuritan untuk aktif kembali dalam keadaan darurat militer dan perang. Pasal ini menjelaskan bahwa prajurit yang telah menyelesaikan masa dinas mereka dapat diwajibkan kembali aktif untuk tugas, sesuai dengan kondisi darurat atau perang yang membutuhkan partisipasi mereka.",
        "Question": "Apakah ketentuan lebih lanjut tentang kewajiban aktif kembali bagi prajurit diatur dalam undang-undang?",
        "Answer": "Ya, ketentuan lebih lanjut tentang kewajiban aktif kembali bagi prajurit diatur dengan undang-undang yang memastikan prosedur panggilan kembali dilakukan dengan dasar hukum yang sah."
    },
    {
        "Context": "Pasal 60 mengatur kewajiban prajurit sukarela dan prajurit wajib yang telah berakhir menjalani dinas keprajuritan untuk aktif kembali dalam keadaan darurat militer dan perang. Pasal ini menjelaskan bahwa prajurit yang telah menyelesaikan masa dinas mereka dapat diwajibkan kembali aktif untuk tugas, sesuai dengan kondisi darurat atau perang yang membutuhkan partisipasi mereka.",
        "Question": "Bagaimana mekanisme panggilan kembali bagi prajurit yang telah selesai masa dinasnya?",
        "Answer": "Mekanisme panggilan kembali bagi prajurit yang telah selesai masa dinasnya dilakukan berdasarkan peraturan yang mengatur kewajiban mereka dalam kondisi darurat atau perang yang memerlukan partisipasi mereka."
    },
    {
        "Context": "Pasal 60 mengatur kewajiban prajurit sukarela dan prajurit wajib yang telah berakhir menjalani dinas keprajuritan untuk aktif kembali dalam keadaan darurat militer dan perang. Pasal ini menjelaskan bahwa prajurit yang telah menyelesaikan masa dinas mereka dapat diwajibkan kembali aktif untuk tugas, sesuai dengan kondisi darurat atau perang yang membutuhkan partisipasi mereka.",
        "Question": "Apa yang dimaksud dengan 'kewajiban aktif kembali' dalam Pasal 60?",
        "Answer": "Kewajiban aktif kembali dalam Pasal 60 berarti bahwa prajurit yang telah selesai masa dinasnya harus kembali bertugas dalam kondisi darurat militer atau perang yang membutuhkan kehadiran mereka."
    },
    {
        "Context": "Pasal 60 mengatur kewajiban prajurit sukarela dan prajurit wajib yang telah berakhir menjalani dinas keprajuritan untuk aktif kembali dalam keadaan darurat militer dan perang. Pasal ini menjelaskan bahwa prajurit yang telah menyelesaikan masa dinas mereka dapat diwajibkan kembali aktif untuk tugas, sesuai dengan kondisi darurat atau perang yang membutuhkan partisipasi mereka.",
        "Question": "Apa yang terjadi jika negara menghadapi keadaan darurat militer menurut Pasal 60?",
        "Answer": "Jika negara menghadapi keadaan darurat militer, Pasal 60 mengatur bahwa prajurit yang telah selesai dinas dapat dipanggil kembali untuk membantu negara dalam mempertahankan keamanan dan stabilitas."
    },
    {
        "Context": "Pasal 60 mengatur kewajiban prajurit sukarela dan prajurit wajib yang telah berakhir menjalani dinas keprajuritan untuk aktif kembali dalam keadaan darurat militer dan perang. Pasal ini menjelaskan bahwa prajurit yang telah menyelesaikan masa dinas mereka dapat diwajibkan kembali aktif untuk tugas, sesuai dengan kondisi darurat atau perang yang membutuhkan partisipasi mereka.",
        "Question": "Apakah prajurit wajib yang telah selesai masa dinas dapat dipanggil kembali?",
        "Answer": "Ya, prajurit wajib yang telah selesai masa dinas dapat dipanggil kembali dalam keadaan darurat militer atau perang untuk mendukung tugas negara, sesuai dengan ketentuan Pasal 60."
    },
    {
        "Context": "Pasal 60 mengatur kewajiban prajurit sukarela dan prajurit wajib yang telah berakhir menjalani dinas keprajuritan untuk aktif kembali dalam keadaan darurat militer dan perang. Pasal ini menjelaskan bahwa prajurit yang telah menyelesaikan masa dinas mereka dapat diwajibkan kembali aktif untuk tugas, sesuai dengan kondisi darurat atau perang yang membutuhkan partisipasi mereka.",
        "Question": "Apakah ketentuan Pasal 60 berlaku hanya untuk prajurit sukarela?",
        "Answer": "Tidak, ketentuan Pasal 60 berlaku untuk kedua jenis prajurit, yaitu prajurit sukarela dan prajurit wajib yang telah menyelesaikan dinas mereka."
    },
    {
        "Context": "Pasal 60 mengatur kewajiban prajurit sukarela dan prajurit wajib yang telah berakhir menjalani dinas keprajuritan untuk aktif kembali dalam keadaan darurat militer dan perang. Pasal ini menjelaskan bahwa prajurit yang telah menyelesaikan masa dinas mereka dapat diwajibkan kembali aktif untuk tugas, sesuai dengan kondisi darurat atau perang yang membutuhkan partisipasi mereka.",
        "Question": "Apa yang dimaksud dengan kewajiban aktif kembali dalam keadaan darurat atau perang?",
        "Answer": "Kewajiban aktif kembali dalam keadaan darurat atau perang mengacu pada keadaan yang membutuhkan prajurit yang telah selesai dinas untuk kembali bertugas untuk negara dalam mempertahankan keamanan."
    },
    {
        "Context": "Pasal 60 mengatur kewajiban prajurit sukarela dan prajurit wajib yang telah berakhir menjalani dinas keprajuritan untuk aktif kembali dalam keadaan darurat militer dan perang. Pasal ini menjelaskan bahwa prajurit yang telah menyelesaikan masa dinas mereka dapat diwajibkan kembali aktif untuk tugas, sesuai dengan kondisi darurat atau perang yang membutuhkan partisipasi mereka.",
        "Question": "Siapa yang mengatur prosedur kewajiban prajurit untuk aktif kembali?",
        "Answer": "Pemberlakuan prosedur kewajiban prajurit untuk aktif kembali diatur oleh pemerintah dengan ketentuan yang diatur dalam undang-undang yang berlaku sesuai dengan kebutuhan negara."
    },
    {
        "Context": "Pasal 60 mengatur kewajiban prajurit sukarela dan prajurit wajib yang telah berakhir menjalani dinas keprajuritan untuk aktif kembali dalam keadaan darurat militer dan perang. Pasal ini menjelaskan bahwa prajurit yang telah menyelesaikan masa dinas mereka dapat diwajibkan kembali aktif untuk tugas, sesuai dengan kondisi darurat atau perang yang membutuhkan partisipasi mereka.",
        "Question": "Apa isi Pasal 60 secara keseluruhan?",
        "Answer": "Pasal 60 secara keseluruhan mengatur kewajiban prajurit sukarela dan wajib yang telah selesai masa dinasnya untuk aktif kembali dalam keadaan darurat militer dan perang sesuai dengan ketentuan yang berlaku."
    }
]