[
    {
        "Context": "Pasal 74 mengatur bahwa ketentuan dalam Pasal 65 berlaku pada saat undang-undang peradilan militer yang baru diberlakukan, dan selama belum dibentuk, tetap tunduk pada ketentuan Undang-Undang Nomor 31 Tahun 1997 tentang Peradilan Militer.",
        "Question": "Apa isi Pasal 74?",
        "Answer": "Pasal 74 mengatur bahwa ketentuan dalam Pasal 65 berlaku pada saat undang-undang peradilan militer yang baru diberlakukan, dan selama belum dibentuk, tetap tunduk pada ketentuan Undang-Undang Nomor 31 Tahun 1997 tentang Peradilan Militer."
    },
    {
        "Context": "Pasal 74 mengatur bahwa ketentuan dalam Pasal 65 berlaku pada saat undang-undang peradilan militer yang baru diberlakukan, dan selama belum dibentuk, tetap tunduk pada ketentuan Undang-Undang Nomor 31 Tahun 1997 tentang Peradilan Militer.",
        "Question": "Apa isi Pasal 74 ayat 1?",
        "Answer": "Pasal 74 ayat 1 menyatakan bahwa ketentuan yang ada dalam Pasal 65 berlaku setelah undang-undang peradilan militer yang baru diberlakukan."
    },
    {
        "Context": "Pasal 74 mengatur bahwa ketentuan dalam Pasal 65 berlaku pada saat undang-undang peradilan militer yang baru diberlakukan, dan selama belum dibentuk, tetap tunduk pada ketentuan Undang-Undang Nomor 31 Tahun 1997 tentang Peradilan Militer.",
        "Question": "Apa isi Pasal 74 ayat 2?",
        "Answer": "Pasal 74 ayat 2 mengatur bahwa selama undang-undang peradilan militer yang baru belum diberlakukan, maka masih berlaku Undang-Undang Nomor 31 Tahun 1997 tentang Peradilan Militer."
    },
    {
        "Context": "Pasal 74 mengatur bahwa ketentuan dalam Pasal 65 berlaku pada saat undang-undang peradilan militer yang baru diberlakukan, dan selama belum dibentuk, tetap tunduk pada ketentuan Undang-Undang Nomor 31 Tahun 1997 tentang Peradilan Militer.",
        "Question": "Apa yang dimaksud dengan ketentuan Pasal 65 dalam Pasal 74?",
        "Answer": "Ketentuan Pasal 65 dalam Pasal 74 merujuk pada aturan yang berlaku sebelum adanya peraturan peradilan militer yang baru, dan aturan tersebut tetap berlaku sampai pengganti baru diterbitkan."
    },
    {
        "Context": "Pasal 74 mengatur bahwa ketentuan dalam Pasal 65 berlaku pada saat undang-undang peradilan militer yang baru diberlakukan, dan selama belum dibentuk, tetap tunduk pada ketentuan Undang-Undang Nomor 31 Tahun 1997 tentang Peradilan Militer.",
        "Question": "Bagaimana undang-undang peradilan militer yang baru berhubungan dengan Pasal 74?",
        "Answer": "Undang-undang peradilan militer yang baru berhubungan dengan Pasal 74 karena Pasal 74 mengatur transisi ke peraturan baru yang harus diberlakukan untuk memperbarui sistem peradilan militer."
    },
    {
        "Context": "Pasal 74 mengatur bahwa ketentuan dalam Pasal 65 berlaku pada saat undang-undang peradilan militer yang baru diberlakukan, dan selama belum dibentuk, tetap tunduk pada ketentuan Undang-Undang Nomor 31 Tahun 1997 tentang Peradilan Militer.",
        "Question": "Apakah Pasal 74 berlaku sebelum undang-undang peradilan militer yang baru diberlakukan?",
        "Answer": "Pasal 74 berlaku sebelum undang-undang peradilan militer yang baru diberlakukan dengan mengacu pada ketentuan yang ada dalam Undang-Undang Nomor 31 Tahun 1997."
    },
    {
        "Context": "Pasal 74 mengatur bahwa ketentuan dalam Pasal 65 berlaku pada saat undang-undang peradilan militer yang baru diberlakukan, dan selama belum dibentuk, tetap tunduk pada ketentuan Undang-Undang Nomor 31 Tahun 1997 tentang Peradilan Militer.",
        "Question": "Apa yang terjadi jika undang-undang peradilan militer yang baru belum terbentuk?",
        "Answer": "Jika undang-undang peradilan militer yang baru belum terbentuk, maka sistem peradilan militer masih mengacu pada Undang-Undang Nomor 31 Tahun 1997."
    },
    {
        "Context": "Pasal 74 mengatur bahwa ketentuan dalam Pasal 65 berlaku pada saat undang-undang peradilan militer yang baru diberlakukan, dan selama belum dibentuk, tetap tunduk pada ketentuan Undang-Undang Nomor 31 Tahun 1997 tentang Peradilan Militer.",
        "Question": "Apa yang diatur dalam Pasal 74 terkait dengan peraturan peradilan militer?",
        "Answer": "Pasal 74 mengatur bahwa peraturan peradilan militer yang lama tetap berlaku hingga peraturan yang baru disahkan, dan penerapannya berlaku sampai itu terjadi."
    },
    {
        "Context": "Pasal 74 mengatur bahwa ketentuan dalam Pasal 65 berlaku pada saat undang-undang peradilan militer yang baru diberlakukan, dan selama belum dibentuk, tetap tunduk pada ketentuan Undang-Undang Nomor 31 Tahun 1997 tentang Peradilan Militer.",
        "Question": "Apakah Pasal 74 berhubungan dengan Undang-Undang Nomor 31 Tahun 1997?",
        "Answer": "Ya, Pasal 74 berhubungan dengan Undang-Undang Nomor 31 Tahun 1997 tentang Peradilan Militer, yang tetap berlaku sementara menunggu undang-undang baru."
    },
    {
        "Context": "Pasal 74 mengatur bahwa ketentuan dalam Pasal 65 berlaku pada saat undang-undang peradilan militer yang baru diberlakukan, dan selama belum dibentuk, tetap tunduk pada ketentuan Undang-Undang Nomor 31 Tahun 1997 tentang Peradilan Militer.",
        "Question": "Apa yang dimaksud dengan ketentuan yang berlaku dalam Pasal 74?",
        "Answer": "Ketentuan yang berlaku dalam Pasal 74 adalah Undang-Undang Nomor 31 Tahun 1997 tentang Peradilan Militer, yang tetap berlaku sampai pengganti baru disahkan."
    },
    {
        "Context": "Pasal 74 mengatur bahwa ketentuan dalam Pasal 65 berlaku pada saat undang-undang peradilan militer yang baru diberlakukan, dan selama belum dibentuk, tetap tunduk pada ketentuan Undang-Undang Nomor 31 Tahun 1997 tentang Peradilan Militer.",
        "Question": "Apa yang dimaksud dengan peradilan militer dalam Pasal 74?",
        "Answer": "Peradilan militer dalam Pasal 74 merujuk pada sistem hukum yang mengatur pengadilan militer, yang dalam hal ini tetap mengacu pada Undang-Undang Nomor 31 Tahun 1997."
    },
    {
        "Context": "Pasal 74 mengatur bahwa ketentuan dalam Pasal 65 berlaku pada saat undang-undang peradilan militer yang baru diberlakukan, dan selama belum dibentuk, tetap tunduk pada ketentuan Undang-Undang Nomor 31 Tahun 1997 tentang Peradilan Militer.",
        "Question": "Apakah Pasal 74 mengatur penggantian peraturan peradilan militer?",
        "Answer": "Pasal 74 tidak mengatur penggantian langsung peraturan peradilan militer, namun memastikan bahwa peraturan yang ada tetap berlaku sampai ada peraturan baru."
    },
    {
        "Context": "Pasal 74 mengatur bahwa ketentuan dalam Pasal 65 berlaku pada saat undang-undang peradilan militer yang baru diberlakukan, dan selama belum dibentuk, tetap tunduk pada ketentuan Undang-Undang Nomor 31 Tahun 1997 tentang Peradilan Militer.",
        "Question": "Apakah Pasal 74 menyebutkan kewajiban untuk segera mengesahkan undang-undang peradilan militer?",
        "Answer": "Pasal 74 menyebutkan kewajiban untuk segera mengesahkan undang-undang peradilan militer yang baru, dan aturan yang ada tetap berlaku sampai itu terjadi."
    },
    {
        "Context": "Pasal 74 mengatur bahwa ketentuan dalam Pasal 65 berlaku pada saat undang-undang peradilan militer yang baru diberlakukan, dan selama belum dibentuk, tetap tunduk pada ketentuan Undang-Undang Nomor 31 Tahun 1997 tentang Peradilan Militer.",
        "Question": "Bagaimana peradilan militer yang lama berfungsi sesuai dengan Pasal 74?",
        "Answer": "Peradilan militer yang lama tetap berfungsi sesuai dengan ketentuan yang ada dalam Undang-Undang Nomor 31 Tahun 1997, sampai ada undang-undang baru yang menggantikan."
    },
    {
        "Context": "Pasal 74 mengatur bahwa ketentuan dalam Pasal 65 berlaku pada saat undang-undang peradilan militer yang baru diberlakukan, dan selama belum dibentuk, tetap tunduk pada ketentuan Undang-Undang Nomor 31 Tahun 1997 tentang Peradilan Militer.",
        "Question": "Apakah Pasal 74 mengatur tentang masa transisi menuju undang-undang peradilan militer baru?",
        "Answer": "Ya, Pasal 74 mengatur masa transisi menuju undang-undang peradilan militer baru, yang memastikan ketentuan yang ada masih berlaku selama transisi."
    },
    {
        "Context": "Pasal 74 mengatur bahwa ketentuan dalam Pasal 65 berlaku pada saat undang-undang peradilan militer yang baru diberlakukan, dan selama belum dibentuk, tetap tunduk pada ketentuan Undang-Undang Nomor 31 Tahun 1997 tentang Peradilan Militer.",
        "Question": "Apa akibatnya jika undang-undang peradilan militer yang baru tidak segera diberlakukan?",
        "Answer": "Jika undang-undang peradilan militer yang baru tidak segera diberlakukan, Pasal 74 memastikan bahwa peraturan lama tetap berlaku hingga ada pengganti yang sesuai."
    },
    {
        "Context": "Pasal 74 mengatur bahwa ketentuan dalam Pasal 65 berlaku pada saat undang-undang peradilan militer yang baru diberlakukan, dan selama belum dibentuk, tetap tunduk pada ketentuan Undang-Undang Nomor 31 Tahun 1997 tentang Peradilan Militer.",
        "Question": "Apakah Pasal 74 mengatur tentang hubungan antara undang-undang peradilan militer dan sistem hukum lainnya?",
        "Answer": "Pasal 74 mengatur hubungan antara undang-undang peradilan militer dan sistem hukum lainnya dengan memastikan bahwa peraturan lama tetap berlaku sampai ada peraturan baru."
    },
    {
        "Context": "Pasal 74 mengatur bahwa ketentuan dalam Pasal 65 berlaku pada saat undang-undang peradilan militer yang baru diberlakukan, dan selama belum dibentuk, tetap tunduk pada ketentuan Undang-Undang Nomor 31 Tahun 1997 tentang Peradilan Militer.",
        "Question": "Apakah Pasal 74 berlaku untuk semua jenis peradilan militer?",
        "Answer": "Pasal 74 berlaku untuk semua jenis peradilan militer yang ada, sampai undang-undang peradilan militer yang baru disahkan dan diterapkan."
    },
    {
        "Context": "Pasal 74 mengatur bahwa ketentuan dalam Pasal 65 berlaku pada saat undang-undang peradilan militer yang baru diberlakukan, dan selama belum dibentuk, tetap tunduk pada ketentuan Undang-Undang Nomor 31 Tahun 1997 tentang Peradilan Militer.",
        "Question": "Bagaimana implementasi Pasal 74 terkait dengan peradilan militer yang masih menggunakan peraturan lama?",
        "Answer": "Pasal 74 mendukung implementasi hukum peradilan militer dengan memastikan bahwa peraturan lama tetap diberlakukan hingga peraturan baru disahkan."
    },
    {
        "Context": "Pasal 74 mengatur bahwa ketentuan dalam Pasal 65 berlaku pada saat undang-undang peradilan militer yang baru diberlakukan, dan selama belum dibentuk, tetap tunduk pada ketentuan Undang-Undang Nomor 31 Tahun 1997 tentang Peradilan Militer.",
        "Question": "Apakah Pasal 74 berhubungan dengan peraturan lainnya di bidang hukum militer?",
        "Answer": "Pasal 74 berhubungan dengan peraturan lainnya di bidang hukum militer karena memberikan dasar untuk menjaga kelangsungan peraturan militer selama periode transisi."
    },
    {
        "Context": "Pasal 74 mengatur bahwa ketentuan dalam Pasal 65 berlaku pada saat undang-undang peradilan militer yang baru diberlakukan, dan selama belum dibentuk, tetap tunduk pada ketentuan Undang-Undang Nomor 31 Tahun 1997 tentang Peradilan Militer.",
        "Question": "Bagaimana Pasal 74 mendukung kesatuan peraturan peradilan militer?",
        "Answer": "Pasal 74 mendukung kesatuan peraturan peradilan militer dengan menjaga kejelasan ketentuan hukum sampai undang-undang baru diberlakukan."
    },
    {
        "Context": "Pasal 74 mengatur bahwa ketentuan dalam Pasal 65 berlaku pada saat undang-undang peradilan militer yang baru diberlakukan, dan selama belum dibentuk, tetap tunduk pada ketentuan Undang-Undang Nomor 31 Tahun 1997 tentang Peradilan Militer.",
        "Question": "Apa yang diatur dalam Pasal 74 terkait dengan implementasi hukum peradilan militer?",
        "Answer": "Pasal 74 mengatur implementasi hukum peradilan militer dengan memastikan bahwa hukum yang berlaku saat ini tetap sah sampai ada perubahan yang ditetapkan dalam undang-undang baru."
    }
]