[
    {
        "Context": "Pasal 63 mengatur tentang perkawinan, perceraian, dan rujuk bagi setiap prajurit yang dilaksanakan berdasarkan peraturan perundang-undangan.",
        "Question": "Apa isi Pasal 63?",
        "Answer": "Pasal 63 mengatur tentang perkawinan, perceraian, dan rujuk bagi setiap prajurit yang dilaksanakan berdasarkan peraturan perundang-undangan."
    },
    {
        "Context": "Pasal 63 mengatur tentang perkawinan, perceraian, dan rujuk bagi setiap prajurit yang dilaksanakan berdasarkan peraturan perundang-undangan.",
        "Question": "Apa isi Pasal 63 ayat 1?",
        "Answer": "Perkawinan, perceraian, dan rujuk bagi setiap prajurit dilaksanakan berdasarkan peraturan perundang-undangan."
    },
    {
        "Context": "Pasal 63 mengatur tentang perkawinan, perceraian, dan rujuk bagi setiap prajurit yang dilaksanakan berdasarkan peraturan perundang-undangan.",
        "Question": "Apa isi Pasal 63 ayat 2?",
        "Answer": "Pelaksanaan perkawinan, perceraian, dan rujuk bagi prajurit diatur dengan keputusan Panglima."
    },
    {
        "Context": "Pasal 63 mengatur tentang perkawinan, perceraian, dan rujuk bagi setiap prajurit yang dilaksanakan berdasarkan peraturan perundang-undangan.",
        "Question": "Apa yang dimaksud dengan perkawinan dalam Pasal 63?",
        "Answer": "Perkawinan dalam Pasal 63 berarti penyatuan antara dua individu berdasarkan hukum yang berlaku."
    },
    {
        "Context": "Pasal 63 mengatur tentang perkawinan, perceraian, dan rujuk bagi setiap prajurit yang dilaksanakan berdasarkan peraturan perundang-undangan.",
        "Question": "Apa yang dimaksud dengan perceraian dalam Pasal 63?",
        "Answer": "Perceraian dalam Pasal 63 berarti pemutusan status perkawinan yang dilakukan sesuai dengan hukum yang berlaku."
    },
    {
        "Context": "Pasal 63 mengatur tentang perkawinan, perceraian, dan rujuk bagi setiap prajurit yang dilaksanakan berdasarkan peraturan perundang-undangan.",
        "Question": "Apa yang dimaksud dengan rujuk dalam Pasal 63?",
        "Answer": "Rujuk dalam Pasal 63 berarti upaya untuk kembali ke dalam status perkawinan setelah perceraian."
    },
    {
        "Context": "Pasal 63 mengatur tentang perkawinan, perceraian, dan rujuk bagi setiap prajurit yang dilaksanakan berdasarkan peraturan perundang-undangan.",
        "Question": "Apakah Pasal 63 berlaku untuk semua prajurit?",
        "Answer": "Ya, Pasal 63 berlaku untuk semua prajurit yang melibatkan perkawinan, perceraian, dan rujuk mereka."
    },
    {
        "Context": "Pasal 63 mengatur tentang perkawinan, perceraian, dan rujuk bagi setiap prajurit yang dilaksanakan berdasarkan peraturan perundang-undangan.",
        "Question": "Apa dasar hukum untuk perkawinan, perceraian, dan rujuk prajurit dalam Pasal 63?",
        "Answer": "Dasar hukum untuk perkawinan, perceraian, dan rujuk prajurit dalam Pasal 63 adalah peraturan perundang-undangan yang berlaku."
    },
    {
        "Context": "Pasal 63 mengatur tentang perkawinan, perceraian, dan rujuk bagi setiap prajurit yang dilaksanakan berdasarkan peraturan perundang-undangan.",
        "Question": "Siapa yang mengatur pelaksanaan perkawinan, perceraian, dan rujuk bagi prajurit?",
        "Answer": "Pelaksanaan perkawinan, perceraian, dan rujuk bagi prajurit diatur dengan keputusan Panglima."
    },
    {
        "Context": "Pasal 63 mengatur tentang perkawinan, perceraian, dan rujuk bagi setiap prajurit yang dilaksanakan berdasarkan peraturan perundang-undangan.",
        "Question": "Apakah Pasal 63 mengatur syarat perkawinan prajurit?",
        "Answer": "Pasal 63 tidak mengatur syarat perkawinan prajurit secara rinci, tetapi berdasarkan peraturan perundang-undangan yang berlaku."
    },
    {
        "Context": "Pasal 63 mengatur tentang perkawinan, perceraian, dan rujuk bagi setiap prajurit yang dilaksanakan berdasarkan peraturan perundang-undangan.",
        "Question": "Apa peran peraturan perundang-undangan dalam Pasal 63?",
        "Answer": "Peraturan perundang-undangan berfungsi sebagai acuan dalam pelaksanaan perkawinan, perceraian, dan rujuk bagi prajurit."
    },
    {
        "Context": "Pasal 63 mengatur tentang perkawinan, perceraian, dan rujuk bagi setiap prajurit yang dilaksanakan berdasarkan peraturan perundang-undangan.",
        "Question": "Apakah ada pengecualian untuk pelaksanaan perkawinan, perceraian, dan rujuk bagi prajurit?",
        "Answer": "Tidak ada pengecualian khusus untuk pelaksanaan perkawinan, perceraian, dan rujuk, semuanya berdasarkan hukum yang berlaku."
    },
    {
        "Context": "Pasal 63 mengatur tentang perkawinan, perceraian, dan rujuk bagi setiap prajurit yang dilaksanakan berdasarkan peraturan perundang-undangan.",
        "Question": "Bagaimana hubungan Pasal 63 dengan hukum perkawinan di Indonesia?",
        "Answer": "Pasal 63 sejalan dengan hukum perkawinan di Indonesia yang berlaku bagi prajurit TNI."
    },
    {
        "Context": "Pasal 63 mengatur tentang perkawinan, perceraian, dan rujuk bagi setiap prajurit yang dilaksanakan berdasarkan peraturan perundang-undangan.",
        "Question": "Apakah Pasal 63 terkait dengan hak prajurit dalam hubungan rumah tangga?",
        "Answer": "Pasal 63 berkaitan dengan hak-hak prajurit terkait status perkawinan dan hubungan rumah tangga mereka."
    },
    {
        "Context": "Pasal 63 mengatur tentang perkawinan, perceraian, dan rujuk bagi setiap prajurit yang dilaksanakan berdasarkan peraturan perundang-undangan.",
        "Question": "Apakah prajurit yang bercerai tetap berhak atas fasilitas TNI?",
        "Answer": "Ya, meskipun bercerai, prajurit tetap berhak atas fasilitas yang disediakan oleh TNI, selama memenuhi persyaratan lainnya."
    },
    {
        "Context": "Pasal 63 mengatur tentang perkawinan, perceraian, dan rujuk bagi setiap prajurit yang dilaksanakan berdasarkan peraturan perundang-undangan.",
        "Question": "Apakah peraturan terkait perkawinan prajurit ditentukan oleh Panglima?",
        "Answer": "Peraturan terkait perkawinan prajurit diatur lebih lanjut oleh Panglima melalui keputusan yang sesuai."
    },
    {
        "Context": "Pasal 63 mengatur tentang perkawinan, perceraian, dan rujuk bagi setiap prajurit yang dilaksanakan berdasarkan peraturan perundang-undangan.",
        "Question": "Apakah Pasal 63 berhubungan dengan status prajurit yang sudah menikah atau bercerai?",
        "Answer": "Pasal 63 mempengaruhi status prajurit yang sudah menikah atau bercerai, mengatur hak-hak terkait dengan status tersebut."
    },
    {
        "Context": "Pasal 63 mengatur tentang perkawinan, perceraian, dan rujuk bagi setiap prajurit yang dilaksanakan berdasarkan peraturan perundang-undangan.",
        "Question": "Apakah ada sanksi terkait dengan pelanggaran perkawinan prajurit?",
        "Answer": "Pelanggaran terhadap ketentuan dalam Pasal 63 dapat dikenai sanksi, namun ketentuan lebih lanjut diatur dengan peraturan yang berlaku."
    },
    {
        "Context": "Pasal 63 mengatur tentang perkawinan, perceraian, dan rujuk bagi setiap prajurit yang dilaksanakan berdasarkan peraturan perundang-undangan.",
        "Question": "Apa pengaruh Pasal 63 terhadap status keluarga prajurit?",
        "Answer": "Pasal 63 memberikan pengaruh terhadap status keluarga prajurit dan bagaimana mereka menjalani kehidupan rumah tangga di dalam dinas."
    },
    {
        "Context": "Pasal 63 mengatur tentang perkawinan, perceraian, dan rujuk bagi setiap prajurit yang dilaksanakan berdasarkan peraturan perundang-undangan.",
        "Question": "Apa yang diatur dalam Pasal 63 terkait dengan rujuk bagi prajurit?",
        "Answer": "Pasal 63 mengatur tentang pelaksanaan rujuk bagi prajurit, yang dilakukan sesuai dengan peraturan perundang-undangan yang berlaku."
    }
]