[
    {
        "Context": "Pasal 71 mengatur tentang usia pensiun prajurit TNI, yang paling tinggi 58 tahun untuk perwira dan 53 tahun untuk bintara dan tamtama, serta pelaksanaan ketentuan ini secara bertahap.",
        "Question": "Apa isi Pasal 71?",
        "Answer": "Pasal 71 mengatur tentang usia pensiun prajurit TNI, yang paling tinggi 58 tahun untuk perwira dan 53 tahun untuk bintara dan tamtama, serta pelaksanaan ketentuan ini secara bertahap."
    },
    {
        "Context": "Pasal 71 mengatur tentang usia pensiun prajurit TNI, yang paling tinggi 58 tahun untuk perwira dan 53 tahun untuk bintara dan tamtama, serta pelaksanaan ketentuan ini secara bertahap.",
        "Question": "Apa isi Pasal 71 ayat 1?",
        "Answer": "Pasal 71 ayat 1 mengatur bahwa usia pensiun bagi perwira paling tinggi 58 tahun dan bagi bintara serta tamtama paling tinggi 53 tahun, hanya berlaku bagi prajurit yang belum pensiun."
    },
    {
        "Context": "Pasal 71 mengatur tentang usia pensiun prajurit TNI, yang paling tinggi 58 tahun untuk perwira dan 53 tahun untuk bintara dan tamtama, serta pelaksanaan ketentuan ini secara bertahap.",
        "Question": "Apa isi Pasal 71 ayat 2?",
        "Answer": "Pasal 71 ayat 2 mengatur bahwa pelaksanaan usia pensiun dilakukan secara bertahap sesuai dengan ketentuan yang ditetapkan dalam Pasal 71."
    },
    {
        "Context": "Pasal 71 mengatur tentang usia pensiun prajurit TNI, yang paling tinggi 58 tahun untuk perwira dan 53 tahun untuk bintara dan tamtama, serta pelaksanaan ketentuan ini secara bertahap.",
        "Question": "Apa isi Pasal 71 ayat 2a?",
        "Answer": "Pasal 71 ayat 2a mengatur bahwa perwira yang berusia 55 tahun atau belum genap, akan tetap menjalani dinas keprajuritan sampai usia paling tinggi 56 tahun."
    },
    {
        "Context": "Pasal 71 mengatur tentang usia pensiun prajurit TNI, yang paling tinggi 58 tahun untuk perwira dan 53 tahun untuk bintara dan tamtama, serta pelaksanaan ketentuan ini secara bertahap.",
        "Question": "Apa isi Pasal 71 ayat 2b?",
        "Answer": "Pasal 71 ayat 2b mengatur bahwa perwira yang belum genap berusia 54 tahun, akan menjalani dinas keprajuritan sampai usia paling tinggi 57 tahun."
    },
    {
        "Context": "Pasal 71 mengatur tentang usia pensiun prajurit TNI, yang paling tinggi 58 tahun untuk perwira dan 53 tahun untuk bintara dan tamtama, serta pelaksanaan ketentuan ini secara bertahap.",
        "Question": "Apa yang dimaksud dengan usia pensiun dalam Pasal 71?",
        "Answer": "Usia pensiun dalam Pasal 71 adalah batas usia maksimal bagi perwira (58 tahun) dan bintara/tamtama (53 tahun) untuk tetap bertugas dalam dinas keprajuritan."
    },
    {
        "Context": "Pasal 71 mengatur tentang usia pensiun prajurit TNI, yang paling tinggi 58 tahun untuk perwira dan 53 tahun untuk bintara dan tamtama, serta pelaksanaan ketentuan ini secara bertahap.",
        "Question": "Apa yang diatur dalam Pasal 71 terkait usia pensiun prajurit?",
        "Answer": "Pasal 71 mengatur usia pensiun bagi prajurit TNI, menetapkan batasan usia pensiun yang berbeda antara perwira, bintara, dan tamtama."
    },
    {
        "Context": "Pasal 71 mengatur tentang usia pensiun prajurit TNI, yang paling tinggi 58 tahun untuk perwira dan 53 tahun untuk bintara dan tamtama, serta pelaksanaan ketentuan ini secara bertahap.",
        "Question": "Bagaimana usia pensiun perwira diatur dalam Pasal 71?",
        "Answer": "Usia pensiun perwira diatur dalam Pasal 71, yang tertinggi adalah 58 tahun bagi mereka yang belum pensiun pada saat undang-undang ini berlaku."
    },
    {
        "Context": "Pasal 71 mengatur tentang usia pensiun prajurit TNI, yang paling tinggi 58 tahun untuk perwira dan 53 tahun untuk bintara dan tamtama, serta pelaksanaan ketentuan ini secara bertahap.",
        "Question": "Bagaimana usia pensiun bintara dan tamtama diatur dalam Pasal 71?",
        "Answer": "Usia pensiun bintara dan tamtama diatur dalam Pasal 71, yang tertinggi adalah 53 tahun bagi mereka yang belum pensiun pada saat undang-undang ini berlaku."
    },
    {
        "Context": "Pasal 71 mengatur tentang usia pensiun prajurit TNI, yang paling tinggi 58 tahun untuk perwira dan 53 tahun untuk bintara dan tamtama, serta pelaksanaan ketentuan ini secara bertahap.",
        "Question": "Apa yang dimaksud dengan pelaksanaan bertahap dalam Pasal 71?",
        "Answer": "Pelaksanaan bertahap dalam Pasal 71 mengatur bahwa usia pensiun bagi prajurit TNI dilaksanakan secara bertahap berdasarkan usia dan pangkat prajurit."
    },
    {
        "Context": "Pasal 71 mengatur tentang usia pensiun prajurit TNI, yang paling tinggi 58 tahun untuk perwira dan 53 tahun untuk bintara dan tamtama, serta pelaksanaan ketentuan ini secara bertahap.",
        "Question": "Apa yang dimaksud dengan masa dinas keprajuritan dalam Pasal 71?",
        "Answer": "Masa dinas keprajuritan dalam Pasal 71 berarti waktu yang dijalani oleh prajurit dari mulai bertugas hingga mencapai usia pensiun sesuai ketentuan yang berlaku."
    },
    {
        "Context": "Pasal 71 mengatur tentang usia pensiun prajurit TNI, yang paling tinggi 58 tahun untuk perwira dan 53 tahun untuk bintara dan tamtama, serta pelaksanaan ketentuan ini secara bertahap.",
        "Question": "Bagaimana Pasal 71 mengatur masa dinas perwira?",
        "Answer": "Pasal 71 mengatur bahwa masa dinas perwira dapat diperpanjang sampai usia tertentu sesuai dengan ketentuan yang berlaku, tergantung pada usia perwira tersebut."
    },
    {
        "Context": "Pasal 71 mengatur tentang usia pensiun prajurit TNI, yang paling tinggi 58 tahun untuk perwira dan 53 tahun untuk bintara dan tamtama, serta pelaksanaan ketentuan ini secara bertahap.",
        "Question": "Apa akibatnya jika seorang perwira lebih dari usia pensiun yang ditentukan dalam Pasal 71?",
        "Answer": "Jika seorang perwira melebihi usia pensiun yang ditentukan, maka dia akan diberhentikan sesuai ketentuan yang berlaku setelah mencapai batas usia pensiun yang ditetapkan."
    },
    {
        "Context": "Pasal 71 mengatur tentang usia pensiun prajurit TNI, yang paling tinggi 58 tahun untuk perwira dan 53 tahun untuk bintara dan tamtama, serta pelaksanaan ketentuan ini secara bertahap.",
        "Question": "Apa akibatnya jika seorang bintara atau tamtama lebih dari usia pensiun yang ditentukan dalam Pasal 71?",
        "Answer": "Jika seorang bintara atau tamtama melebihi usia pensiun yang ditentukan, maka masa dinasnya akan dihentikan sesuai dengan ketentuan yang ada di Pasal 71."
    },
    {
        "Context": "Pasal 71 mengatur tentang usia pensiun prajurit TNI, yang paling tinggi 58 tahun untuk perwira dan 53 tahun untuk bintara dan tamtama, serta pelaksanaan ketentuan ini secara bertahap.",
        "Question": "Bagaimana Pasal 71 mengatur masa dinas bagi bintara dan tamtama?",
        "Answer": "Pasal 71 mengatur masa dinas bagi bintara dan tamtama dengan batasan usia pensiun 53 tahun bagi yang belum pensiun pada saat undang-undang ini diberlakukan."
    },
    {
        "Context": "Pasal 71 mengatur tentang usia pensiun prajurit TNI, yang paling tinggi 58 tahun untuk perwira dan 53 tahun untuk bintara dan tamtama, serta pelaksanaan ketentuan ini secara bertahap.",
        "Question": "Apakah Pasal 71 berlaku bagi prajurit yang telah pensiun?",
        "Answer": "Pasal 71 berlaku untuk prajurit yang belum dinyatakan pensiun, yaitu yang belum mencapai usia pensiun sesuai dengan ketentuan yang ada dalam undang-undang ini."
    },
    {
        "Context": "Pasal 71 mengatur tentang usia pensiun prajurit TNI, yang paling tinggi 58 tahun untuk perwira dan 53 tahun untuk bintara dan tamtama, serta pelaksanaan ketentuan ini secara bertahap.",
        "Question": "Bagaimana cara perwira yang lebih muda dari 55 tahun menjalani masa dinas berdasarkan Pasal 71?",
        "Answer": "Perwira yang lebih muda dari 55 tahun dapat melanjutkan dinas keprajuritannya sampai usia 56 tahun sesuai dengan ketentuan dalam Pasal 71."
    },
    {
        "Context": "Pasal 71 mengatur tentang usia pensiun prajurit TNI, yang paling tinggi 58 tahun untuk perwira dan 53 tahun untuk bintara dan tamtama, serta pelaksanaan ketentuan ini secara bertahap.",
        "Question": "Bagaimana cara perwira yang lebih muda dari 54 tahun menjalani masa dinas berdasarkan Pasal 71?",
        "Answer": "Perwira yang lebih muda dari 54 tahun dapat melanjutkan dinas keprajuritannya sampai usia 57 tahun sesuai dengan ketentuan dalam Pasal 71."
    },
    {
        "Context": "Pasal 71 mengatur tentang usia pensiun prajurit TNI, yang paling tinggi 58 tahun untuk perwira dan 53 tahun untuk bintara dan tamtama, serta pelaksanaan ketentuan ini secara bertahap.",
        "Question": "Bagaimana cara bintara atau tamtama menjalani masa dinas berdasarkan Pasal 71?",
        "Answer": "Bintara dan tamtama yang lebih muda dari 48 tahun dapat melanjutkan dinas keprajuritannya sampai usia 53 tahun sesuai dengan ketentuan dalam Pasal 71."
    },
    {
        "Context": "Pasal 71 mengatur tentang usia pensiun prajurit TNI, yang paling tinggi 58 tahun untuk perwira dan 53 tahun untuk bintara dan tamtama, serta pelaksanaan ketentuan ini secara bertahap.",
        "Question": "Bagaimana Pasal 71 memastikan perwira dan bintara/tamtama tidak melebihi batas usia pensiun?",
        "Answer": "Pasal 71 memastikan bahwa perwira dan bintara/tamtama tidak melebihi batas usia pensiun dengan membatasi masa dinas berdasarkan ketentuan usia yang berlaku."
    },
    {
        "Context": "Pasal 71 mengatur tentang usia pensiun prajurit TNI, yang paling tinggi 58 tahun untuk perwira dan 53 tahun untuk bintara dan tamtama, serta pelaksanaan ketentuan ini secara bertahap.",
        "Question": "Apa yang dimaksud dengan ketentuan bertahap dalam Pasal 71?",
        "Answer": "Ketentuan bertahap dalam Pasal 71 mengatur bahwa usia pensiun untuk perwira dan bintara/tamtama akan dilakukan secara bertahap sesuai dengan usia mereka pada saat undang-undang ini diberlakukan."
    },
    {
        "Context": "Pasal 71 mengatur tentang usia pensiun prajurit TNI, yang paling tinggi 58 tahun untuk perwira dan 53 tahun untuk bintara dan tamtama, serta pelaksanaan ketentuan ini secara bertahap.",
        "Question": "Bagaimana ketentuan pensiun bagi perwira dengan usia 55 tahun menurut Pasal 71?",
        "Answer": "Perwira yang berusia 55 tahun atau lebih, tetapi belum genap 56 tahun, akan menjalani dinas sampai dengan usia 56 tahun sesuai dengan Pasal 71."
    },
    {
        "Context": "Pasal 71 mengatur tentang usia pensiun prajurit TNI, yang paling tinggi 58 tahun untuk perwira dan 53 tahun untuk bintara dan tamtama, serta pelaksanaan ketentuan ini secara bertahap.",
        "Question": "Apa yang terjadi pada perwira yang berusia lebih dari 58 tahun terkait pensiun menurut Pasal 71?",
        "Answer": "Perwira yang berusia lebih dari 58 tahun tidak akan diperpanjang masa dinasnya sesuai dengan ketentuan yang berlaku dalam Pasal 71."
    }
]