[
    {
        "Context": "Pasal 58 mengatur tentang prajurit yang hilang dalam tugas. Jika prajurit tidak kembali bergabung dengan kesatuannya setelah menjalankan tugas, mereka dapat dinyatakan hilang jika penyebabnya akibat tindakan musuh atau di luar kekuasaannya. Pasal ini juga mengatur prosedur pencarian prajurit hilang, pemberhentian mereka setelah satu tahun jika tidak ditemukan, serta pemberian hak kepada ahli waris mereka. Selain itu, pasal ini juga mengatur pengangkatan kembali prajurit yang ditemukan setelah hilang.",
        "Question": "Apa yang dimaksud dengan prajurit hilang dalam tugas?",
        "Answer": "Prajurit hilang dalam tugas adalah prajurit yang tidak kembali ke kesatuan mereka setelah menjalankan tugas, yang disebabkan oleh tindakan musuh atau faktor lain yang di luar kekuasaan mereka."
    },
    {
        "Context": "Pasal 58 mengatur tentang prajurit yang hilang dalam tugas. Jika prajurit tidak kembali bergabung dengan kesatuannya setelah menjalankan tugas, mereka dapat dinyatakan hilang jika penyebabnya akibat tindakan musuh atau di luar kekuasaannya. Pasal ini juga mengatur prosedur pencarian prajurit hilang, pemberhentian mereka setelah satu tahun jika tidak ditemukan, serta pemberian hak kepada ahli waris mereka. Selain itu, pasal ini juga mengatur pengangkatan kembali prajurit yang ditemukan setelah hilang.",
        "Question": "Bagaimana prosedur pencarian prajurit yang hilang dalam tugas?",
        "Answer": "Jika prajurit hilang, mereka wajib terus dicari sampai ada kepastian mengenai keberadaan mereka. Jika setelah satu tahun tidak ditemukan, status mereka bisa dibatalkan dan diberhentikan dengan hormat."
    },
    {
        "Context": "Pasal 58 mengatur tentang prajurit yang hilang dalam tugas. Jika prajurit tidak kembali bergabung dengan kesatuannya setelah menjalankan tugas, mereka dapat dinyatakan hilang jika penyebabnya akibat tindakan musuh atau di luar kekuasaannya. Pasal ini juga mengatur prosedur pencarian prajurit hilang, pemberhentian mereka setelah satu tahun jika tidak ditemukan, serta pemberian hak kepada ahli waris mereka. Selain itu, pasal ini juga mengatur pengangkatan kembali prajurit yang ditemukan setelah hilang.",
        "Question": "Apa yang terjadi jika prajurit yang hilang tidak ditemukan setelah satu tahun?",
        "Answer": "Jika prajurit hilang selama satu tahun dan tidak ditemukan, mereka akan diberhentikan dengan hormat dan hak-hak mereka akan diberikan kepada ahli waris mereka seperti hak prajurit yang gugur."
    },
    {
        "Context": "Pasal 58 mengatur tentang prajurit yang hilang dalam tugas. Jika prajurit tidak kembali bergabung dengan kesatuannya setelah menjalankan tugas, mereka dapat dinyatakan hilang jika penyebabnya akibat tindakan musuh atau di luar kekuasaannya. Pasal ini juga mengatur prosedur pencarian prajurit hilang, pemberhentian mereka setelah satu tahun jika tidak ditemukan, serta pemberian hak kepada ahli waris mereka. Selain itu, pasal ini juga mengatur pengangkatan kembali prajurit yang ditemukan setelah hilang.",
        "Question": "Siapa yang berhak menerima hak jika prajurit hilang dan tidak ditemukan?",
        "Answer": "Ahli waris prajurit yang hilang dan tidak ditemukan setelah satu tahun berhak menerima hak-hak yang sama seperti hak prajurit yang gugur, termasuk pensiun dan tunjangan yang diatur dalam peraturan perundang-undangan."
    },
    {
        "Context": "Pasal 58 mengatur tentang prajurit yang hilang dalam tugas. Jika prajurit tidak kembali bergabung dengan kesatuannya setelah menjalankan tugas, mereka dapat dinyatakan hilang jika penyebabnya akibat tindakan musuh atau di luar kekuasaannya. Pasal ini juga mengatur prosedur pencarian prajurit hilang, pemberhentian mereka setelah satu tahun jika tidak ditemukan, serta pemberian hak kepada ahli waris mereka. Selain itu, pasal ini juga mengatur pengangkatan kembali prajurit yang ditemukan setelah hilang.",
        "Question": "Apa yang terjadi jika prajurit yang hilang ditemukan kembali?",
        "Answer": "Jika prajurit yang hilang ditemukan kembali setelah satu tahun, mereka akan diangkat kembali sesuai dengan status mereka sebelum dinyatakan hilang dan diberikan hak rawatan dinas penuh untuk periode hilangnya, dengan memperhitungkan hak yang telah diterima oleh ahli waris."
    },
    {
        "Context": "Pasal 58 mengatur tentang prajurit yang hilang dalam tugas. Jika prajurit tidak kembali bergabung dengan kesatuannya setelah menjalankan tugas, mereka dapat dinyatakan hilang jika penyebabnya akibat tindakan musuh atau di luar kekuasaannya. Pasal ini juga mengatur prosedur pencarian prajurit hilang, pemberhentian mereka setelah satu tahun jika tidak ditemukan, serta pemberian hak kepada ahli waris mereka. Selain itu, pasal ini juga mengatur pengangkatan kembali prajurit yang ditemukan setelah hilang.",
        "Question": "Apa yang diatur dalam Pasal 58 ayat 1?",
        "Answer": "Pasal 58 ayat 1 mengatur bahwa prajurit yang tidak kembali bergabung dengan kesatuannya akibat tindakan musuh atau di luar kekuasaannya dapat dinyatakan hilang dan wajib terus dicari."
    },
    {
        "Context": "Pasal 58 mengatur tentang prajurit yang hilang dalam tugas. Jika prajurit tidak kembali bergabung dengan kesatuannya setelah menjalankan tugas, mereka dapat dinyatakan hilang jika penyebabnya akibat tindakan musuh atau di luar kekuasaannya. Pasal ini juga mengatur prosedur pencarian prajurit hilang, pemberhentian mereka setelah satu tahun jika tidak ditemukan, serta pemberian hak kepada ahli waris mereka. Selain itu, pasal ini juga mengatur pengangkatan kembali prajurit yang ditemukan setelah hilang.",
        "Question": "Apa yang diatur dalam Pasal 58 ayat 2?",
        "Answer": "Pasal 58 ayat 2 mengatur bahwa jika setelah satu tahun tidak ada kepastian mengenai prajurit yang hilang, mereka diberhentikan dengan hormat dan hak-hak mereka diberikan kepada ahli warisnya seperti hak prajurit yang gugur."
    },
    {
        "Context": "Pasal 58 mengatur tentang prajurit yang hilang dalam tugas. Jika prajurit tidak kembali bergabung dengan kesatuannya setelah menjalankan tugas, mereka dapat dinyatakan hilang jika penyebabnya akibat tindakan musuh atau di luar kekuasaannya. Pasal ini juga mengatur prosedur pencarian prajurit hilang, pemberhentian mereka setelah satu tahun jika tidak ditemukan, serta pemberian hak kepada ahli waris mereka. Selain itu, pasal ini juga mengatur pengangkatan kembali prajurit yang ditemukan setelah hilang.",
        "Question": "Apa yang diatur dalam Pasal 58 ayat 3?",
        "Answer": "Pasal 58 ayat 3 mengatur bahwa jika prajurit yang hilang ditemukan kembali dan masih hidup, mereka diangkat kembali dengan status sebelum hilang dan diberikan hak rawatan dinas penuh selama hilang."
    },
    {
        "Context": "Pasal 58 mengatur tentang prajurit yang hilang dalam tugas. Jika prajurit tidak kembali bergabung dengan kesatuannya setelah menjalankan tugas, mereka dapat dinyatakan hilang jika penyebabnya akibat tindakan musuh atau di luar kekuasaannya. Pasal ini juga mengatur prosedur pencarian prajurit hilang, pemberhentian mereka setelah satu tahun jika tidak ditemukan, serta pemberian hak kepada ahli waris mereka. Selain itu, pasal ini juga mengatur pengangkatan kembali prajurit yang ditemukan setelah hilang.",
        "Question": "Apa yang dimaksud dengan hak rawatan dinas penuh?",
        "Answer": "Hak rawatan dinas penuh berarti bahwa prajurit yang ditemukan kembali setelah hilang berhak mendapatkan hak-hak yang seharusnya diterima selama periode mereka hilang, termasuk kompensasi dan layanan kesehatan."
    },
    {
        "Context": "Pasal 58 mengatur tentang prajurit yang hilang dalam tugas. Jika prajurit tidak kembali bergabung dengan kesatuannya setelah menjalankan tugas, mereka dapat dinyatakan hilang jika penyebabnya akibat tindakan musuh atau di luar kekuasaannya. Pasal ini juga mengatur prosedur pencarian prajurit hilang, pemberhentian mereka setelah satu tahun jika tidak ditemukan, serta pemberian hak kepada ahli waris mereka. Selain itu, pasal ini juga mengatur pengangkatan kembali prajurit yang ditemukan setelah hilang.",
        "Question": "Apa isi dari Pasal 58 mengenai hilangnya prajurit?",
        "Answer": "Pasal 58 mengatur tentang prosedur pemberhentian prajurit yang hilang dan hak yang diberikan kepada ahli waris mereka setelah satu tahun tidak ada kepastian mengenai keberadaan prajurit."
    },
    {
        "Context": "Pasal 58 mengatur tentang prajurit yang hilang dalam tugas. Jika prajurit tidak kembali bergabung dengan kesatuannya setelah menjalankan tugas, mereka dapat dinyatakan hilang jika penyebabnya akibat tindakan musuh atau di luar kekuasaannya. Pasal ini juga mengatur prosedur pencarian prajurit hilang, pemberhentian mereka setelah satu tahun jika tidak ditemukan, serta pemberian hak kepada ahli waris mereka. Selain itu, pasal ini juga mengatur pengangkatan kembali prajurit yang ditemukan setelah hilang.",
        "Question": "Apa yang dilakukan jika seorang prajurit tidak kembali setelah menjalankan tugas?",
        "Answer": "Jika prajurit tidak kembali setelah menjalankan tugas, mereka akan dinyatakan hilang dan wajib terus dicari sampai ada kepastian mengenai keberadaan mereka. Setelah satu tahun, jika tidak ditemukan, mereka akan diberhentikan dengan hormat dan ahli warisnya mendapatkan hak-hak yang setara dengan prajurit yang gugur."
    },
    {
        "Context": "Pasal 58 mengatur tentang prajurit yang hilang dalam tugas. Jika prajurit tidak kembali bergabung dengan kesatuannya setelah menjalankan tugas, mereka dapat dinyatakan hilang jika penyebabnya akibat tindakan musuh atau di luar kekuasaannya. Pasal ini juga mengatur prosedur pencarian prajurit hilang, pemberhentian mereka setelah satu tahun jika tidak ditemukan, serta pemberian hak kepada ahli waris mereka. Selain itu, pasal ini juga mengatur pengangkatan kembali prajurit yang ditemukan setelah hilang.",
        "Question": "Bagaimana cara pemberhentian prajurit yang hilang?",
        "Answer": "Prajurit yang hilang akan diberhentikan dengan hormat setelah satu tahun tanpa kepastian mengenai keberadaan mereka, dan ahli warisnya berhak menerima hak-hak seperti prajurit yang gugur."
    },
    {
        "Context": "Pasal 58 mengatur tentang prajurit yang hilang dalam tugas. Jika prajurit tidak kembali bergabung dengan kesatuannya setelah menjalankan tugas, mereka dapat dinyatakan hilang jika penyebabnya akibat tindakan musuh atau di luar kekuasaannya. Pasal ini juga mengatur prosedur pencarian prajurit hilang, pemberhentian mereka setelah satu tahun jika tidak ditemukan, serta pemberian hak kepada ahli waris mereka. Selain itu, pasal ini juga mengatur pengangkatan kembali prajurit yang ditemukan setelah hilang.",
        "Question": "Apakah prajurit yang hilang berhak menerima hak seperti prajurit yang gugur?",
        "Answer": "Ya, prajurit yang hilang dan tidak ditemukan setelah satu tahun berhak menerima hak-hak yang sama seperti prajurit yang gugur, seperti pensiun dan tunjangan yang diatur dalam peraturan perundang-undangan."
    },
    {
        "Context": "Pasal 58 mengatur tentang prajurit yang hilang dalam tugas. Jika prajurit tidak kembali bergabung dengan kesatuannya setelah menjalankan tugas, mereka dapat dinyatakan hilang jika penyebabnya akibat tindakan musuh atau di luar kekuasaannya. Pasal ini juga mengatur prosedur pencarian prajurit hilang, pemberhentian mereka setelah satu tahun jika tidak ditemukan, serta pemberian hak kepada ahli waris mereka. Selain itu, pasal ini juga mengatur pengangkatan kembali prajurit yang ditemukan setelah hilang.",
        "Question": "Siapa yang mengatur tentang pemberhentian prajurit hilang?",
        "Answer": "Pemberhentian prajurit hilang diatur oleh Panglima TNI, yang memastikan bahwa prosedur yang adil dan sah diikuti dalam menentukan status prajurit yang hilang dan keputusan untuk memberhentikan mereka."
    },
    {
        "Context": "Pasal 58 mengatur tentang prajurit yang hilang dalam tugas. Jika prajurit tidak kembali bergabung dengan kesatuannya setelah menjalankan tugas, mereka dapat dinyatakan hilang jika penyebabnya akibat tindakan musuh atau di luar kekuasaannya. Pasal ini juga mengatur prosedur pencarian prajurit hilang, pemberhentian mereka setelah satu tahun jika tidak ditemukan, serta pemberian hak kepada ahli waris mereka. Selain itu, pasal ini juga mengatur pengangkatan kembali prajurit yang ditemukan setelah hilang.",
        "Question": "Apakah prajurit yang ditemukan setelah hilang berhak mendapatkan kembali hak mereka?",
        "Answer": "Ya, prajurit yang ditemukan setelah hilang berhak mendapatkan kembali hak-hak yang mereka terima selama dinas sebelumnya, dengan perhitungan hak yang telah diterima oleh ahli waris mereka."
    },
    {
        "Context": "Pasal 58 mengatur tentang prajurit yang hilang dalam tugas. Jika prajurit tidak kembali bergabung dengan kesatuannya setelah menjalankan tugas, mereka dapat dinyatakan hilang jika penyebabnya akibat tindakan musuh atau di luar kekuasaannya. Pasal ini juga mengatur prosedur pencarian prajurit hilang, pemberhentian mereka setelah satu tahun jika tidak ditemukan, serta pemberian hak kepada ahli waris mereka. Selain itu, pasal ini juga mengatur pengangkatan kembali prajurit yang ditemukan setelah hilang.",
        "Question": "Bagaimana keputusan Panglima terkait prajurit hilang dan pembatalan status hilang?",
        "Answer": "Keputusan Panglima terkait pembatalan status hilang diatur untuk memastikan keadilan bagi prajurit yang ditemukan setelah hilang, termasuk pengembalian hak yang sesuai dan pencatatan status mereka kembali."
    },
    {
        "Context": "Pasal 58 mengatur tentang prajurit yang hilang dalam tugas. Jika prajurit tidak kembali bergabung dengan kesatuannya setelah menjalankan tugas, mereka dapat dinyatakan hilang jika penyebabnya akibat tindakan musuh atau di luar kekuasaannya. Pasal ini juga mengatur prosedur pencarian prajurit hilang, pemberhentian mereka setelah satu tahun jika tidak ditemukan, serta pemberian hak kepada ahli waris mereka. Selain itu, pasal ini juga mengatur pengangkatan kembali prajurit yang ditemukan setelah hilang.",
        "Question": "Apa yang terjadi jika tidak ada kepastian mengenai prajurit yang hilang setelah satu tahun?",
        "Answer": "Jika prajurit hilang tidak ditemukan setelah satu tahun, mereka akan diberhentikan dengan hormat, dan hak-hak mereka akan diteruskan kepada ahli warisnya sebagai hak prajurit yang gugur."
    },
    {
        "Context": "Pasal 58 mengatur tentang prajurit yang hilang dalam tugas. Jika prajurit tidak kembali bergabung dengan kesatuannya setelah menjalankan tugas, mereka dapat dinyatakan hilang jika penyebabnya akibat tindakan musuh atau di luar kekuasaannya. Pasal ini juga mengatur prosedur pencarian prajurit hilang, pemberhentian mereka setelah satu tahun jika tidak ditemukan, serta pemberian hak kepada ahli waris mereka. Selain itu, pasal ini juga mengatur pengangkatan kembali prajurit yang ditemukan setelah hilang.",
        "Question": "Apa yang dimaksud dengan pembatalan status hilang bagi prajurit?",
        "Answer": "Pembatalan status hilang berarti bahwa status prajurit yang hilang dapat diubah jika prajurit tersebut ditemukan kembali setelah dinyatakan hilang selama satu tahun atau lebih."
    },
    {
        "Context": "Pasal 58 mengatur tentang prajurit yang hilang dalam tugas. Jika prajurit tidak kembali bergabung dengan kesatuannya setelah menjalankan tugas, mereka dapat dinyatakan hilang jika penyebabnya akibat tindakan musuh atau di luar kekuasaannya. Pasal ini juga mengatur prosedur pencarian prajurit hilang, pemberhentian mereka setelah satu tahun jika tidak ditemukan, serta pemberian hak kepada ahli waris mereka. Selain itu, pasal ini juga mengatur pengangkatan kembali prajurit yang ditemukan setelah hilang.",
        "Question": "Siapa yang berhak memberi keputusan tentang hilangnya prajurit?",
        "Answer": "Keputusan mengenai hilangnya prajurit dan pembatalan status hilang diambil oleh Panglima TNI sesuai dengan prosedur yang diatur dalam peraturan perundang-undangan yang berlaku."
    },
    {
        "Context": "Pasal 58 mengatur tentang prajurit yang hilang dalam tugas. Jika prajurit tidak kembali bergabung dengan kesatuannya setelah menjalankan tugas, mereka dapat dinyatakan hilang jika penyebabnya akibat tindakan musuh atau di luar kekuasaannya. Pasal ini juga mengatur prosedur pencarian prajurit hilang, pemberhentian mereka setelah satu tahun jika tidak ditemukan, serta pemberian hak kepada ahli waris mereka. Selain itu, pasal ini juga mengatur pengangkatan kembali prajurit yang ditemukan setelah hilang.",
        "Question": "Apa isi Pasal 58 ayat 4?",
        "Answer": "Pasal 58 ayat 4 mengatur bahwa keputusan mengenai status hilang atau pembatalannya diatur oleh keputusan Panglima TNI."
    },
    {
        "Context": "Pasal 58 mengatur tentang prajurit yang hilang dalam tugas. Jika prajurit tidak kembali bergabung dengan kesatuannya setelah menjalankan tugas, mereka dapat dinyatakan hilang jika penyebabnya akibat tindakan musuh atau di luar kekuasaannya. Pasal ini juga mengatur prosedur pencarian prajurit hilang, pemberhentian mereka setelah satu tahun jika tidak ditemukan, serta pemberian hak kepada ahli waris mereka. Selain itu, pasal ini juga mengatur pengangkatan kembali prajurit yang ditemukan setelah hilang.",
        "Question": "Apakah prajurit hilang tetap dianggap sebagai prajurit aktif?",
        "Answer": "Prajurit hilang tetap dianggap sebagai prajurit aktif sampai ada keputusan mengenai status hilang mereka dan pembatalan status hilang diatur lebih lanjut oleh Panglima TNI."
    }
]