[
    {
        "Context": "Pasal 57 mengatur hak prajurit yang menyandang cacat berat, cacat sedang, atau cacat ringan yang diakibatkan karena tugas operasi militer, atau bukan tugas operasi militer selama dalam dinas keprajuritan. Pasal ini memberikan ketentuan tentang pemberian hak-hak yang diterima oleh prajurit yang mengalami cacat selama dinas, baik akibat operasi militer atau tugas lainnya yang diatur lebih lanjut dengan Peraturan Pemerintah.",
        "Question": "Apa yang dimaksud dengan cacat berat, sedang, dan ringan bagi prajurit?",
        "Answer": "Cacat berat, sedang, dan ringan merujuk pada tingkat kerusakan fisik atau mental yang dialami prajurit akibat tugas militer. Cacat berat membuat prajurit tidak mampu bekerja, cacat sedang membatasi kemampuan, sementara cacat ringan tidak menghalangi prajurit untuk melaksanakan tugas sehari-hari."
    },
    {
        "Context": "Pasal 57 mengatur hak prajurit yang menyandang cacat berat, cacat sedang, atau cacat ringan yang diakibatkan karena tugas operasi militer, atau bukan tugas operasi militer selama dalam dinas keprajuritan. Pasal ini memberikan ketentuan tentang pemberian hak-hak yang diterima oleh prajurit yang mengalami cacat selama dinas, baik akibat operasi militer atau tugas lainnya yang diatur lebih lanjut dengan Peraturan Pemerintah.",
        "Question": "Bagaimana hak prajurit yang mengalami cacat diatur?",
        "Answer": "Hak prajurit yang mengalami cacat, baik cacat berat, sedang, atau ringan, diatur dalam peraturan pemerintah yang memastikan mereka menerima kompensasi atau dukungan sesuai tingkat kecacatan yang dialami."
    },
    {
        "Context": "Pasal 57 mengatur hak prajurit yang menyandang cacat berat, cacat sedang, atau cacat ringan yang diakibatkan karena tugas operasi militer, atau bukan tugas operasi militer selama dalam dinas keprajuritan. Pasal ini memberikan ketentuan tentang pemberian hak-hak yang diterima oleh prajurit yang mengalami cacat selama dinas, baik akibat operasi militer atau tugas lainnya yang diatur lebih lanjut dengan Peraturan Pemerintah.",
        "Question": "Apa yang dimaksud dengan cacat akibat tugas operasi militer?",
        "Answer": "Cacat akibat tugas operasi militer adalah cacat yang timbul akibat prajurit menjalankan tugas di medan perang atau operasi militer lainnya yang berisiko tinggi, yang mengakibatkan kerusakan fisik atau mental."
    },
    {
        "Context": "Pasal 57 mengatur hak prajurit yang menyandang cacat berat, cacat sedang, atau cacat ringan yang diakibatkan karena tugas operasi militer, atau bukan tugas operasi militer selama dalam dinas keprajuritan. Pasal ini memberikan ketentuan tentang pemberian hak-hak yang diterima oleh prajurit yang mengalami cacat selama dinas, baik akibat operasi militer atau tugas lainnya yang diatur lebih lanjut dengan Peraturan Pemerintah.",
        "Question": "Siapa yang berhak mendapatkan hak setelah mengalami cacat dalam dinas?",
        "Answer": "Prajurit yang mengalami cacat, baik akibat tugas operasi militer maupun tugas lainnya, berhak menerima hak-hak tertentu seperti tunjangan atau pensiun yang diatur lebih lanjut dalam peraturan pemerintah."
    },
    {
        "Context": "Pasal 57 mengatur hak prajurit yang menyandang cacat berat, cacat sedang, atau cacat ringan yang diakibatkan karena tugas operasi militer, atau bukan tugas operasi militer selama dalam dinas keprajuritan. Pasal ini memberikan ketentuan tentang pemberian hak-hak yang diterima oleh prajurit yang mengalami cacat selama dinas, baik akibat operasi militer atau tugas lainnya yang diatur lebih lanjut dengan Peraturan Pemerintah.",
        "Question": "Apa yang diatur dalam Pasal 57 tentang cacat prajurit?",
        "Answer": "Pasal 57 mengatur bahwa hak prajurit yang mengalami cacat akibat tugas militer atau non-militer selama dinas, baik cacat berat, sedang, atau ringan, diatur dengan peraturan pemerintah."
    },
    {
        "Context": "Pasal 57 mengatur hak prajurit yang menyandang cacat berat, cacat sedang, atau cacat ringan yang diakibatkan karena tugas operasi militer, atau bukan tugas operasi militer selama dalam dinas keprajuritan. Pasal ini memberikan ketentuan tentang pemberian hak-hak yang diterima oleh prajurit yang mengalami cacat selama dinas, baik akibat operasi militer atau tugas lainnya yang diatur lebih lanjut dengan Peraturan Pemerintah.",
        "Question": "Apa hak prajurit yang mengalami cacat akibat tugas operasi militer?",
        "Answer": "Prajurit yang mengalami cacat akibat tugas operasi militer berhak mendapatkan hak yang sesuai dengan tingkat kecacatan mereka, seperti tunjangan cacat atau kompensasi lainnya yang diatur dalam peraturan yang berlaku."
    },
    {
        "Context": "Pasal 57 mengatur hak prajurit yang menyandang cacat berat, cacat sedang, atau cacat ringan yang diakibatkan karena tugas operasi militer, atau bukan tugas operasi militer selama dalam dinas keprajuritan. Pasal ini memberikan ketentuan tentang pemberian hak-hak yang diterima oleh prajurit yang mengalami cacat selama dinas, baik akibat operasi militer atau tugas lainnya yang diatur lebih lanjut dengan Peraturan Pemerintah.",
        "Question": "Apa hak prajurit yang mengalami cacat akibat tugas non-operasi militer?",
        "Answer": "Prajurit yang mengalami cacat akibat tugas non-operasi militer juga berhak mendapatkan hak, meskipun hak tersebut mungkin berbeda dengan hak yang diberikan kepada prajurit yang mengalami cacat akibat operasi militer."
    },
    {
        "Context": "Pasal 57 mengatur hak prajurit yang menyandang cacat berat, cacat sedang, atau cacat ringan yang diakibatkan karena tugas operasi militer, atau bukan tugas operasi militer selama dalam dinas keprajuritan. Pasal ini memberikan ketentuan tentang pemberian hak-hak yang diterima oleh prajurit yang mengalami cacat selama dinas, baik akibat operasi militer atau tugas lainnya yang diatur lebih lanjut dengan Peraturan Pemerintah.",
        "Question": "Apa yang dimaksud dengan 'cacat berat' dalam konteks Pasal 57?",
        "Answer": "Cacat berat dalam konteks Pasal 57 merujuk pada kondisi prajurit yang mengalami kerusakan fisik atau mental yang menghalangi mereka untuk melaksanakan tugas apapun, bahkan dalam kondisi kehidupan sehari-hari."
    },
    {
        "Context": "Pasal 57 mengatur hak prajurit yang menyandang cacat berat, cacat sedang, atau cacat ringan yang diakibatkan karena tugas operasi militer, atau bukan tugas operasi militer selama dalam dinas keprajuritan. Pasal ini memberikan ketentuan tentang pemberian hak-hak yang diterima oleh prajurit yang mengalami cacat selama dinas, baik akibat operasi militer atau tugas lainnya yang diatur lebih lanjut dengan Peraturan Pemerintah.",
        "Question": "Apa yang dimaksud dengan 'cacat sedang' dalam konteks Pasal 57?",
        "Answer": "Cacat sedang adalah kondisi prajurit yang mengalami keterbatasan dalam menjalankan tugas, namun masih dapat berfungsi dalam kapasitas tertentu di luar dinas keprajuritan."
    },
    {
        "Context": "Pasal 57 mengatur hak prajurit yang menyandang cacat berat, cacat sedang, atau cacat ringan yang diakibatkan karena tugas operasi militer, atau bukan tugas operasi militer selama dalam dinas keprajuritan. Pasal ini memberikan ketentuan tentang pemberian hak-hak yang diterima oleh prajurit yang mengalami cacat selama dinas, baik akibat operasi militer atau tugas lainnya yang diatur lebih lanjut dengan Peraturan Pemerintah.",
        "Question": "Apa yang dimaksud dengan 'cacat ringan' dalam konteks Pasal 57?",
        "Answer": "Cacat ringan adalah kondisi fisik atau mental yang tidak menghalangi prajurit untuk melaksanakan tugas, meskipun mereka mungkin membutuhkan bantuan atau penyesuaian tertentu."
    },
    {
        "Context": "Pasal 57 mengatur hak prajurit yang menyandang cacat berat, cacat sedang, atau cacat ringan yang diakibatkan karena tugas operasi militer, atau bukan tugas operasi militer selama dalam dinas keprajuritan. Pasal ini memberikan ketentuan tentang pemberian hak-hak yang diterima oleh prajurit yang mengalami cacat selama dinas, baik akibat operasi militer atau tugas lainnya yang diatur lebih lanjut dengan Peraturan Pemerintah.",
        "Question": "Bagaimana ketentuan mengenai cacat yang diakibatkan oleh tugas operasi militer?",
        "Answer": "Ketentuan mengenai cacat yang diakibatkan oleh tugas operasi militer mengatur bahwa prajurit yang mengalami cacat akibat pertempuran atau operasi militer berhak atas hak kompensasi sesuai dengan tingkat kecacatan yang dialami."
    },
    {
        "Context": "Pasal 57 mengatur hak prajurit yang menyandang cacat berat, cacat sedang, atau cacat ringan yang diakibatkan karena tugas operasi militer, atau bukan tugas operasi militer selama dalam dinas keprajuritan. Pasal ini memberikan ketentuan tentang pemberian hak-hak yang diterima oleh prajurit yang mengalami cacat selama dinas, baik akibat operasi militer atau tugas lainnya yang diatur lebih lanjut dengan Peraturan Pemerintah.",
        "Question": "Apa yang dilakukan apabila seorang prajurit mengalami cacat selama dinas?",
        "Answer": "Jika seorang prajurit mengalami cacat selama dinas, mereka berhak atas hak yang telah diatur sesuai tingkat kecacatan mereka, seperti hak pensiun, tunjangan, atau layanan kesehatan tambahan."
    },
    {
        "Context": "Pasal 57 mengatur hak prajurit yang menyandang cacat berat, cacat sedang, atau cacat ringan yang diakibatkan karena tugas operasi militer, atau bukan tugas operasi militer selama dalam dinas keprajuritan. Pasal ini memberikan ketentuan tentang pemberian hak-hak yang diterima oleh prajurit yang mengalami cacat selama dinas, baik akibat operasi militer atau tugas lainnya yang diatur lebih lanjut dengan Peraturan Pemerintah.",
        "Question": "Apakah hak prajurit yang mengalami cacat diberikan dalam bentuk tunjangan?",
        "Answer": "Ya, hak prajurit yang mengalami cacat diberikan dalam bentuk tunjangan cacat, pensiun atau kompensasi lainnya yang ditentukan oleh pemerintah, berdasarkan tingkat kecacatan yang dialami."
    },
    {
        "Context": "Pasal 57 mengatur hak prajurit yang menyandang cacat berat, cacat sedang, atau cacat ringan yang diakibatkan karena tugas operasi militer, atau bukan tugas operasi militer selama dalam dinas keprajuritan. Pasal ini memberikan ketentuan tentang pemberian hak-hak yang diterima oleh prajurit yang mengalami cacat selama dinas, baik akibat operasi militer atau tugas lainnya yang diatur lebih lanjut dengan Peraturan Pemerintah.",
        "Question": "Bagaimana Peraturan Pemerintah mengatur hak prajurit yang mengalami cacat?",
        "Answer": "Peraturan Pemerintah mengatur hak-hak prajurit yang mengalami cacat, memastikan bahwa mereka mendapatkan kompensasi yang adil sesuai dengan tingkat kecacatan yang dialami, baik akibat tugas operasi militer maupun tugas lainnya."
    },
    {
        "Context": "Pasal 57 mengatur hak prajurit yang menyandang cacat berat, cacat sedang, atau cacat ringan yang diakibatkan karena tugas operasi militer, atau bukan tugas operasi militer selama dalam dinas keprajuritan. Pasal ini memberikan ketentuan tentang pemberian hak-hak yang diterima oleh prajurit yang mengalami cacat selama dinas, baik akibat operasi militer atau tugas lainnya yang diatur lebih lanjut dengan Peraturan Pemerintah.",
        "Question": "Siapa yang bertanggung jawab mengatur hak prajurit yang mengalami cacat?",
        "Answer": "Pemberian hak atas cacat prajurit diatur lebih lanjut oleh Peraturan Pemerintah yang memberikan rincian tentang tunjangan, pensiun, atau hak lainnya yang diberikan kepada prajurit berdasarkan kondisi mereka."
    },
    {
        "Context": "Pasal 57 mengatur hak prajurit yang menyandang cacat berat, cacat sedang, atau cacat ringan yang diakibatkan karena tugas operasi militer, atau bukan tugas operasi militer selama dalam dinas keprajuritan. Pasal ini memberikan ketentuan tentang pemberian hak-hak yang diterima oleh prajurit yang mengalami cacat selama dinas, baik akibat operasi militer atau tugas lainnya yang diatur lebih lanjut dengan Peraturan Pemerintah.",
        "Question": "Apa hak-hak yang diterima prajurit yang mengalami cacat akibat tugas militer?",
        "Answer": "Ya, pemberian hak kepada prajurit yang mengalami cacat diatur oleh pihak yang berwenang, dan ini biasanya dilakukan oleh lembaga yang mengelola kesejahteraan prajurit dan veteran."
    },
    {
        "Context": "Pasal 57 mengatur hak prajurit yang menyandang cacat berat, cacat sedang, atau cacat ringan yang diakibatkan karena tugas operasi militer, atau bukan tugas operasi militer selama dalam dinas keprajuritan. Pasal ini memberikan ketentuan tentang pemberian hak-hak yang diterima oleh prajurit yang mengalami cacat selama dinas, baik akibat operasi militer atau tugas lainnya yang diatur lebih lanjut dengan Peraturan Pemerintah.",
        "Question": "Apakah cacat yang terjadi akibat tugas non-operasi militer juga berhak mendapatkan hak?",
        "Answer": "Prajurit yang mengalami cacat akibat tugas militer berhak mendapatkan tunjangan cacat dan bentuk kompensasi lainnya sesuai dengan ketentuan perundang-undangan yang berlaku."
    },
    {
        "Context": "Pasal 57 mengatur hak prajurit yang menyandang cacat berat, cacat sedang, atau cacat ringan yang diakibatkan karena tugas operasi militer, atau bukan tugas operasi militer selama dalam dinas keprajuritan. Pasal ini memberikan ketentuan tentang pemberian hak-hak yang diterima oleh prajurit yang mengalami cacat selama dinas, baik akibat operasi militer atau tugas lainnya yang diatur lebih lanjut dengan Peraturan Pemerintah.",
        "Question": "Apa yang diatur dalam Peraturan Pemerintah terkait hak cacat prajurit?",
        "Answer": "Ya, prajurit yang mengalami cacat ringan akibat tugas non-operasi militer tetap berhak atas hak, meskipun hak yang diterima mungkin berbeda dengan prajurit yang mengalami cacat berat akibat operasi militer."
    },
    {
        "Context": "Pasal 57 mengatur hak prajurit yang menyandang cacat berat, cacat sedang, atau cacat ringan yang diakibatkan karena tugas operasi militer, atau bukan tugas operasi militer selama dalam dinas keprajuritan. Pasal ini memberikan ketentuan tentang pemberian hak-hak yang diterima oleh prajurit yang mengalami cacat selama dinas, baik akibat operasi militer atau tugas lainnya yang diatur lebih lanjut dengan Peraturan Pemerintah.",
        "Question": "Apakah cacat ringan memberikan hak penuh seperti cacat berat?",
        "Answer": "Peraturan Pemerintah akan mengatur lebih rinci tentang hak prajurit yang mengalami cacat, memastikan mereka menerima kompensasi atau dukungan sesuai dengan tingkat kecacatan yang dialami."
    },
    {
        "Context": "Pasal 57 mengatur hak prajurit yang menyandang cacat berat, cacat sedang, atau cacat ringan yang diakibatkan karena tugas operasi militer, atau bukan tugas operasi militer selama dalam dinas keprajuritan. Pasal ini memberikan ketentuan tentang pemberian hak-hak yang diterima oleh prajurit yang mengalami cacat selama dinas, baik akibat operasi militer atau tugas lainnya yang diatur lebih lanjut dengan Peraturan Pemerintah.",
        "Question": "Apa yang terjadi jika prajurit mengalami cacat berat selama dinas?",
        "Answer": "Jika prajurit mengalami cacat berat selama dinas, mereka berhak mendapatkan hak pensiun atau tunjangan cacat yang setara dengan kondisi mereka, berdasarkan ketentuan yang berlaku dalam peraturan."
    }
]