[
    {
        "Context": "Pasal 54 mengatur tentang pemberhentian prajurit dengan hormat atau tidak hormat. Pemberhentian dengan hormat dapat terjadi karena beberapa alasan, seperti atas permintaan sendiri, berakhirnya masa ikatan dinas, pensiun, atau lainnya. Pasal ini menjelaskan ketentuan pemberhentian prajurit dari dinas keprajuritan.",
        "Question": "Apa yang dimaksud dengan pemberhentian prajurit dengan hormat?",
        "Answer": "Pemberhentian prajurit dengan hormat adalah keputusan yang diambil apabila seorang prajurit mengundurkan diri atas permintaan sendiri, masa ikatan dinasnya telah berakhir, atau karena alasan lainnya yang telah diatur oleh peraturan. Dalam hal ini, prajurit tersebut tetap diberikan hak-haknya sesuai ketentuan, seperti pensiun dan tunjangan lainnya yang bersifat pensiun. Pemberhentian ini dilakukan dengan prosedur tertentu dan memenuhi berbagai syarat yang sesuai dengan peraturan perundang-undangan yang berlaku."
    },
    {
        "Context": "Pasal 54 mengatur tentang pemberhentian prajurit dengan hormat atau tidak hormat. Pemberhentian dengan hormat dapat terjadi karena beberapa alasan, seperti atas permintaan sendiri, berakhirnya masa ikatan dinas, pensiun, atau lainnya. Pasal ini menjelaskan ketentuan pemberhentian prajurit dari dinas keprajuritan.",
        "Question": "Apa alasan prajurit dapat diberhentikan dengan hormat?",
        "Answer": "Prajurit dapat diberhentikan dengan hormat karena beberapa alasan, di antaranya atas permintaan sendiri, berakhirnya masa ikatan dinas, mencapai usia pensiun, atau karena alasan lainnya seperti ketidakmampuan memenuhi syarat jasmani atau rohani. Semua alasan tersebut harus sesuai dengan ketentuan yang berlaku dan melalui proses yang sah sesuai dengan peraturan yang berlaku."
    },
    {
        "Context": "Pasal 54 mengatur tentang pemberhentian prajurit dengan hormat atau tidak hormat. Pemberhentian dengan hormat dapat terjadi karena beberapa alasan, seperti atas permintaan sendiri, berakhirnya masa ikatan dinas, pensiun, atau lainnya. Pasal ini menjelaskan ketentuan pemberhentian prajurit dari dinas keprajuritan.",
        "Question": "Apakah prajurit yang diberhentikan dengan hormat mendapatkan hak tertentu?",
        "Answer": "Ya, prajurit yang diberhentikan dengan hormat berhak atas hak-hak tertentu, seperti pensiun dan tunjangan pensiun jika mereka telah memenuhi syarat masa dinas yang ditentukan. Jika masa dinas mereka kurang dari 20 tahun, mereka masih berhak menerima pesangon sesuai dengan ketentuan yang berlaku. Selain itu, mereka juga berhak mendapatkan layanan kesehatan dan tunjangan sesuai dengan aturan yang berlaku."
    },
    {
        "Context": "Pasal 54 mengatur tentang pemberhentian prajurit dengan hormat atau tidak hormat. Pemberhentian dengan hormat dapat terjadi karena beberapa alasan, seperti atas permintaan sendiri, berakhirnya masa ikatan dinas, pensiun, atau lainnya. Pasal ini menjelaskan ketentuan pemberhentian prajurit dari dinas keprajuritan.",
        "Question": "Apakah prajurit dapat diberhentikan dengan hormat sebelum pensiun?",
        "Answer": "Ya, prajurit dapat diberhentikan dengan hormat sebelum pensiun, selama mereka telah memenuhi persyaratan yang ditentukan oleh hukum, seperti berakhirnya masa ikatan dinas atau atas permintaan sendiri. Dalam kasus tertentu, prajurit yang diberhentikan sebelum pensiun dapat berhak atas pensiun dini atau tunjangan sesuai dengan peraturan yang berlaku."
    },
    {
        "Context": "Pasal 54 mengatur tentang pemberhentian prajurit dengan hormat atau tidak hormat. Pemberhentian dengan hormat dapat terjadi karena beberapa alasan, seperti atas permintaan sendiri, berakhirnya masa ikatan dinas, pensiun, atau lainnya. Pasal ini menjelaskan ketentuan pemberhentian prajurit dari dinas keprajuritan.",
        "Question": "Apa yang terjadi jika prajurit tidak memenuhi persyaratan jasmani atau rohani?",
        "Answer": "Jika prajurit tidak memenuhi persyaratan jasmani atau rohani, mereka dapat diberhentikan dengan hormat. Ini biasanya berlaku bagi prajurit yang tidak lagi mampu menjalankan tugas keprajuritan dengan baik karena alasan kesehatan atau cacat fisik yang menghalangi mereka untuk melaksanakan tugas yang diberikan."
    },
    {
        "Context": "Pasal 54 mengatur tentang pemberhentian prajurit dengan hormat atau tidak hormat. Pemberhentian dengan hormat dapat terjadi karena beberapa alasan, seperti atas permintaan sendiri, berakhirnya masa ikatan dinas, pensiun, atau lainnya. Pasal ini menjelaskan ketentuan pemberhentian prajurit dari dinas keprajuritan.",
        "Question": "Bagaimana dengan prajurit yang gugur dalam tugas?",
        "Answer": "Jika seorang prajurit gugur dalam tugas, mereka akan diberhentikan dengan hormat dan hak-hak mereka akan diberikan kepada ahli warisnya. Ini termasuk hak atas pensiun, tunjangan, dan hak-hak lainnya sesuai dengan ketentuan yang berlaku bagi prajurit yang gugur dalam tugas. Pemberian hak-hak tersebut diatur dengan peraturan yang berlaku."
    },
    {
        "Context": "Pasal 54 mengatur tentang pemberhentian prajurit dengan hormat atau tidak hormat. Pemberhentian dengan hormat dapat terjadi karena beberapa alasan, seperti atas permintaan sendiri, berakhirnya masa ikatan dinas, pensiun, atau lainnya. Pasal ini menjelaskan ketentuan pemberhentian prajurit dari dinas keprajuritan.",
        "Question": "Apa yang dimaksud dengan pemberhentian prajurit dengan tidak hormat?",
        "Answer": "Pemberhentian dengan tidak hormat terjadi apabila seorang prajurit melakukan pelanggaran berat yang merugikan disiplin dan kehormatan TNI. Tindakan yang dapat mengarah pada pemberhentian dengan tidak hormat antara lain adalah tindakan yang melanggar hukum atau norma-norma yang berlaku di lingkungan militer, seperti desersi atau tindakan kriminal."
    },
    {
        "Context": "Pasal 54 mengatur tentang pemberhentian prajurit dengan hormat atau tidak hormat. Pemberhentian dengan hormat dapat terjadi karena beberapa alasan, seperti atas permintaan sendiri, berakhirnya masa ikatan dinas, pensiun, atau lainnya. Pasal ini menjelaskan ketentuan pemberhentian prajurit dari dinas keprajuritan.",
        "Question": "Dapatkah seorang prajurit yang diberhentikan dengan hormat diangkat kembali?",
        "Answer": "Seorang prajurit yang diberhentikan dengan hormat dapat diangkat kembali ke dalam dinas keprajuritan jika ditemukan alasan atau kondisi yang memungkinkan mereka kembali bertugas. Pengangkatan kembali ini dilakukan dengan mempertimbangkan keadaan yang ada dan mengikuti prosedur yang ditetapkan dalam peraturan."
    },
    {
        "Context": "Pasal 54 mengatur tentang pemberhentian prajurit dengan hormat atau tidak hormat. Pemberhentian dengan hormat dapat terjadi karena beberapa alasan, seperti atas permintaan sendiri, berakhirnya masa ikatan dinas, pensiun, atau lainnya. Pasal ini menjelaskan ketentuan pemberhentian prajurit dari dinas keprajuritan.",
        "Question": "Apa yang harus dilakukan jika seorang prajurit tidak kembali ke kesatuannya setelah tugas?",
        "Answer": "Jika seorang prajurit tidak kembali ke kesatuannya setelah selesai menjalankan tugas, mereka akan dinyatakan hilang dalam tugas. Dalam hal ini, prajurit tersebut wajib terus dicari sampai ditemukan kepastian mengenai keberadaannya. Jika dalam waktu satu tahun tidak ada kepastian, prajurit tersebut akan diberhentikan dengan hormat dan hak-haknya diberikan kepada ahli warisnya."
    },
    {
        "Context": "Pasal 54 mengatur tentang pemberhentian prajurit dengan hormat atau tidak hormat. Pemberhentian dengan hormat dapat terjadi karena beberapa alasan, seperti atas permintaan sendiri, berakhirnya masa ikatan dinas, pensiun, atau lainnya. Pasal ini menjelaskan ketentuan pemberhentian prajurit dari dinas keprajuritan.",
        "Question": "Bagaimana cara pemberhentian prajurit yang tidak memenuhi syarat?",
        "Answer": "Prajurit yang tidak memenuhi syarat untuk melanjutkan dinas, seperti usia atau kondisi fisik yang tidak memenuhi standar, dapat diberhentikan dengan hormat. Pemberhentian ini dilakukan sesuai dengan ketentuan yang berlaku dan setelah melalui prosedur pemeriksaan yang sah."
    },
    {
        "Context": "Pasal 54 mengatur tentang pemberhentian prajurit dengan hormat atau tidak hormat. Pemberhentian dengan hormat dapat terjadi karena beberapa alasan, seperti atas permintaan sendiri, berakhirnya masa ikatan dinas, pensiun, atau lainnya. Pasal ini menjelaskan ketentuan pemberhentian prajurit dari dinas keprajuritan.",
        "Question": "Siapa yang mengatur pemberhentian prajurit?",
        "Answer": "Pemberhentian prajurit diatur oleh Panglima TNI berdasarkan pertimbangan dan ketentuan yang ada dalam peraturan. Selain itu, keputusan pemberhentian juga harus mematuhi prosedur hukum yang berlaku untuk memastikan keputusan tersebut sah dan adil."
    },
    {
        "Context": "Pasal 54 mengatur tentang pemberhentian prajurit dengan hormat atau tidak hormat. Pemberhentian dengan hormat dapat terjadi karena beberapa alasan, seperti atas permintaan sendiri, berakhirnya masa ikatan dinas, pensiun, atau lainnya. Pasal ini menjelaskan ketentuan pemberhentian prajurit dari dinas keprajuritan.",
        "Question": "Apa yang dimaksud dengan pertimbangan khusus dalam pemberhentian prajurit?",
        "Answer": "Pertimbangan khusus dalam pemberhentian prajurit biasanya melibatkan alasan tertentu yang terkait dengan kebutuhan dinas atau perubahan struktur organisasi TNI. Misalnya, apabila terjadi pengurangan jumlah prajurit atau perubahan susunan dalam struktur organisasi, prajurit yang tidak memenuhi kriteria dapat diberhentikan."
    },
    {
        "Context": "Pasal 54 mengatur tentang pemberhentian prajurit dengan hormat atau tidak hormat. Pemberhentian dengan hormat dapat terjadi karena beberapa alasan, seperti atas permintaan sendiri, berakhirnya masa ikatan dinas, pensiun, atau lainnya. Pasal ini menjelaskan ketentuan pemberhentian prajurit dari dinas keprajuritan.",
        "Question": "Apakah seorang prajurit yang sudah berusia pensiun tetap bisa bekerja di tempat lain?",
        "Answer": "Setelah mencapai usia pensiun, prajurit dapat mencari pekerjaan lain sesuai dengan peraturan yang berlaku, namun mereka tidak lagi bertugas di dalam dinas keprajuritan. Pensiun memberikan mereka kesempatan untuk memulai kehidupan baru setelah mengakhiri tugasnya sebagai prajurit."
    },
    {
        "Context": "Pasal 54 mengatur tentang pemberhentian prajurit dengan hormat atau tidak hormat. Pemberhentian dengan hormat dapat terjadi karena beberapa alasan, seperti atas permintaan sendiri, berakhirnya masa ikatan dinas, pensiun, atau lainnya. Pasal ini menjelaskan ketentuan pemberhentian prajurit dari dinas keprajuritan.",
        "Question": "Apa yang dimaksud dengan masa pensiun prajurit?",
        "Answer": "Masa pensiun adalah masa ketika prajurit selesai menjalankan tugas keprajuritan mereka. Setelah pensiun, prajurit berhak menerima hak-hak yang diberikan oleh negara, seperti tunjangan pensiun dan fasilitas lainnya, tergantung pada lama masa dinas mereka."
    },
    {
        "Context": "Pasal 54 mengatur tentang pemberhentian prajurit dengan hormat atau tidak hormat. Pemberhentian dengan hormat dapat terjadi karena beberapa alasan, seperti atas permintaan sendiri, berakhirnya masa ikatan dinas, pensiun, atau lainnya. Pasal ini menjelaskan ketentuan pemberhentian prajurit dari dinas keprajuritan.",
        "Question": "Apa yang terjadi jika prajurit tidak memenuhi persyaratan untuk masa dinas?",
        "Answer": "Jika prajurit tidak memenuhi persyaratan untuk melanjutkan dinas, seperti usia atau kesehatan yang tidak memungkinkan, mereka akan diberhentikan dengan hormat. Hal ini dilakukan untuk memastikan bahwa prajurit yang aktif masih mampu menjalankan tugas keprajuritan dengan baik."
    },
    {
        "Context": "Pasal 54 mengatur tentang pemberhentian prajurit dengan hormat atau tidak hormat. Pemberhentian dengan hormat dapat terjadi karena beberapa alasan, seperti atas permintaan sendiri, berakhirnya masa ikatan dinas, pensiun, atau lainnya. Pasal ini menjelaskan ketentuan pemberhentian prajurit dari dinas keprajuritan.",
        "Question": "Bagaimana dengan prajurit yang tidak memenuhi persyaratan jabatan?",
        "Answer": "Prajurit yang tidak memenuhi persyaratan untuk jabatan tertentu, seperti tidak memenuhi kualifikasi atau tidak memiliki kemampuan yang cukup, dapat diberhentikan dengan hormat atau dipindahkan ke jabatan lain yang lebih sesuai dengan kondisi mereka."
    },
    {
        "Context": "Pasal 54 mengatur tentang pemberhentian prajurit dengan hormat atau tidak hormat. Pemberhentian dengan hormat dapat terjadi karena beberapa alasan, seperti atas permintaan sendiri, berakhirnya masa ikatan dinas, pensiun, atau lainnya. Pasal ini menjelaskan ketentuan pemberhentian prajurit dari dinas keprajuritan.",
        "Question": "Apa yang dimaksud dengan 'berhenti karena alasan kesehatan'?",
        "Answer": "'Berhenti karena alasan kesehatan' berarti prajurit tidak lagi mampu menjalankan tugas keprajuritan akibat kondisi kesehatan yang memburuk atau cacat yang tidak bisa diperbaiki. Jika keadaan ini terjadi, prajurit tersebut dapat diberhentikan dengan hormat dan diberikan hak-hak pensiun atau tunjangan yang berlaku."
    },
    {
        "Context": "Pasal 54 mengatur tentang pemberhentian prajurit dengan hormat atau tidak hormat. Pemberhentian dengan hormat dapat terjadi karena beberapa alasan, seperti atas permintaan sendiri, berakhirnya masa ikatan dinas, pensiun, atau lainnya. Pasal ini menjelaskan ketentuan pemberhentian prajurit dari dinas keprajuritan.",
        "Question": "Apakah seorang prajurit yang diberhentikan dengan hormat masih bisa mendapatkan tunjangan?",
        "Answer": "Ya, prajurit yang diberhentikan dengan hormat dapat tetap menerima tunjangan sesuai dengan ketentuan yang berlaku. Tunjangan ini bisa berupa pensiun, tunjangan pensiun, atau pesangon tergantung pada masa dinas yang telah dijalani."
    },
    {
        "Context": "Pasal 54 mengatur tentang pemberhentian prajurit dengan hormat atau tidak hormat. Pemberhentian dengan hormat dapat terjadi karena beberapa alasan, seperti atas permintaan sendiri, berakhirnya masa ikatan dinas, pensiun, atau lainnya. Pasal ini menjelaskan ketentuan pemberhentian prajurit dari dinas keprajuritan.",
        "Question": "Siapa yang berhak memberikan keputusan pemberhentian prajurit?",
        "Answer": "Keputusan pemberhentian prajurit diambil oleh Panglima TNI atau pihak yang ditunjuk sesuai dengan prosedur yang berlaku. Semua keputusan tersebut harus disesuaikan dengan peraturan yang ada dan diambil dengan mempertimbangkan berbagai faktor yang sah."
    },
    {
        "Context": "Pasal 54 mengatur tentang pemberhentian prajurit dengan hormat atau tidak hormat. Pemberhentian dengan hormat dapat terjadi karena beberapa alasan, seperti atas permintaan sendiri, berakhirnya masa ikatan dinas, pensiun, atau lainnya. Pasal ini menjelaskan ketentuan pemberhentian prajurit dari dinas keprajuritan.",
        "Question": "Apakah ada proses khusus untuk pemberhentian prajurit dengan tidak hormat?",
        "Answer": "Pemberhentian dengan tidak hormat biasanya melibatkan proses hukum yang ketat, di mana prajurit yang melakukan pelanggaran disiplin atau hukum militer harus menjalani pemeriksaan dan mendapatkan keputusan yang sah berdasarkan ketentuan perundang-undangan yang berlaku."
    },
    {
        "Context": "Pasal 54 mengatur tentang pemberhentian prajurit dengan hormat atau tidak hormat. Pemberhentian dengan hormat dapat terjadi karena beberapa alasan, seperti atas permintaan sendiri, berakhirnya masa ikatan dinas, pensiun, atau lainnya. Pasal ini menjelaskan ketentuan pemberhentian prajurit dari dinas keprajuritan.",
        "Question": "Apa isi Pasal 54 dan ayat-ayatnya?",
        "Answer": "Pasal 54 mengatur tentang pemberhentian prajurit baik dengan hormat maupun tidak hormat. Pemberhentian ini dapat dilakukan berdasarkan berbagai alasan, seperti atas permintaan sendiri, berakhirnya masa dinas, atau karena pelanggaran yang merugikan disiplin. Prosedur pemberhentian ini diatur secara rinci dalam peraturan yang berlaku."
    }
]