[
    {
        "Context": "Pasal 56 mengatur tentang hak prajurit yang gugur atau tewas dalam tugas, di mana hak-hak tersebut diberikan kepada ahli warisnya. Pasal ini memberikan ketentuan terkait dengan hak yang diterima oleh keluarga prajurit yang gugur atau tewas, dan mengatur lebih lanjut dengan Peraturan Pemerintah.",
        "Question": "Apa yang dimaksud dengan hak prajurit yang gugur atau tewas?",
        "Answer": "Hak prajurit yang gugur atau tewas merujuk pada hak-hak yang diberikan kepada ahli waris prajurit yang meninggal dunia dalam tugas, seperti pensiun, tunjangan, dan hak lainnya sesuai peraturan yang berlaku."
    },
    {
        "Context": "Pasal 56 mengatur tentang hak prajurit yang gugur atau tewas dalam tugas, di mana hak-hak tersebut diberikan kepada ahli warisnya. Pasal ini memberikan ketentuan terkait dengan hak yang diterima oleh keluarga prajurit yang gugur atau tewas, dan mengatur lebih lanjut dengan Peraturan Pemerintah.",
        "Question": "Apa yang terjadi jika seorang prajurit gugur atau tewas dalam tugas?",
        "Answer": "Jika seorang prajurit gugur atau tewas dalam tugas, hak-hak mereka, seperti pensiun atau tunjangan, akan diberikan kepada ahli waris mereka sebagai bentuk pengakuan atas pengorbanan yang telah diberikan."
    },
    {
        "Context": "Pasal 56 mengatur tentang hak prajurit yang gugur atau tewas dalam tugas, di mana hak-hak tersebut diberikan kepada ahli warisnya. Pasal ini memberikan ketentuan terkait dengan hak yang diterima oleh keluarga prajurit yang gugur atau tewas, dan mengatur lebih lanjut dengan Peraturan Pemerintah.",
        "Question": "Siapa yang berhak menerima hak prajurit yang gugur atau tewas?",
        "Answer": "Ahli waris prajurit yang gugur atau tewas dalam tugas berhak menerima hak-hak yang telah diatur, seperti pensiun dan tunjangan, sesuai dengan peraturan yang berlaku."
    },
    {
        "Context": "Pasal 56 mengatur tentang hak prajurit yang gugur atau tewas dalam tugas, di mana hak-hak tersebut diberikan kepada ahli warisnya. Pasal ini memberikan ketentuan terkait dengan hak yang diterima oleh keluarga prajurit yang gugur atau tewas, dan mengatur lebih lanjut dengan Peraturan Pemerintah.",
        "Question": "Apakah ahli waris prajurit yang gugur berhak menerima hak-haknya?",
        "Answer": "Ya, ahli waris prajurit yang gugur berhak menerima hak-hak tertentu, yang mencakup pensiun dan tunjangan sesuai dengan ketentuan yang berlaku untuk prajurit yang gugur dalam tugas."
    },
    {
        "Context": "Pasal 56 mengatur tentang hak prajurit yang gugur atau tewas dalam tugas, di mana hak-hak tersebut diberikan kepada ahli warisnya. Pasal ini memberikan ketentuan terkait dengan hak yang diterima oleh keluarga prajurit yang gugur atau tewas, dan mengatur lebih lanjut dengan Peraturan Pemerintah.",
        "Question": "Bagaimana cara pemberian hak kepada ahli waris prajurit yang gugur?",
        "Answer": "Pemberian hak kepada ahli waris prajurit yang gugur dilakukan berdasarkan peraturan yang berlaku, di mana hak-hak ini mencakup tunjangan dan pensiun yang diberikan kepada keluarga prajurit yang telah meninggal dunia."
    },
    {
        "Context": "Pasal 56 mengatur tentang hak prajurit yang gugur atau tewas dalam tugas, di mana hak-hak tersebut diberikan kepada ahli warisnya. Pasal ini memberikan ketentuan terkait dengan hak yang diterima oleh keluarga prajurit yang gugur atau tewas, dan mengatur lebih lanjut dengan Peraturan Pemerintah.",
        "Question": "Apa yang dimaksud dengan 'hak prajurit yang gugur atau tewas'?",
        "Answer": "'Hak prajurit yang gugur atau tewas' merujuk pada segala hak yang diperoleh oleh ahli waris prajurit yang gugur atau tewas dalam tugas, yang termasuk pensiun dan tunjangan sesuai dengan ketentuan yang berlaku."
    },
    {
        "Context": "Pasal 56 mengatur tentang hak prajurit yang gugur atau tewas dalam tugas, di mana hak-hak tersebut diberikan kepada ahli warisnya. Pasal ini memberikan ketentuan terkait dengan hak yang diterima oleh keluarga prajurit yang gugur atau tewas, dan mengatur lebih lanjut dengan Peraturan Pemerintah.",
        "Question": "Apa isi Pasal 56 ayat 1?",
        "Answer": "Pasal 56 ayat 1 menyatakan bahwa hak prajurit yang gugur atau tewas diberikan kepada ahli warisnya, memastikan bahwa keluarga prajurit yang telah mengorbankan nyawa mereka mendapatkan hak yang setimpal."
    },
    {
        "Context": "Pasal 56 mengatur tentang hak prajurit yang gugur atau tewas dalam tugas, di mana hak-hak tersebut diberikan kepada ahli warisnya. Pasal ini memberikan ketentuan terkait dengan hak yang diterima oleh keluarga prajurit yang gugur atau tewas, dan mengatur lebih lanjut dengan Peraturan Pemerintah.",
        "Question": "Apa isi Pasal 56 ayat 2?",
        "Answer": "Pasal 56 ayat 2 mengatur bahwa ketentuan lebih lanjut terkait hak prajurit yang gugur atau tewas akan diatur dengan Peraturan Pemerintah."
    },
    {
        "Context": "Pasal 56 mengatur tentang hak prajurit yang gugur atau tewas dalam tugas, di mana hak-hak tersebut diberikan kepada ahli warisnya. Pasal ini memberikan ketentuan terkait dengan hak yang diterima oleh keluarga prajurit yang gugur atau tewas, dan mengatur lebih lanjut dengan Peraturan Pemerintah.",
        "Question": "Bagaimana proses pengaturan hak prajurit yang gugur atau tewas?",
        "Answer": "Pengaturan hak bagi prajurit yang gugur atau tewas diatur lebih lanjut oleh Peraturan Pemerintah yang memastikan bahwa hak-hak tersebut diberikan kepada ahli waris secara adil."
    },
    {
        "Context": "Pasal 56 mengatur tentang hak prajurit yang gugur atau tewas dalam tugas, di mana hak-hak tersebut diberikan kepada ahli warisnya. Pasal ini memberikan ketentuan terkait dengan hak yang diterima oleh keluarga prajurit yang gugur atau tewas, dan mengatur lebih lanjut dengan Peraturan Pemerintah.",
        "Question": "Apa hak yang diterima oleh ahli waris prajurit yang gugur?",
        "Answer": "Ahli waris prajurit yang gugur berhak menerima hak finansial seperti tunjangan, pensiun, atau kompensasi lainnya yang diberikan oleh negara."
    },
    {
        "Context": "Pasal 56 mengatur tentang hak prajurit yang gugur atau tewas dalam tugas, di mana hak-hak tersebut diberikan kepada ahli warisnya. Pasal ini memberikan ketentuan terkait dengan hak yang diterima oleh keluarga prajurit yang gugur atau tewas, dan mengatur lebih lanjut dengan Peraturan Pemerintah.",
        "Question": "Apakah hak ahli waris diberikan dalam bentuk tunjangan?",
        "Answer": "Ya, hak ahli waris mencakup tunjangan, pensiun, dan hak-hak lainnya yang diatur dalam peraturan yang berlaku, yang diberikan untuk memberikan dukungan kepada keluarga prajurit yang gugur."
    },
    {
        "Context": "Pasal 56 mengatur tentang hak prajurit yang gugur atau tewas dalam tugas, di mana hak-hak tersebut diberikan kepada ahli warisnya. Pasal ini memberikan ketentuan terkait dengan hak yang diterima oleh keluarga prajurit yang gugur atau tewas, dan mengatur lebih lanjut dengan Peraturan Pemerintah.",
        "Question": "Bagaimana jika seorang prajurit tewas dalam tugas?",
        "Answer": "Jika seorang prajurit tewas dalam tugas, ahli waris mereka berhak mendapatkan hak-hak sesuai dengan ketentuan, yang meliputi pensiun atau tunjangan yang telah diatur oleh peraturan pemerintah."
    },
    {
        "Context": "Pasal 56 mengatur tentang hak prajurit yang gugur atau tewas dalam tugas, di mana hak-hak tersebut diberikan kepada ahli warisnya. Pasal ini memberikan ketentuan terkait dengan hak yang diterima oleh keluarga prajurit yang gugur atau tewas, dan mengatur lebih lanjut dengan Peraturan Pemerintah.",
        "Question": "Apakah ahli waris prajurit yang gugur menerima hak-hak finansial?",
        "Answer": "Ya, ahli waris prajurit yang gugur mendapatkan hak-hak finansial, seperti pensiun atau tunjangan, sebagai bentuk kompensasi atas pengorbanan prajurit tersebut."
    },
    {
        "Context": "Pasal 56 mengatur tentang hak prajurit yang gugur atau tewas dalam tugas, di mana hak-hak tersebut diberikan kepada ahli warisnya. Pasal ini memberikan ketentuan terkait dengan hak yang diterima oleh keluarga prajurit yang gugur atau tewas, dan mengatur lebih lanjut dengan Peraturan Pemerintah.",
        "Question": "Siapa yang bertanggung jawab untuk mengatur hak ahli waris prajurit yang gugur?",
        "Answer": "Peraturan Pemerintah bertanggung jawab untuk mengatur lebih lanjut bagaimana hak ahli waris prajurit yang gugur diberikan, memastikan bahwa hak-hak tersebut diterima dengan prosedur yang sesuai."
    },
    {
        "Context": "Pasal 56 mengatur tentang hak prajurit yang gugur atau tewas dalam tugas, di mana hak-hak tersebut diberikan kepada ahli warisnya. Pasal ini memberikan ketentuan terkait dengan hak yang diterima oleh keluarga prajurit yang gugur atau tewas, dan mengatur lebih lanjut dengan Peraturan Pemerintah.",
        "Question": "Apakah ada peraturan khusus terkait hak ahli waris prajurit yang gugur?",
        "Answer": "Ya, ada peraturan khusus yang mengatur pemberian hak kepada ahli waris prajurit yang gugur, dan peraturan tersebut mengatur hak-hak yang dapat diberikan kepada keluarga prajurit yang meninggal dunia dalam tugas."
    },
    {
        "Context": "Pasal 56 mengatur tentang hak prajurit yang gugur atau tewas dalam tugas, di mana hak-hak tersebut diberikan kepada ahli warisnya. Pasal ini memberikan ketentuan terkait dengan hak yang diterima oleh keluarga prajurit yang gugur atau tewas, dan mengatur lebih lanjut dengan Peraturan Pemerintah.",
        "Question": "Apakah ahli waris mendapatkan pensiun setelah prajurit gugur?",
        "Answer": "Ahli waris berhak mendapatkan pensiun atau tunjangan yang telah diatur untuk menggantikan kehilangan yang dialami akibat kematian prajurit yang gugur dalam tugas."
    },
    {
        "Context": "Pasal 56 mengatur tentang hak prajurit yang gugur atau tewas dalam tugas, di mana hak-hak tersebut diberikan kepada ahli warisnya. Pasal ini memberikan ketentuan terkait dengan hak yang diterima oleh keluarga prajurit yang gugur atau tewas, dan mengatur lebih lanjut dengan Peraturan Pemerintah.",
        "Question": "Apa yang terjadi jika prajurit gugur dalam konflik atau operasi militer?",
        "Answer": "Jika prajurit gugur dalam konflik atau operasi militer, ahli waris mereka tetap berhak atas hak-hak yang ditetapkan, termasuk pensiun dan tunjangan sebagai bentuk penghargaan atas pengorbanan prajurit tersebut."
    },
    {
        "Context": "Pasal 56 mengatur tentang hak prajurit yang gugur atau tewas dalam tugas, di mana hak-hak tersebut diberikan kepada ahli warisnya. Pasal ini memberikan ketentuan terkait dengan hak yang diterima oleh keluarga prajurit yang gugur atau tewas, dan mengatur lebih lanjut dengan Peraturan Pemerintah.",
        "Question": "Apakah hak ahli waris berlaku bagi prajurit yang meninggal setelah tugas?",
        "Answer": "Hak ahli waris berlaku bagi prajurit yang meninggal setelah tugas, asalkan mereka meninggal akibat tugas yang dilaksanakan selama dinas keprajuritan."
    },
    {
        "Context": "Pasal 56 mengatur tentang hak prajurit yang gugur atau tewas dalam tugas, di mana hak-hak tersebut diberikan kepada ahli warisnya. Pasal ini memberikan ketentuan terkait dengan hak yang diterima oleh keluarga prajurit yang gugur atau tewas, dan mengatur lebih lanjut dengan Peraturan Pemerintah.",
        "Question": "Apa yang dimaksud dengan hak prajurit yang diteruskan kepada ahli waris?",
        "Answer": "Hak prajurit yang diteruskan kepada ahli waris mencakup hak-hak finansial seperti pensiun atau tunjangan yang diberikan untuk mendukung keluarga prajurit yang telah gugur."
    },
    {
        "Context": "Pasal 56 mengatur tentang hak prajurit yang gugur atau tewas dalam tugas, di mana hak-hak tersebut diberikan kepada ahli warisnya. Pasal ini memberikan ketentuan terkait dengan hak yang diterima oleh keluarga prajurit yang gugur atau tewas, dan mengatur lebih lanjut dengan Peraturan Pemerintah.",
        "Question": "Bagaimana cara Peraturan Pemerintah mengatur hak ahli waris prajurit?",
        "Answer": "Peraturan Pemerintah akan mengatur secara rinci bagaimana hak ahli waris prajurit yang gugur diberikan, memastikan bahwa keluarga prajurit mendapatkan dukungan yang tepat sesuai peraturan yang berlaku."
    }
]