[
    {
        "Context": "Pasal 53 mengatur tentang usia pensiun prajurit TNI, dengan batas usia pensiun paling tinggi 58 tahun bagi perwira dan 53 tahun bagi bintara serta tamtama, dan juga mengenai ketentuan masa dinas keprajuritan.",
        "Question": "Apa isi Pasal 53?",
        "Answer": "Pasal 53 mengatur bahwa prajurit melaksanakan dinas keprajuritan sampai usia paling tinggi 58 tahun bagi perwira, dan 53 tahun bagi bintara dan tamtama."
    },
    {
        "Context": "Pasal 53 mengatur tentang usia pensiun prajurit TNI, dengan batas usia pensiun paling tinggi 58 tahun bagi perwira dan 53 tahun bagi bintara serta tamtama, dan juga mengenai ketentuan masa dinas keprajuritan.",
        "Question": "Apa yang dimaksud dengan usia paling tinggi dalam Pasal 53?",
        "Answer": "Usia paling tinggi dalam Pasal 53 merujuk pada batas usia maksimum bagi prajurit untuk melaksanakan dinas keprajuritan sesuai dengan ketentuan undang-undang ini."
    },
    {
        "Context": "Pasal 53 mengatur tentang usia pensiun prajurit TNI, dengan batas usia pensiun paling tinggi 58 tahun bagi perwira dan 53 tahun bagi bintara serta tamtama, dan juga mengenai ketentuan masa dinas keprajuritan.",
        "Question": "Apa batas usia pensiun untuk perwira menurut Pasal 53?",
        "Answer": "Batas usia pensiun untuk perwira menurut Pasal 53 adalah 58 tahun."
    },
    {
        "Context": "Pasal 53 mengatur tentang usia pensiun prajurit TNI, dengan batas usia pensiun paling tinggi 58 tahun bagi perwira dan 53 tahun bagi bintara serta tamtama, dan juga mengenai ketentuan masa dinas keprajuritan.",
        "Question": "Apa batas usia pensiun untuk bintara dan tamtama menurut Pasal 53?",
        "Answer": "Batas usia pensiun untuk bintara dan tamtama menurut Pasal 53 adalah 53 tahun."
    },
    {
        "Context": "Pasal 53 mengatur tentang usia pensiun prajurit TNI, dengan batas usia pensiun paling tinggi 58 tahun bagi perwira dan 53 tahun bagi bintara serta tamtama, dan juga mengenai ketentuan masa dinas keprajuritan.",
        "Question": "Apakah Pasal 53 mengatur masa pensiun bagi semua prajurit?",
        "Answer": "Ya, Pasal 53 mengatur masa pensiun bagi semua prajurit dengan ketentuan usia pensiun yang berbeda berdasarkan pangkat."
    },
    {
        "Context": "Pasal 53 mengatur tentang usia pensiun prajurit TNI, dengan batas usia pensiun paling tinggi 58 tahun bagi perwira dan 53 tahun bagi bintara serta tamtama, dan juga mengenai ketentuan masa dinas keprajuritan.",
        "Question": "Bagaimana Pasal 53 mengatur usia pensiun bagi prajurit?",
        "Answer": "Pasal 53 mengatur bahwa prajurit harus mengakhiri dinas keprajuritan ketika mencapai usia pensiun yang paling tinggi yang ditentukan, yaitu 58 tahun untuk perwira dan 53 tahun untuk bintara dan tamtama."
    },
    {
        "Context": "Pasal 53 mengatur tentang usia pensiun prajurit TNI, dengan batas usia pensiun paling tinggi 58 tahun bagi perwira dan 53 tahun bagi bintara serta tamtama, dan juga mengenai ketentuan masa dinas keprajuritan.",
        "Question": "Apakah Pasal 53 membatasi usia pensiun berdasarkan pangkat?",
        "Answer": "Ya, Pasal 53 membatasi usia pensiun berdasarkan pangkat, yang berbeda untuk perwira, bintara, dan tamtama."
    },
    {
        "Context": "Pasal 53 mengatur tentang usia pensiun prajurit TNI, dengan batas usia pensiun paling tinggi 58 tahun bagi perwira dan 53 tahun bagi bintara serta tamtama, dan juga mengenai ketentuan masa dinas keprajuritan.",
        "Question": "Apa yang terjadi jika seorang prajurit melebihi usia pensiun yang diatur dalam Pasal 53?",
        "Answer": "Jika seorang prajurit melebihi usia pensiun yang diatur dalam Pasal 53, maka mereka tidak dapat melanjutkan dinas keprajuritan dan akan diberhentikan."
    },
    {
        "Context": "Pasal 53 mengatur tentang usia pensiun prajurit TNI, dengan batas usia pensiun paling tinggi 58 tahun bagi perwira dan 53 tahun bagi bintara serta tamtama, dan juga mengenai ketentuan masa dinas keprajuritan.",
        "Question": "Bagaimana Pasal 53 mengatur pembatasan usia pensiun dalam konteks dinas keprajuritan?",
        "Answer": "Pasal 53 mengatur bahwa prajurit yang mencapai usia pensiun yang ditentukan harus mengakhiri masa dinas mereka sesuai ketentuan yang berlaku."
    },
    {
        "Context": "Pasal 53 mengatur tentang usia pensiun prajurit TNI, dengan batas usia pensiun paling tinggi 58 tahun bagi perwira dan 53 tahun bagi bintara serta tamtama, dan juga mengenai ketentuan masa dinas keprajuritan.",
        "Question": "Apa yang dimaksud dengan masa dinas keprajuritan dalam Pasal 53?",
        "Answer": "Masa dinas keprajuritan dalam Pasal 53 berarti periode waktu yang dijalani oleh prajurit dalam dinas aktif hingga usia pensiun yang ditetapkan."
    },
    {
        "Context": "Pasal 53 mengatur tentang usia pensiun prajurit TNI, dengan batas usia pensiun paling tinggi 58 tahun bagi perwira dan 53 tahun bagi bintara serta tamtama, dan juga mengenai ketentuan masa dinas keprajuritan.",
        "Question": "Apakah ada pengecualian dalam Pasal 53 terkait usia pensiun prajurit?",
        "Answer": "Tidak ada pengecualian khusus dalam Pasal 53 terkait usia pensiun prajurit, yang harus mengikuti ketentuan usia pensiun yang berlaku."
    },
    {
        "Context": "Pasal 53 mengatur tentang usia pensiun prajurit TNI, dengan batas usia pensiun paling tinggi 58 tahun bagi perwira dan 53 tahun bagi bintara serta tamtama, dan juga mengenai ketentuan masa dinas keprajuritan.",
        "Question": "Apa akibatnya jika seorang prajurit tidak memenuhi ketentuan usia pensiun dalam Pasal 53?",
        "Answer": "Jika seorang prajurit tidak memenuhi ketentuan usia pensiun dalam Pasal 53, maka mereka akan diberhentikan dari dinas keprajuritan sesuai dengan ketentuan yang berlaku."
    },
    {
        "Context": "Pasal 53 mengatur tentang usia pensiun prajurit TNI, dengan batas usia pensiun paling tinggi 58 tahun bagi perwira dan 53 tahun bagi bintara serta tamtama, dan juga mengenai ketentuan masa dinas keprajuritan.",
        "Question": "Apakah usia pensiun dalam Pasal 53 bersifat tetap atau dapat berubah?",
        "Answer": "Usia pensiun dalam Pasal 53 bersifat tetap dan berlaku sesuai dengan ketentuan yang diatur dalam undang-undang ini."
    },
    {
        "Context": "Pasal 53 mengatur tentang usia pensiun prajurit TNI, dengan batas usia pensiun paling tinggi 58 tahun bagi perwira dan 53 tahun bagi bintara serta tamtama, dan juga mengenai ketentuan masa dinas keprajuritan.",
        "Question": "Bagaimana Pasal 53 mengatur usia pensiun dalam hubungan dengan tugas prajurit?",
        "Answer": "Pasal 53 mengatur usia pensiun dalam kaitannya dengan tugas prajurit dengan memberikan batas usia pensiun yang berbeda-beda tergantung pangkat."
    },
    {
        "Context": "Pasal 53 mengatur tentang usia pensiun prajurit TNI, dengan batas usia pensiun paling tinggi 58 tahun bagi perwira dan 53 tahun bagi bintara serta tamtama, dan juga mengenai ketentuan masa dinas keprajuritan.",
        "Question": "Apakah Pasal 53 berlaku untuk semua prajurit TNI?",
        "Answer": "Ya, Pasal 53 berlaku untuk semua prajurit TNI, baik perwira, bintara, maupun tamtama, dengan ketentuan usia pensiun yang sesuai dengan pangkatnya."
    },
    {
        "Context": "Pasal 53 mengatur tentang usia pensiun prajurit TNI, dengan batas usia pensiun paling tinggi 58 tahun bagi perwira dan 53 tahun bagi bintara serta tamtama, dan juga mengenai ketentuan masa dinas keprajuritan.",
        "Question": "Apa yang dimaksud dengan batas usia pensiun yang paling tinggi dalam Pasal 53?",
        "Answer": "Usia paling tinggi dalam Pasal 53 berarti batas usia pensiun maksimal bagi prajurit yang tidak dapat melanjutkan dinas aktif setelah mencapai usia tersebut."
    },
    {
        "Context": "Pasal 53 mengatur tentang usia pensiun prajurit TNI, dengan batas usia pensiun paling tinggi 58 tahun bagi perwira dan 53 tahun bagi bintara serta tamtama, dan juga mengenai ketentuan masa dinas keprajuritan.",
        "Question": "Apa tujuan dari pengaturan usia pensiun dalam Pasal 53?",
        "Answer": "Tujuan dari pengaturan usia pensiun dalam Pasal 53 adalah untuk memastikan bahwa prajurit mengakhiri dinas mereka pada usia yang sesuai dengan ketentuan yang ditetapkan, menjaga keseimbangan dinas di TNI."
    },
    {
        "Context": "Pasal 53 mengatur tentang usia pensiun prajurit TNI, dengan batas usia pensiun paling tinggi 58 tahun bagi perwira dan 53 tahun bagi bintara serta tamtama, dan juga mengenai ketentuan masa dinas keprajuritan.",
        "Question": "Apakah Pasal 53 mengatur tentang pensiun dini?",
        "Answer": "Pasal 53 tidak mengatur tentang pensiun dini, tetapi berfokus pada usia pensiun maksimal bagi prajurit yang masih aktif dalam dinas."
    },
    {
        "Context": "Pasal 53 mengatur tentang usia pensiun prajurit TNI, dengan batas usia pensiun paling tinggi 58 tahun bagi perwira dan 53 tahun bagi bintara serta tamtama, dan juga mengenai ketentuan masa dinas keprajuritan.",
        "Question": "Apakah Pasal 53 memberikan ketentuan khusus bagi prajurit dengan masa dinas panjang?",
        "Answer": "Pasal 53 tidak memberikan ketentuan khusus bagi prajurit dengan masa dinas panjang, melainkan hanya menetapkan usia pensiun sesuai dengan pangkat."
    },
    {
        "Context": "Pasal 53 mengatur tentang usia pensiun prajurit TNI, dengan batas usia pensiun paling tinggi 58 tahun bagi perwira dan 53 tahun bagi bintara serta tamtama, dan juga mengenai ketentuan masa dinas keprajuritan.",
        "Question": "Bagaimana Pasal 53 berhubungan dengan pembatasan usia pensiun di TNI?",
        "Answer": "Pasal 53 berhubungan dengan pembatasan usia pensiun di TNI dengan memastikan bahwa prajurit akan diberhentikan setelah mencapai usia pensiun yang ditentukan."
    },
    {
        "Context": "Pasal 53 mengatur tentang usia pensiun prajurit TNI, dengan batas usia pensiun paling tinggi 58 tahun bagi perwira dan 53 tahun bagi bintara serta tamtama, dan juga mengenai ketentuan masa dinas keprajuritan.",
        "Question": "Apa yang dimaksud dengan pembatasan usia dalam Pasal 53?",
        "Answer": "Pembatasan usia dalam Pasal 53 berarti bahwa prajurit yang mencapai usia pensiun yang ditentukan harus mengakhiri dinas mereka."
    },
    {
        "Context": "Pasal 53 mengatur tentang usia pensiun prajurit TNI, dengan batas usia pensiun paling tinggi 58 tahun bagi perwira dan 53 tahun bagi bintara serta tamtama, dan juga mengenai ketentuan masa dinas keprajuritan.",
        "Question": "Apakah Pasal 53 mempengaruhi proses pensiun prajurit setelah usia tertentu?",
        "Answer": "Pasal 53 mempengaruhi proses pensiun prajurit dengan menetapkan usia pensiun maksimum bagi prajurit di TNI."
    }
]