[
    {
        "Context": "Pasal 73 mengatur bahwa semua peraturan pelaksanaan tentang TNI tetap berlaku sepanjang tidak bertentangan dan belum diganti sesuai dengan undang-undang ini.",
        "Question": "Apa isi Pasal 73?",
        "Answer": "Pasal 73 mengatur bahwa semua peraturan pelaksanaan tentang TNI tetap berlaku sepanjang tidak bertentangan dan belum diganti sesuai dengan undang-undang ini."
    },
    {
        "Context": "Pasal 73 mengatur bahwa semua peraturan pelaksanaan tentang TNI tetap berlaku sepanjang tidak bertentangan dan belum diganti sesuai dengan undang-undang ini.",
        "Question": "Apa isi Pasal 73 ayat 1?",
        "Answer": "Pasal 73 ayat 1 menyatakan bahwa peraturan pelaksanaan tentang TNI yang ada tetap berlaku selama tidak bertentangan dengan undang-undang ini dan belum diganti."
    },
    {
        "Context": "Pasal 73 mengatur bahwa semua peraturan pelaksanaan tentang TNI tetap berlaku sepanjang tidak bertentangan dan belum diganti sesuai dengan undang-undang ini.",
        "Question": "Apa yang dimaksud dengan peraturan pelaksanaan dalam Pasal 73?",
        "Answer": "Peraturan pelaksanaan dalam Pasal 73 merujuk pada peraturan-peraturan yang telah diterapkan sebelumnya untuk TNI dan diatur oleh undang-undang ini."
    },
    {
        "Context": "Pasal 73 mengatur bahwa semua peraturan pelaksanaan tentang TNI tetap berlaku sepanjang tidak bertentangan dan belum diganti sesuai dengan undang-undang ini.",
        "Question": "Apa yang terjadi pada peraturan pelaksanaan tentang TNI yang sudah ada?",
        "Answer": "Peraturan pelaksanaan tentang TNI yang sudah ada tetap berlaku selama tidak bertentangan dengan undang-undang baru ini dan belum ada peraturan pengganti yang disahkan."
    },
    {
        "Context": "Pasal 73 mengatur bahwa semua peraturan pelaksanaan tentang TNI tetap berlaku sepanjang tidak bertentangan dan belum diganti sesuai dengan undang-undang ini.",
        "Question": "Apa yang dimaksud dengan peraturan yang tidak bertentangan dengan undang-undang?",
        "Answer": "Peraturan yang tidak bertentangan dengan undang-undang berarti peraturan-peraturan yang sudah ada yang masih sejalan dengan ketentuan dalam undang-undang yang baru."
    },
    {
        "Context": "Pasal 73 mengatur bahwa semua peraturan pelaksanaan tentang TNI tetap berlaku sepanjang tidak bertentangan dan belum diganti sesuai dengan undang-undang ini.",
        "Question": "Apakah Pasal 73 mengatur penggantian peraturan tentang TNI?",
        "Answer": "Pasal 73 tidak secara langsung mengatur penggantian peraturan, tetapi menyatakan bahwa peraturan lama tetap berlaku sampai ada penggantian yang sesuai dengan undang-undang baru."
    },
    {
        "Context": "Pasal 73 mengatur bahwa semua peraturan pelaksanaan tentang TNI tetap berlaku sepanjang tidak bertentangan dan belum diganti sesuai dengan undang-undang ini.",
        "Question": "Apakah peraturan yang sudah ada tetap berlaku setelah undang-undang ini berlaku?",
        "Answer": "Ya, peraturan yang sudah ada tetap berlaku setelah undang-undang ini berlaku, asalkan tidak bertentangan dengan ketentuan baru yang diatur oleh undang-undang."
    },
    {
        "Context": "Pasal 73 mengatur bahwa semua peraturan pelaksanaan tentang TNI tetap berlaku sepanjang tidak bertentangan dan belum diganti sesuai dengan undang-undang ini.",
        "Question": "Apakah Pasal 73 mengatur penerapan peraturan baru?",
        "Answer": "Pasal 73 tidak mengatur penerapan peraturan baru, tetapi menegaskan bahwa peraturan lama tetap berlaku hingga ada penggantian sesuai dengan undang-undang baru."
    },
    {
        "Context": "Pasal 73 mengatur bahwa semua peraturan pelaksanaan tentang TNI tetap berlaku sepanjang tidak bertentangan dan belum diganti sesuai dengan undang-undang ini.",
        "Question": "Apa yang dimaksud dengan perubahan peraturan dalam Pasal 73?",
        "Answer": "Perubahan peraturan dalam Pasal 73 merujuk pada perubahan atau penggantian peraturan yang harus dilakukan jika peraturan yang ada bertentangan dengan undang-undang yang baru."
    },
    {
        "Context": "Pasal 73 mengatur bahwa semua peraturan pelaksanaan tentang TNI tetap berlaku sepanjang tidak bertentangan dan belum diganti sesuai dengan undang-undang ini.",
        "Question": "Bagaimana cara peraturan yang bertentangan dengan undang-undang ini diubah?",
        "Answer": "Jika peraturan pelaksanaan bertentangan dengan undang-undang, maka peraturan tersebut harus diubah atau diganti agar sesuai dengan ketentuan yang baru dalam undang-undang."
    },
    {
        "Context": "Pasal 73 mengatur bahwa semua peraturan pelaksanaan tentang TNI tetap berlaku sepanjang tidak bertentangan dan belum diganti sesuai dengan undang-undang ini.",
        "Question": "Apa yang terjadi jika peraturan pelaksanaan bertentangan dengan undang-undang?",
        "Answer": "Pasal 73 mengatur bahwa peraturan yang sudah ada tetap berlaku jika tidak bertentangan dengan undang-undang baru, tetapi jika bertentangan harus diganti."
    },
    {
        "Context": "Pasal 73 mengatur bahwa semua peraturan pelaksanaan tentang TNI tetap berlaku sepanjang tidak bertentangan dan belum diganti sesuai dengan undang-undang ini.",
        "Question": "Apakah Pasal 73 hanya berlaku untuk peraturan terkait TNI?",
        "Answer": "Ya, Pasal 73 hanya berlaku untuk peraturan yang terkait dengan TNI yang masih berlaku dan belum diganti oleh peraturan yang sesuai dengan undang-undang ini."
    },
    {
        "Context": "Pasal 73 mengatur bahwa semua peraturan pelaksanaan tentang TNI tetap berlaku sepanjang tidak bertentangan dan belum diganti sesuai dengan undang-undang ini.",
        "Question": "Apa yang dimaksud dengan 'belum diganti' dalam Pasal 73?",
        "Answer": "\u2018Belum diganti\u2019 dalam Pasal 73 berarti peraturan lama tetap berlaku sampai ada peraturan baru yang sesuai dengan undang-undang ini yang menggantikan peraturan lama."
    },
    {
        "Context": "Pasal 73 mengatur bahwa semua peraturan pelaksanaan tentang TNI tetap berlaku sepanjang tidak bertentangan dan belum diganti sesuai dengan undang-undang ini.",
        "Question": "Apakah Pasal 73 mengatur semua jenis peraturan di TNI?",
        "Answer": "Pasal 73 mengatur hanya peraturan pelaksanaan yang terkait dengan TNI dan menyatakan bahwa peraturan yang ada tetap berlaku sampai ada peraturan baru yang menggantinya."
    },
    {
        "Context": "Pasal 73 mengatur bahwa semua peraturan pelaksanaan tentang TNI tetap berlaku sepanjang tidak bertentangan dan belum diganti sesuai dengan undang-undang ini.",
        "Question": "Apa akibatnya jika peraturan pelaksanaan tidak diubah sesuai undang-undang?",
        "Answer": "Jika peraturan pelaksanaan tidak diubah sesuai undang-undang, maka peraturan tersebut tidak lagi berlaku dan akan digantikan dengan peraturan yang sesuai."
    },
    {
        "Context": "Pasal 73 mengatur bahwa semua peraturan pelaksanaan tentang TNI tetap berlaku sepanjang tidak bertentangan dan belum diganti sesuai dengan undang-undang ini.",
        "Question": "Apa yang dimaksud dengan peraturan pelaksanaan yang belum diganti?",
        "Answer": "Peraturan pelaksanaan yang belum diganti berarti peraturan yang masih tetap berlaku, tetapi harus sesuai dengan ketentuan yang ditetapkan oleh undang-undang yang baru."
    },
    {
        "Context": "Pasal 73 mengatur bahwa semua peraturan pelaksanaan tentang TNI tetap berlaku sepanjang tidak bertentangan dan belum diganti sesuai dengan undang-undang ini.",
        "Question": "Apa yang terjadi dengan peraturan lama yang masih berlaku setelah undang-undang ini?",
        "Answer": "Peraturan lama yang masih berlaku setelah undang-undang ini berarti peraturan yang tidak bertentangan dengan undang-undang baru dan belum diganti."
    },
    {
        "Context": "Pasal 73 mengatur bahwa semua peraturan pelaksanaan tentang TNI tetap berlaku sepanjang tidak bertentangan dan belum diganti sesuai dengan undang-undang ini.",
        "Question": "Apakah Pasal 73 memberikan kewenangan untuk mengganti peraturan TNI?",
        "Answer": "Pasal 73 memberikan kewenangan untuk mengganti peraturan TNI yang bertentangan dengan undang-undang ini dengan peraturan yang sesuai dengan ketentuan baru."
    },
    {
        "Context": "Pasal 73 mengatur bahwa semua peraturan pelaksanaan tentang TNI tetap berlaku sepanjang tidak bertentangan dan belum diganti sesuai dengan undang-undang ini.",
        "Question": "Bagaimana penerapan Pasal 73 dalam konteks peraturan militer?",
        "Answer": "Penerapan Pasal 73 dalam peraturan militer berarti bahwa peraturan lama dapat tetap berlaku selama tidak bertentangan dengan ketentuan baru yang diatur dalam undang-undang."
    },
    {
        "Context": "Pasal 73 mengatur bahwa semua peraturan pelaksanaan tentang TNI tetap berlaku sepanjang tidak bertentangan dan belum diganti sesuai dengan undang-undang ini.",
        "Question": "Apakah Pasal 73 berhubungan dengan pasal lain dalam pengaturan peraturan TNI?",
        "Answer": "Pasal 73 berhubungan dengan pasal lain karena memberikan dasar untuk keberlakuan peraturan TNI yang telah ada dan mengatur penggantian peraturan jika diperlukan."
    },
    {
        "Context": "Pasal 73 mengatur bahwa semua peraturan pelaksanaan tentang TNI tetap berlaku sepanjang tidak bertentangan dan belum diganti sesuai dengan undang-undang ini.",
        "Question": "Apa akibatnya jika ada konflik antara peraturan lama dengan undang-undang baru?",
        "Answer": "Jika ada konflik antara peraturan lama dengan undang-undang baru, maka peraturan lama yang bertentangan harus diganti dengan peraturan yang sesuai dengan undang-undang."
    },
    {
        "Context": "Pasal 73 mengatur bahwa semua peraturan pelaksanaan tentang TNI tetap berlaku sepanjang tidak bertentangan dan belum diganti sesuai dengan undang-undang ini.",
        "Question": "Bagaimana ketentuan Pasal 73 mempengaruhi implementasi kebijakan di TNI?",
        "Answer": "Pasal 73 mempengaruhi implementasi kebijakan di TNI karena memberikan pedoman apakah peraturan yang ada masih berlaku atau harus diganti sesuai dengan ketentuan baru dalam undang-undang."
    }
]