[
    {
        "Context": "Pasal 55 mengatur tentang pemberhentian prajurit dengan hormat dari dinas keprajuritan. Pemberhentian ini dapat dilakukan karena berbagai alasan, seperti atas permintaan sendiri, berakhirnya masa ikatan dinas, pensiun, tidak memenuhi persyaratan jasmani atau rohani, gugur dalam tugas, atau alasan lainnya yang telah diatur dalam peraturan. Pasal ini juga mencakup ketentuan tentang pemberhentian dini bagi prajurit yang memiliki masa dinas lebih dari 20 tahun.",
        "Question": "Apa yang dimaksud dengan pemberhentian prajurit dengan hormat?",
        "Answer": "Pemberhentian prajurit dengan hormat terjadi apabila seorang prajurit mengundurkan diri atas permintaan sendiri, masa ikatan dinasnya telah berakhir, atau karena alasan lainnya yang diatur oleh peraturan. Dalam hal ini, prajurit tersebut tetap diberikan hak-haknya sesuai ketentuan, seperti pensiun dan tunjangan lainnya."
    },
    {
        "Context": "Pasal 55 mengatur tentang pemberhentian prajurit dengan hormat dari dinas keprajuritan. Pemberhentian ini dapat dilakukan karena berbagai alasan, seperti atas permintaan sendiri, berakhirnya masa ikatan dinas, pensiun, tidak memenuhi persyaratan jasmani atau rohani, gugur dalam tugas, atau alasan lainnya yang telah diatur dalam peraturan. Pasal ini juga mencakup ketentuan tentang pemberhentian dini bagi prajurit yang memiliki masa dinas lebih dari 20 tahun.",
        "Question": "Apa alasan prajurit dapat diberhentikan dengan hormat?",
        "Answer": "Prajurit dapat diberhentikan dengan hormat karena berbagai alasan, seperti atas permintaan sendiri, berakhirnya masa ikatan dinas, pensiun, tidak memenuhi persyaratan jasmani atau rohani, gugur, meninggal dunia, alih status menjadi pegawai negeri sipil, atau alasan lainnya yang diatur dalam peraturan."
    },
    {
        "Context": "Pasal 55 mengatur tentang pemberhentian prajurit dengan hormat dari dinas keprajuritan. Pemberhentian ini dapat dilakukan karena berbagai alasan, seperti atas permintaan sendiri, berakhirnya masa ikatan dinas, pensiun, tidak memenuhi persyaratan jasmani atau rohani, gugur dalam tugas, atau alasan lainnya yang telah diatur dalam peraturan. Pasal ini juga mencakup ketentuan tentang pemberhentian dini bagi prajurit yang memiliki masa dinas lebih dari 20 tahun.",
        "Question": "Apakah prajurit yang diberhentikan dengan hormat mendapatkan hak tertentu?",
        "Answer": "Ya, prajurit yang diberhentikan dengan hormat berhak atas hak-hak tertentu, seperti pensiun, tunjangan pensiun, atau pesangon, sesuai dengan peraturan yang berlaku. Hak-hak ini diberikan setelah mempertimbangkan masa dinas dan ketentuan lainnya."
    },
    {
        "Context": "Pasal 55 mengatur tentang pemberhentian prajurit dengan hormat dari dinas keprajuritan. Pemberhentian ini dapat dilakukan karena berbagai alasan, seperti atas permintaan sendiri, berakhirnya masa ikatan dinas, pensiun, tidak memenuhi persyaratan jasmani atau rohani, gugur dalam tugas, atau alasan lainnya yang telah diatur dalam peraturan. Pasal ini juga mencakup ketentuan tentang pemberhentian dini bagi prajurit yang memiliki masa dinas lebih dari 20 tahun.",
        "Question": "Bagaimana dengan prajurit yang tidak memenuhi persyaratan jasmani atau rohani?",
        "Answer": "Jika prajurit tidak memenuhi persyaratan jasmani atau rohani, mereka dapat diberhentikan dengan hormat. Biasanya, ini berlaku jika kondisi fisik atau mental prajurit sudah tidak memungkinkan untuk melaksanakan tugas keprajuritan dengan baik."
    },
    {
        "Context": "Pasal 55 mengatur tentang pemberhentian prajurit dengan hormat dari dinas keprajuritan. Pemberhentian ini dapat dilakukan karena berbagai alasan, seperti atas permintaan sendiri, berakhirnya masa ikatan dinas, pensiun, tidak memenuhi persyaratan jasmani atau rohani, gugur dalam tugas, atau alasan lainnya yang telah diatur dalam peraturan. Pasal ini juga mencakup ketentuan tentang pemberhentian dini bagi prajurit yang memiliki masa dinas lebih dari 20 tahun.",
        "Question": "Apa yang terjadi jika prajurit gugur dalam tugas?",
        "Answer": "Jika prajurit gugur dalam tugas, hak-haknya diberikan kepada ahli warisnya. Ini termasuk hak atas pensiun, tunjangan, dan hak-hak lainnya sesuai dengan peraturan yang berlaku bagi prajurit yang gugur."
    },
    {
        "Context": "Pasal 55 mengatur tentang pemberhentian prajurit dengan hormat dari dinas keprajuritan. Pemberhentian ini dapat dilakukan karena berbagai alasan, seperti atas permintaan sendiri, berakhirnya masa ikatan dinas, pensiun, tidak memenuhi persyaratan jasmani atau rohani, gugur dalam tugas, atau alasan lainnya yang telah diatur dalam peraturan. Pasal ini juga mencakup ketentuan tentang pemberhentian dini bagi prajurit yang memiliki masa dinas lebih dari 20 tahun.",
        "Question": "Apa yang dimaksud dengan pemberhentian dini prajurit?",
        "Answer": "Pemberhentian dini bagi prajurit dapat diberikan bagi mereka yang telah memiliki masa dinas paling sedikit 20 tahun, dan diberikan hak pensiun penuh sesuai dengan ketentuan yang berlaku."
    },
    {
        "Context": "Pasal 55 mengatur tentang pemberhentian prajurit dengan hormat dari dinas keprajuritan. Pemberhentian ini dapat dilakukan karena berbagai alasan, seperti atas permintaan sendiri, berakhirnya masa ikatan dinas, pensiun, tidak memenuhi persyaratan jasmani atau rohani, gugur dalam tugas, atau alasan lainnya yang telah diatur dalam peraturan. Pasal ini juga mencakup ketentuan tentang pemberhentian dini bagi prajurit yang memiliki masa dinas lebih dari 20 tahun.",
        "Question": "Apa yang terjadi jika seorang prajurit mengundurkan diri atas permintaan sendiri?",
        "Answer": "Jika seorang prajurit mengundurkan diri atas permintaan sendiri, maka mereka diberhentikan dengan hormat dan akan diberikan hak-hak tertentu sesuai dengan ketentuan yang berlaku, seperti pesangon dan tunjangan."
    },
    {
        "Context": "Pasal 55 mengatur tentang pemberhentian prajurit dengan hormat dari dinas keprajuritan. Pemberhentian ini dapat dilakukan karena berbagai alasan, seperti atas permintaan sendiri, berakhirnya masa ikatan dinas, pensiun, tidak memenuhi persyaratan jasmani atau rohani, gugur dalam tugas, atau alasan lainnya yang telah diatur dalam peraturan. Pasal ini juga mencakup ketentuan tentang pemberhentian dini bagi prajurit yang memiliki masa dinas lebih dari 20 tahun.",
        "Question": "Siapa yang dapat mengatur pemberhentian prajurit?",
        "Answer": "Pemberhentian prajurit diatur oleh Panglima TNI, dan ketentuan terkait pemberhentian ini juga diatur oleh Peraturan Pemerintah yang lebih spesifik."
    },
    {
        "Context": "Pasal 55 mengatur tentang pemberhentian prajurit dengan hormat dari dinas keprajuritan. Pemberhentian ini dapat dilakukan karena berbagai alasan, seperti atas permintaan sendiri, berakhirnya masa ikatan dinas, pensiun, tidak memenuhi persyaratan jasmani atau rohani, gugur dalam tugas, atau alasan lainnya yang telah diatur dalam peraturan. Pasal ini juga mencakup ketentuan tentang pemberhentian dini bagi prajurit yang memiliki masa dinas lebih dari 20 tahun.",
        "Question": "Apa yang dimaksud dengan masa ikatan dinas prajurit?",
        "Answer": "Masa ikatan dinas adalah periode waktu tertentu yang dijalani prajurit untuk melaksanakan tugasnya dalam dinas keprajuritan. Setelah masa ini berakhir, prajurit dapat diberhentikan dengan hormat."
    },
    {
        "Context": "Pasal 55 mengatur tentang pemberhentian prajurit dengan hormat dari dinas keprajuritan. Pemberhentian ini dapat dilakukan karena berbagai alasan, seperti atas permintaan sendiri, berakhirnya masa ikatan dinas, pensiun, tidak memenuhi persyaratan jasmani atau rohani, gugur dalam tugas, atau alasan lainnya yang telah diatur dalam peraturan. Pasal ini juga mencakup ketentuan tentang pemberhentian dini bagi prajurit yang memiliki masa dinas lebih dari 20 tahun.",
        "Question": "Apa hak yang diterima prajurit yang diberhentikan dengan hormat?",
        "Answer": "Prajurit yang diberhentikan dengan hormat berhak atas pensiun, tunjangan pensiun, atau pesangon, tergantung pada masa dinas dan ketentuan yang berlaku."
    },
    {
        "Context": "Pasal 55 mengatur tentang pemberhentian prajurit dengan hormat dari dinas keprajuritan. Pemberhentian ini dapat dilakukan karena berbagai alasan, seperti atas permintaan sendiri, berakhirnya masa ikatan dinas, pensiun, tidak memenuhi persyaratan jasmani atau rohani, gugur dalam tugas, atau alasan lainnya yang telah diatur dalam peraturan. Pasal ini juga mencakup ketentuan tentang pemberhentian dini bagi prajurit yang memiliki masa dinas lebih dari 20 tahun.",
        "Question": "Apa isi Pasal 55 ayat 1?",
        "Answer": "Pasal 55 ayat 1 menjelaskan alasan-alasan yang menyebabkan prajurit diberhentikan dengan hormat, seperti atas permintaan sendiri, berakhirnya masa ikatan dinas, pensiun, atau alasan lainnya."
    },
    {
        "Context": "Pasal 55 mengatur tentang pemberhentian prajurit dengan hormat dari dinas keprajuritan. Pemberhentian ini dapat dilakukan karena berbagai alasan, seperti atas permintaan sendiri, berakhirnya masa ikatan dinas, pensiun, tidak memenuhi persyaratan jasmani atau rohani, gugur dalam tugas, atau alasan lainnya yang telah diatur dalam peraturan. Pasal ini juga mencakup ketentuan tentang pemberhentian dini bagi prajurit yang memiliki masa dinas lebih dari 20 tahun.",
        "Question": "Apa isi Pasal 55 ayat 2?",
        "Answer": "Pasal 55 ayat 2 menjelaskan bahwa prajurit yang telah memiliki masa dinas minimal 20 tahun dapat diberhentikan dengan hormat dan dipensiunkan dini dengan hak pensiun penuh."
    },
    {
        "Context": "Pasal 55 mengatur tentang pemberhentian prajurit dengan hormat dari dinas keprajuritan. Pemberhentian ini dapat dilakukan karena berbagai alasan, seperti atas permintaan sendiri, berakhirnya masa ikatan dinas, pensiun, tidak memenuhi persyaratan jasmani atau rohani, gugur dalam tugas, atau alasan lainnya yang telah diatur dalam peraturan. Pasal ini juga mencakup ketentuan tentang pemberhentian dini bagi prajurit yang memiliki masa dinas lebih dari 20 tahun.",
        "Question": "Apa isi Pasal 55 ayat 3?",
        "Answer": "Pasal 55 ayat 3 mengatur bahwa ketentuan terkait pemberhentian prajurit dengan hormat diatur lebih lanjut dengan Peraturan Pemerintah."
    },
    {
        "Context": "Pasal 55 mengatur tentang pemberhentian prajurit dengan hormat dari dinas keprajuritan. Pemberhentian ini dapat dilakukan karena berbagai alasan, seperti atas permintaan sendiri, berakhirnya masa ikatan dinas, pensiun, tidak memenuhi persyaratan jasmani atau rohani, gugur dalam tugas, atau alasan lainnya yang telah diatur dalam peraturan. Pasal ini juga mencakup ketentuan tentang pemberhentian dini bagi prajurit yang memiliki masa dinas lebih dari 20 tahun.",
        "Question": "Apa yang terjadi jika seorang prajurit meninggal dunia dalam tugas?",
        "Answer": "Jika prajurit meninggal dunia dalam tugas, hak-haknya, termasuk tunjangan atau pensiun, akan diberikan kepada ahli warisnya, sesuai dengan peraturan yang berlaku."
    },
    {
        "Context": "Pasal 55 mengatur tentang pemberhentian prajurit dengan hormat dari dinas keprajuritan. Pemberhentian ini dapat dilakukan karena berbagai alasan, seperti atas permintaan sendiri, berakhirnya masa ikatan dinas, pensiun, tidak memenuhi persyaratan jasmani atau rohani, gugur dalam tugas, atau alasan lainnya yang telah diatur dalam peraturan. Pasal ini juga mencakup ketentuan tentang pemberhentian dini bagi prajurit yang memiliki masa dinas lebih dari 20 tahun.",
        "Question": "Apa yang dimaksud dengan pertimbangan khusus untuk kepentingan dinas?",
        "Answer": "Pertimbangan khusus untuk kepentingan dinas bisa melibatkan kebutuhan organisasi atau struktur TNI yang memerlukan pengurangan jumlah prajurit atau perubahan struktur, sehingga pemberhentian dilakukan sesuai dengan pertimbangan tersebut."
    },
    {
        "Context": "Pasal 55 mengatur tentang pemberhentian prajurit dengan hormat dari dinas keprajuritan. Pemberhentian ini dapat dilakukan karena berbagai alasan, seperti atas permintaan sendiri, berakhirnya masa ikatan dinas, pensiun, tidak memenuhi persyaratan jasmani atau rohani, gugur dalam tugas, atau alasan lainnya yang telah diatur dalam peraturan. Pasal ini juga mencakup ketentuan tentang pemberhentian dini bagi prajurit yang memiliki masa dinas lebih dari 20 tahun.",
        "Question": "Apakah prajurit yang alih status menjadi pegawai negeri sipil bisa diberhentikan?",
        "Answer": "Ya, prajurit yang alih status menjadi pegawai negeri sipil dapat diberhentikan dengan hormat, karena mereka tidak lagi menjalankan tugas keprajuritan sesuai dengan ketentuan yang berlaku."
    },
    {
        "Context": "Pasal 55 mengatur tentang pemberhentian prajurit dengan hormat dari dinas keprajuritan. Pemberhentian ini dapat dilakukan karena berbagai alasan, seperti atas permintaan sendiri, berakhirnya masa ikatan dinas, pensiun, tidak memenuhi persyaratan jasmani atau rohani, gugur dalam tugas, atau alasan lainnya yang telah diatur dalam peraturan. Pasal ini juga mencakup ketentuan tentang pemberhentian dini bagi prajurit yang memiliki masa dinas lebih dari 20 tahun.",
        "Question": "Bagaimana cara pemberhentian prajurit yang tidak memenuhi syarat untuk jabatan?",
        "Answer": "Prajurit yang tidak memenuhi syarat untuk jabatan tertentu, seperti tidak memenuhi kualifikasi atau kemampuan yang ditentukan, dapat diberhentikan dengan hormat atau dipindahkan ke jabatan yang lebih sesuai."
    },
    {
        "Context": "Pasal 55 mengatur tentang pemberhentian prajurit dengan hormat dari dinas keprajuritan. Pemberhentian ini dapat dilakukan karena berbagai alasan, seperti atas permintaan sendiri, berakhirnya masa ikatan dinas, pensiun, tidak memenuhi persyaratan jasmani atau rohani, gugur dalam tugas, atau alasan lainnya yang telah diatur dalam peraturan. Pasal ini juga mencakup ketentuan tentang pemberhentian dini bagi prajurit yang memiliki masa dinas lebih dari 20 tahun.",
        "Question": "Apa saja poin-poin dalam Pasal 55 ayat 1?",
        "Answer": "Poin-poin dalam Pasal 55 ayat 1 meliputi pemberhentian prajurit karena permintaan sendiri, berakhirnya masa ikatan dinas, pensiun, ketidakmampuan jasmani atau rohani, gugur, meninggal dunia, alih status, atau alasan lain sesuai peraturan."
    },
    {
        "Context": "Pasal 55 mengatur tentang pemberhentian prajurit dengan hormat dari dinas keprajuritan. Pemberhentian ini dapat dilakukan karena berbagai alasan, seperti atas permintaan sendiri, berakhirnya masa ikatan dinas, pensiun, tidak memenuhi persyaratan jasmani atau rohani, gugur dalam tugas, atau alasan lainnya yang telah diatur dalam peraturan. Pasal ini juga mencakup ketentuan tentang pemberhentian dini bagi prajurit yang memiliki masa dinas lebih dari 20 tahun.",
        "Question": "Apa yang dimaksud dengan prajurit yang memiliki masa dinas 20 tahun?",
        "Answer": "Prajurit yang memiliki masa dinas 20 tahun berhak dipensiunkan dini, jika berdasarkan pertimbangan khusus yang diatur dalam peraturan, dan diberikan hak pensiun penuh."
    },
    {
        "Context": "Pasal 55 mengatur tentang pemberhentian prajurit dengan hormat dari dinas keprajuritan. Pemberhentian ini dapat dilakukan karena berbagai alasan, seperti atas permintaan sendiri, berakhirnya masa ikatan dinas, pensiun, tidak memenuhi persyaratan jasmani atau rohani, gugur dalam tugas, atau alasan lainnya yang telah diatur dalam peraturan. Pasal ini juga mencakup ketentuan tentang pemberhentian dini bagi prajurit yang memiliki masa dinas lebih dari 20 tahun.",
        "Question": "Apakah seorang prajurit yang dipensiunkan dini berhak menerima pensiun penuh?",
        "Answer": "Ya, seorang prajurit yang dipensiunkan dini dengan masa dinas minimal 20 tahun berhak menerima pensiun penuh sesuai dengan ketentuan yang berlaku."
    },
    {
        "Context": "Pasal 55 mengatur tentang pemberhentian prajurit dengan hormat dari dinas keprajuritan. Pemberhentian ini dapat dilakukan karena berbagai alasan, seperti atas permintaan sendiri, berakhirnya masa ikatan dinas, pensiun, tidak memenuhi persyaratan jasmani atau rohani, gugur dalam tugas, atau alasan lainnya yang telah diatur dalam peraturan. Pasal ini juga mencakup ketentuan tentang pemberhentian dini bagi prajurit yang memiliki masa dinas lebih dari 20 tahun.",
        "Question": "Apa isi Pasal 55 ayat 1 poin h?",
        "Answer": "Pasal 55 ayat 1 poin h mengatur tentang pemberhentian prajurit berdasarkan pertimbangan khusus untuk kepentingan dinas, seperti pengurangan jumlah prajurit atau perubahan struktur organisasi TNI."
    }
]