[
    {
        "Context": "Pasal 61 mengatur tentang hak prajurit yang diberhentikan dengan hormat dari dinas keprajuritan untuk memakai tanda jasa kenegaraan yang dimilikinya saat menghadiri upacara nasional atau kemiliteran, sesuai dengan tanda jasa yang diperolehnya pada saat masih berdinas aktif. Pelaksanaan ketentuan ini diatur lebih lanjut dengan keputusan Presiden.",
        "Question": "Apa yang diatur dalam Pasal 61 tentang hak prajurit yang diberhentikan dengan hormat?",
        "Answer": "Pasal 61 mengatur bahwa prajurit yang diberhentikan dengan hormat berhak memakai tanda jasa kenegaraan yang dimilikinya saat menghadiri upacara nasional atau kemiliteran."
    },
    {
        "Context": "Pasal 61 mengatur tentang hak prajurit yang diberhentikan dengan hormat dari dinas keprajuritan untuk memakai tanda jasa kenegaraan yang dimilikinya saat menghadiri upacara nasional atau kemiliteran, sesuai dengan tanda jasa yang diperolehnya pada saat masih berdinas aktif. Pelaksanaan ketentuan ini diatur lebih lanjut dengan keputusan Presiden.",
        "Question": "Siapa yang dapat menggunakan tanda jasa kenegaraan menurut Pasal 61?",
        "Answer": "Prajurit yang diberhentikan dengan hormat berhak menggunakan tanda jasa kenegaraan yang dimilikinya saat menghadiri upacara nasional atau kemiliteran."
    },
    {
        "Context": "Pasal 61 mengatur tentang hak prajurit yang diberhentikan dengan hormat dari dinas keprajuritan untuk memakai tanda jasa kenegaraan yang dimilikinya saat menghadiri upacara nasional atau kemiliteran, sesuai dengan tanda jasa yang diperolehnya pada saat masih berdinas aktif. Pelaksanaan ketentuan ini diatur lebih lanjut dengan keputusan Presiden.",
        "Question": "Kapan prajurit dapat menggunakan tanda jasa kenegaraan setelah diberhentikan?",
        "Answer": "Prajurit yang diberhentikan dengan hormat dapat menggunakan tanda jasa kenegaraan saat menghadiri upacara nasional atau kemiliteran setelah diberhentikan, sesuai dengan tanda jasa yang diperoleh selama dinas aktif."
    },
    {
        "Context": "Pasal 61 mengatur tentang hak prajurit yang diberhentikan dengan hormat dari dinas keprajuritan untuk memakai tanda jasa kenegaraan yang dimilikinya saat menghadiri upacara nasional atau kemiliteran, sesuai dengan tanda jasa yang diperolehnya pada saat masih berdinas aktif. Pelaksanaan ketentuan ini diatur lebih lanjut dengan keputusan Presiden.",
        "Question": "Apa yang dimaksud dengan upacara nasional dalam Pasal 61?",
        "Answer": "Upacara nasional dalam Pasal 61 merujuk pada upacara yang diadakan untuk merayakan atau memperingati peristiwa penting negara, seperti hari kemerdekaan."
    },
    {
        "Context": "Pasal 61 mengatur tentang hak prajurit yang diberhentikan dengan hormat dari dinas keprajuritan untuk memakai tanda jasa kenegaraan yang dimilikinya saat menghadiri upacara nasional atau kemiliteran, sesuai dengan tanda jasa yang diperolehnya pada saat masih berdinas aktif. Pelaksanaan ketentuan ini diatur lebih lanjut dengan keputusan Presiden.",
        "Question": "Apa yang dimaksud dengan upacara kemiliteran dalam Pasal 61?",
        "Answer": "Upacara kemiliteran dalam Pasal 61 adalah upacara yang diadakan oleh TNI, seperti upacara bendera atau upacara penghargaan."
    },
    {
        "Context": "Pasal 61 mengatur tentang hak prajurit yang diberhentikan dengan hormat dari dinas keprajuritan untuk memakai tanda jasa kenegaraan yang dimilikinya saat menghadiri upacara nasional atau kemiliteran, sesuai dengan tanda jasa yang diperolehnya pada saat masih berdinas aktif. Pelaksanaan ketentuan ini diatur lebih lanjut dengan keputusan Presiden.",
        "Question": "Apakah prajurit yang diberhentikan dengan tidak hormat berhak menggunakan tanda jasa kenegaraan?",
        "Answer": "Tidak, Pasal 61 hanya memberikan hak kepada prajurit yang diberhentikan dengan hormat untuk memakai tanda jasa kenegaraan, bukan bagi yang diberhentikan dengan tidak hormat."
    },
    {
        "Context": "Pasal 61 mengatur tentang hak prajurit yang diberhentikan dengan hormat dari dinas keprajuritan untuk memakai tanda jasa kenegaraan yang dimilikinya saat menghadiri upacara nasional atau kemiliteran, sesuai dengan tanda jasa yang diperolehnya pada saat masih berdinas aktif. Pelaksanaan ketentuan ini diatur lebih lanjut dengan keputusan Presiden.",
        "Question": "Bagaimana prosedur penggunaan tanda jasa kenegaraan setelah diberhentikan?",
        "Answer": "Prosedur penggunaan tanda jasa kenegaraan setelah diberhentikan diatur lebih lanjut dengan keputusan Presiden, yang memastikan pelaksanaan hak ini sesuai dengan ketentuan yang berlaku."
    },
    {
        "Context": "Pasal 61 mengatur tentang hak prajurit yang diberhentikan dengan hormat dari dinas keprajuritan untuk memakai tanda jasa kenegaraan yang dimilikinya saat menghadiri upacara nasional atau kemiliteran, sesuai dengan tanda jasa yang diperolehnya pada saat masih berdinas aktif. Pelaksanaan ketentuan ini diatur lebih lanjut dengan keputusan Presiden.",
        "Question": "Apa yang menjadi dasar untuk penggunaan tanda jasa kenegaraan oleh prajurit yang diberhentikan?",
        "Answer": "Dasar untuk penggunaan tanda jasa kenegaraan adalah hak prajurit yang diberhentikan dengan hormat, sesuai dengan tanda jasa yang dimilikinya selama dinas aktif."
    },
    {
        "Context": "Pasal 61 mengatur tentang hak prajurit yang diberhentikan dengan hormat dari dinas keprajuritan untuk memakai tanda jasa kenegaraan yang dimilikinya saat menghadiri upacara nasional atau kemiliteran, sesuai dengan tanda jasa yang diperolehnya pada saat masih berdinas aktif. Pelaksanaan ketentuan ini diatur lebih lanjut dengan keputusan Presiden.",
        "Question": "Apakah Pasal 61 hanya mengatur prajurit yang telah pensiun?",
        "Answer": "Pasal 61 tidak hanya mengatur prajurit yang telah pensiun, tetapi juga untuk prajurit yang diberhentikan dengan hormat selama masih memiliki tanda jasa kenegaraan."
    },
    {
        "Context": "Pasal 61 mengatur tentang hak prajurit yang diberhentikan dengan hormat dari dinas keprajuritan untuk memakai tanda jasa kenegaraan yang dimilikinya saat menghadiri upacara nasional atau kemiliteran, sesuai dengan tanda jasa yang diperolehnya pada saat masih berdinas aktif. Pelaksanaan ketentuan ini diatur lebih lanjut dengan keputusan Presiden.",
        "Question": "Apakah prajurit yang diberhentikan dengan hormat tetap memiliki hak untuk menggunakan tanda jasa kenegaraan?",
        "Answer": "Ya, prajurit yang diberhentikan dengan hormat tetap memiliki hak untuk menggunakan tanda jasa kenegaraan yang telah diperoleh selama masa dinas aktif."
    },
    {
        "Context": "Pasal 61 mengatur tentang hak prajurit yang diberhentikan dengan hormat dari dinas keprajuritan untuk memakai tanda jasa kenegaraan yang dimilikinya saat menghadiri upacara nasional atau kemiliteran, sesuai dengan tanda jasa yang diperolehnya pada saat masih berdinas aktif. Pelaksanaan ketentuan ini diatur lebih lanjut dengan keputusan Presiden.",
        "Question": "Bagaimana cara pelaksanaan hak penggunaan tanda jasa kenegaraan ini diatur?",
        "Answer": "Pelaksanaan hak penggunaan tanda jasa kenegaraan ini diatur dengan keputusan Presiden, yang akan mengatur lebih lanjut tentang pelaksanaan dan penggunaannya."
    },
    {
        "Context": "Pasal 61 mengatur tentang hak prajurit yang diberhentikan dengan hormat dari dinas keprajuritan untuk memakai tanda jasa kenegaraan yang dimilikinya saat menghadiri upacara nasional atau kemiliteran, sesuai dengan tanda jasa yang diperolehnya pada saat masih berdinas aktif. Pelaksanaan ketentuan ini diatur lebih lanjut dengan keputusan Presiden.",
        "Question": "Apakah Pasal 61 berlaku untuk semua prajurit yang diberhentikan?",
        "Answer": "Pasal 61 berlaku bagi prajurit yang diberhentikan dengan hormat dan memiliki tanda jasa kenegaraan yang diperoleh selama masa dinas aktif."
    },
    {
        "Context": "Pasal 61 mengatur tentang hak prajurit yang diberhentikan dengan hormat dari dinas keprajuritan untuk memakai tanda jasa kenegaraan yang dimilikinya saat menghadiri upacara nasional atau kemiliteran, sesuai dengan tanda jasa yang diperolehnya pada saat masih berdinas aktif. Pelaksanaan ketentuan ini diatur lebih lanjut dengan keputusan Presiden.",
        "Question": "Siapa yang mengatur pelaksanaan penggunaan tanda jasa kenegaraan menurut Pasal 61?",
        "Answer": "Keputusan Presiden mengatur pelaksanaan ketentuan dalam Pasal 61, yaitu tentang penggunaan tanda jasa kenegaraan oleh prajurit yang diberhentikan dengan hormat."
    },
    {
        "Context": "Pasal 61 mengatur tentang hak prajurit yang diberhentikan dengan hormat dari dinas keprajuritan untuk memakai tanda jasa kenegaraan yang dimilikinya saat menghadiri upacara nasional atau kemiliteran, sesuai dengan tanda jasa yang diperolehnya pada saat masih berdinas aktif. Pelaksanaan ketentuan ini diatur lebih lanjut dengan keputusan Presiden.",
        "Question": "Apa yang terjadi jika prajurit yang diberhentikan tidak mengikuti prosedur yang diatur dalam Pasal 61?",
        "Answer": "Jika prajurit tidak mengikuti prosedur yang diatur dalam Pasal 61, maka penggunaan tanda jasa kenegaraan tidak dapat dilakukan sesuai dengan ketentuan yang berlaku."
    },
    {
        "Context": "Pasal 61 mengatur tentang hak prajurit yang diberhentikan dengan hormat dari dinas keprajuritan untuk memakai tanda jasa kenegaraan yang dimilikinya saat menghadiri upacara nasional atau kemiliteran, sesuai dengan tanda jasa yang diperolehnya pada saat masih berdinas aktif. Pelaksanaan ketentuan ini diatur lebih lanjut dengan keputusan Presiden.",
        "Question": "Apa yang dimaksud dengan keputusan Presiden dalam Pasal 61?",
        "Answer": "Keputusan Presiden dalam Pasal 61 mengatur pelaksanaan penggunaan tanda jasa kenegaraan bagi prajurit yang diberhentikan dengan hormat."
    },
    {
        "Context": "Pasal 61 mengatur tentang hak prajurit yang diberhentikan dengan hormat dari dinas keprajuritan untuk memakai tanda jasa kenegaraan yang dimilikinya saat menghadiri upacara nasional atau kemiliteran, sesuai dengan tanda jasa yang diperolehnya pada saat masih berdinas aktif. Pelaksanaan ketentuan ini diatur lebih lanjut dengan keputusan Presiden.",
        "Question": "Apakah hak prajurit yang diberhentikan dengan hormat berlaku selamanya?",
        "Answer": "Hak prajurit yang diberhentikan dengan hormat untuk menggunakan tanda jasa kenegaraan berlaku selama mereka mengikuti prosedur yang diatur oleh keputusan Presiden."
    },
    {
        "Context": "Pasal 61 mengatur tentang hak prajurit yang diberhentikan dengan hormat dari dinas keprajuritan untuk memakai tanda jasa kenegaraan yang dimilikinya saat menghadiri upacara nasional atau kemiliteran, sesuai dengan tanda jasa yang diperolehnya pada saat masih berdinas aktif. Pelaksanaan ketentuan ini diatur lebih lanjut dengan keputusan Presiden.",
        "Question": "Apa yang dimaksud dengan tanda jasa kenegaraan dalam Pasal 61?",
        "Answer": "Tanda jasa kenegaraan adalah penghargaan yang diberikan kepada prajurit berdasarkan prestasi atau pengabdian mereka selama berdinas aktif di TNI."
    },
    {
        "Context": "Pasal 61 mengatur tentang hak prajurit yang diberhentikan dengan hormat dari dinas keprajuritan untuk memakai tanda jasa kenegaraan yang dimilikinya saat menghadiri upacara nasional atau kemiliteran, sesuai dengan tanda jasa yang diperolehnya pada saat masih berdinas aktif. Pelaksanaan ketentuan ini diatur lebih lanjut dengan keputusan Presiden.",
        "Question": "Apakah prajurit yang diberhentikan dengan hormat berhak memperoleh tanda jasa kenegaraan tambahan?",
        "Answer": "Prajurit yang diberhentikan dengan hormat tidak berhak memperoleh tanda jasa kenegaraan tambahan, kecuali jika diberikan berdasarkan prestasi atau penghargaan lain yang relevan."
    },
    {
        "Context": "Pasal 61 mengatur tentang hak prajurit yang diberhentikan dengan hormat dari dinas keprajuritan untuk memakai tanda jasa kenegaraan yang dimilikinya saat menghadiri upacara nasional atau kemiliteran, sesuai dengan tanda jasa yang diperolehnya pada saat masih berdinas aktif. Pelaksanaan ketentuan ini diatur lebih lanjut dengan keputusan Presiden.",
        "Question": "Apa yang dimaksud dengan prajurit yang diberhentikan dengan hormat?",
        "Answer": "Prajurit yang diberhentikan dengan hormat adalah prajurit yang diakhiri masa dinasnya dengan cara yang terhormat, berdasarkan peraturan yang berlaku."
    },
    {
        "Context": "Pasal 61 mengatur tentang hak prajurit yang diberhentikan dengan hormat dari dinas keprajuritan untuk memakai tanda jasa kenegaraan yang dimilikinya saat menghadiri upacara nasional atau kemiliteran, sesuai dengan tanda jasa yang diperolehnya pada saat masih berdinas aktif. Pelaksanaan ketentuan ini diatur lebih lanjut dengan keputusan Presiden.",
        "Question": "Bagaimana cara prajurit menunjukkan tanda jasa kenegaraan ketika mengikuti upacara?",
        "Answer": "Prajurit dapat menunjukkan tanda jasa kenegaraan dengan cara memakai tanda tersebut saat mengikuti upacara nasional atau kemiliteran yang relevan."
    },
    {
        "Context": "Pasal 61 mengatur tentang hak prajurit yang diberhentikan dengan hormat dari dinas keprajuritan untuk memakai tanda jasa kenegaraan yang dimilikinya saat menghadiri upacara nasional atau kemiliteran, sesuai dengan tanda jasa yang diperolehnya pada saat masih berdinas aktif. Pelaksanaan ketentuan ini diatur lebih lanjut dengan keputusan Presiden.",
        "Question": "Apa isi Pasal 61 ayat 1?",
        "Answer": "Pasal 61 ayat 1 menyatakan bahwa prajurit yang diberhentikan dengan hormat berhak memakai tanda jasa kenegaraan yang dimilikinya saat menghadiri upacara nasional atau kemiliteran."
    },
    {
        "Context": "Pasal 61 mengatur tentang hak prajurit yang diberhentikan dengan hormat dari dinas keprajuritan untuk memakai tanda jasa kenegaraan yang dimilikinya saat menghadiri upacara nasional atau kemiliteran, sesuai dengan tanda jasa yang diperolehnya pada saat masih berdinas aktif. Pelaksanaan ketentuan ini diatur lebih lanjut dengan keputusan Presiden.",
        "Question": "Apa isi Pasal 61 ayat 2?",
        "Answer": "Pasal 61 ayat 2 menyatakan bahwa pelaksanaan ketentuan sebagaimana dimaksud pada ayat 1 diatur dengan keputusan Presiden."
    }
]