[
    {
        "Context": "Pasal 76 mengatur bahwa dalam waktu 5 tahun setelah berlakunya undang-undang ini, Pemerintah harus mengambil alih seluruh aktivitas bisnis yang dimiliki dan dikelola oleh TNI, baik secara langsung maupun tidak langsung.",
        "Question": "Apa isi Pasal 76?",
        "Answer": "Pasal 76 mengatur bahwa dalam waktu 5 tahun setelah berlakunya undang-undang ini, Pemerintah harus mengambil alih seluruh aktivitas bisnis yang dimiliki dan dikelola oleh TNI, baik secara langsung maupun tidak langsung."
    },
    {
        "Context": "Pasal 76 mengatur bahwa dalam waktu 5 tahun setelah berlakunya undang-undang ini, Pemerintah harus mengambil alih seluruh aktivitas bisnis yang dimiliki dan dikelola oleh TNI, baik secara langsung maupun tidak langsung.",
        "Question": "Apa isi Pasal 76 ayat 1?",
        "Answer": "Pasal 76 ayat 1 mengatur bahwa dalam waktu 5 tahun setelah berlakunya undang-undang ini, Pemerintah harus mengambil alih seluruh aktivitas bisnis yang dimiliki dan dikelola oleh TNI."
    },
    {
        "Context": "Pasal 76 mengatur bahwa dalam waktu 5 tahun setelah berlakunya undang-undang ini, Pemerintah harus mengambil alih seluruh aktivitas bisnis yang dimiliki dan dikelola oleh TNI, baik secara langsung maupun tidak langsung.",
        "Question": "Apa isi Pasal 76 ayat 2?",
        "Answer": "Pasal 76 ayat 2 mengatur bahwa tata cara pelaksanaan pengambilalihan bisnis TNI diatur dengan keputusan Presiden."
    },
    {
        "Context": "Pasal 76 mengatur bahwa dalam waktu 5 tahun setelah berlakunya undang-undang ini, Pemerintah harus mengambil alih seluruh aktivitas bisnis yang dimiliki dan dikelola oleh TNI, baik secara langsung maupun tidak langsung.",
        "Question": "Apa yang dimaksud dengan aktivitas bisnis dalam Pasal 76?",
        "Answer": "Aktivitas bisnis dalam Pasal 76 merujuk pada semua kegiatan usaha yang dimiliki dan dikelola oleh TNI, baik yang dilakukan secara langsung maupun melalui badan usaha lainnya."
    },
    {
        "Context": "Pasal 76 mengatur bahwa dalam waktu 5 tahun setelah berlakunya undang-undang ini, Pemerintah harus mengambil alih seluruh aktivitas bisnis yang dimiliki dan dikelola oleh TNI, baik secara langsung maupun tidak langsung.",
        "Question": "Apa yang dimaksud dengan mengambil alih dalam Pasal 76?",
        "Answer": "Mengambil alih dalam Pasal 76 berarti bahwa pemerintah akan mengontrol dan mengelola seluruh kegiatan bisnis yang dimiliki oleh TNI dalam waktu yang ditetapkan."
    },
    {
        "Context": "Pasal 76 mengatur bahwa dalam waktu 5 tahun setelah berlakunya undang-undang ini, Pemerintah harus mengambil alih seluruh aktivitas bisnis yang dimiliki dan dikelola oleh TNI, baik secara langsung maupun tidak langsung.",
        "Question": "Bagaimana pemerintah mengelola bisnis yang dimiliki dan dikelola oleh TNI menurut Pasal 76?",
        "Answer": "Pemerintah akan mengelola bisnis yang dimiliki dan dikelola oleh TNI dengan cara mengalihkan pengelolaannya ke instansi pemerintah yang relevan sesuai dengan ketentuan yang berlaku."
    },
    {
        "Context": "Pasal 76 mengatur bahwa dalam waktu 5 tahun setelah berlakunya undang-undang ini, Pemerintah harus mengambil alih seluruh aktivitas bisnis yang dimiliki dan dikelola oleh TNI, baik secara langsung maupun tidak langsung.",
        "Question": "Apa akibatnya jika pemerintah tidak mengambil alih aktivitas bisnis TNI dalam waktu 5 tahun?",
        "Answer": "Jika pemerintah tidak mengambil alih aktivitas bisnis TNI dalam waktu 5 tahun, maka ketentuan ini tidak dapat diterapkan dan akan menimbulkan masalah hukum terkait pelaksanaan undang-undang."
    },
    {
        "Context": "Pasal 76 mengatur bahwa dalam waktu 5 tahun setelah berlakunya undang-undang ini, Pemerintah harus mengambil alih seluruh aktivitas bisnis yang dimiliki dan dikelola oleh TNI, baik secara langsung maupun tidak langsung.",
        "Question": "Apa yang dimaksud dengan kegiatan bisnis yang dimiliki TNI dalam Pasal 76?",
        "Answer": "Kegiatan bisnis yang dimiliki TNI dalam Pasal 76 mencakup semua jenis usaha dan aktivitas ekonomi yang dijalankan oleh TNI atau yang terkait dengan kepemilikan TNI."
    },
    {
        "Context": "Pasal 76 mengatur bahwa dalam waktu 5 tahun setelah berlakunya undang-undang ini, Pemerintah harus mengambil alih seluruh aktivitas bisnis yang dimiliki dan dikelola oleh TNI, baik secara langsung maupun tidak langsung.",
        "Question": "Apakah Pasal 76 mengatur bisnis yang dimiliki oleh instansi TNI?",
        "Answer": "Pasal 76 juga mengatur bahwa semua bisnis yang dimiliki oleh TNI, baik yang dilakukan secara langsung oleh TNI maupun melalui badan usaha yang dimilikinya, harus diambil alih oleh pemerintah."
    },
    {
        "Context": "Pasal 76 mengatur bahwa dalam waktu 5 tahun setelah berlakunya undang-undang ini, Pemerintah harus mengambil alih seluruh aktivitas bisnis yang dimiliki dan dikelola oleh TNI, baik secara langsung maupun tidak langsung.",
        "Question": "Apa yang diatur dalam Pasal 76 terkait dengan pengambilalihan bisnis TNI?",
        "Answer": "Pasal 76 mengatur pengambilalihan bisnis TNI dengan memastikan bahwa semua bisnis yang dimiliki oleh TNI harus dikelola oleh pemerintah dalam waktu yang telah ditentukan."
    },
    {
        "Context": "Pasal 76 mengatur bahwa dalam waktu 5 tahun setelah berlakunya undang-undang ini, Pemerintah harus mengambil alih seluruh aktivitas bisnis yang dimiliki dan dikelola oleh TNI, baik secara langsung maupun tidak langsung.",
        "Question": "Apa yang dimaksud dengan 'secara langsung atau tidak langsung' dalam Pasal 76?",
        "Answer": "\u2018Secara langsung atau tidak langsung\u2019 dalam Pasal 76 berarti bahwa baik bisnis yang dikelola langsung oleh TNI maupun yang melalui badan usaha atau afiliasi lain, semuanya harus diambil alih oleh pemerintah."
    },
    {
        "Context": "Pasal 76 mengatur bahwa dalam waktu 5 tahun setelah berlakunya undang-undang ini, Pemerintah harus mengambil alih seluruh aktivitas bisnis yang dimiliki dan dikelola oleh TNI, baik secara langsung maupun tidak langsung.",
        "Question": "Apa yang harus dilakukan pemerintah dalam jangka waktu 5 tahun menurut Pasal 76?",
        "Answer": "Pemerintah harus menyelesaikan proses pengambilalihan bisnis TNI dalam waktu 5 tahun sejak berlakunya undang-undang ini, sesuai dengan ketentuan Pasal 76."
    },
    {
        "Context": "Pasal 76 mengatur bahwa dalam waktu 5 tahun setelah berlakunya undang-undang ini, Pemerintah harus mengambil alih seluruh aktivitas bisnis yang dimiliki dan dikelola oleh TNI, baik secara langsung maupun tidak langsung.",
        "Question": "Apakah Pasal 76 hanya berlaku untuk bisnis yang dimiliki TNI secara langsung?",
        "Answer": "Pasal 76 tidak hanya berlaku untuk bisnis yang dimiliki secara langsung, namun juga untuk semua bentuk bisnis yang dikelola oleh TNI, baik secara langsung maupun tidak langsung."
    },
    {
        "Context": "Pasal 76 mengatur bahwa dalam waktu 5 tahun setelah berlakunya undang-undang ini, Pemerintah harus mengambil alih seluruh aktivitas bisnis yang dimiliki dan dikelola oleh TNI, baik secara langsung maupun tidak langsung.",
        "Question": "Bagaimana tata cara pengambilalihan bisnis TNI diatur dalam Pasal 76?",
        "Answer": "Tata cara pengambilalihan bisnis TNI diatur dalam Pasal 76 dengan menyebutkan bahwa keputusan Presiden akan mengatur hal-hal terkait pengambilalihan ini lebih lanjut."
    },
    {
        "Context": "Pasal 76 mengatur bahwa dalam waktu 5 tahun setelah berlakunya undang-undang ini, Pemerintah harus mengambil alih seluruh aktivitas bisnis yang dimiliki dan dikelola oleh TNI, baik secara langsung maupun tidak langsung.",
        "Question": "Apa yang dimaksud dengan keputusan Presiden dalam Pasal 76?",
        "Answer": "Keputusan Presiden dalam Pasal 76 merujuk pada peraturan lebih lanjut yang dikeluarkan oleh Presiden untuk mengatur pelaksanaan pengambilalihan bisnis TNI."
    },
    {
        "Context": "Pasal 76 mengatur bahwa dalam waktu 5 tahun setelah berlakunya undang-undang ini, Pemerintah harus mengambil alih seluruh aktivitas bisnis yang dimiliki dan dikelola oleh TNI, baik secara langsung maupun tidak langsung.",
        "Question": "Apa tujuan dari pengambilalihan bisnis oleh pemerintah menurut Pasal 76?",
        "Answer": "Tujuan pengambilalihan bisnis oleh pemerintah menurut Pasal 76 adalah untuk memastikan bahwa aktivitas ekonomi yang dilakukan oleh TNI tidak bertentangan dengan kebijakan negara dan dilakukan oleh pihak yang tepat."
    },
    {
        "Context": "Pasal 76 mengatur bahwa dalam waktu 5 tahun setelah berlakunya undang-undang ini, Pemerintah harus mengambil alih seluruh aktivitas bisnis yang dimiliki dan dikelola oleh TNI, baik secara langsung maupun tidak langsung.",
        "Question": "Apakah Pasal 76 berkaitan dengan pengalihan aset TNI?",
        "Answer": "Pasal 76 berkaitan dengan pengalihan aset bisnis TNI karena mengatur agar seluruh kegiatan bisnis yang dimiliki oleh TNI harus dipindahkan kepada pemerintah."
    },
    {
        "Context": "Pasal 76 mengatur bahwa dalam waktu 5 tahun setelah berlakunya undang-undang ini, Pemerintah harus mengambil alih seluruh aktivitas bisnis yang dimiliki dan dikelola oleh TNI, baik secara langsung maupun tidak langsung.",
        "Question": "Apa yang terjadi jika bisnis TNI tidak dialihkan kepada pemerintah dalam waktu 5 tahun?",
        "Answer": "Jika bisnis TNI tidak dialihkan dalam waktu 5 tahun, maka peraturan yang mengatur pengelolaan bisnis tersebut tidak dapat dipertahankan dan tidak sesuai dengan ketentuan undang-undang."
    },
    {
        "Context": "Pasal 76 mengatur bahwa dalam waktu 5 tahun setelah berlakunya undang-undang ini, Pemerintah harus mengambil alih seluruh aktivitas bisnis yang dimiliki dan dikelola oleh TNI, baik secara langsung maupun tidak langsung.",
        "Question": "Apakah Pasal 76 berlaku untuk bisnis TNI yang telah terlibat dalam sektor swasta?",
        "Answer": "Pasal 76 juga berlaku untuk bisnis yang dilakukan oleh TNI melalui sektor swasta, selama bisnis tersebut dimiliki atau dikelola oleh TNI."
    },
    {
        "Context": "Pasal 76 mengatur bahwa dalam waktu 5 tahun setelah berlakunya undang-undang ini, Pemerintah harus mengambil alih seluruh aktivitas bisnis yang dimiliki dan dikelola oleh TNI, baik secara langsung maupun tidak langsung.",
        "Question": "Apa yang dimaksud dengan 'seluruh aktivitas bisnis' dalam Pasal 76?",
        "Answer": "\u2018Seluruh aktivitas bisnis\u2019 dalam Pasal 76 berarti mencakup setiap bentuk usaha dan kegiatan ekonomi yang terkait dengan kepemilikan atau pengelolaan oleh TNI, baik itu langsung maupun melalui afiliasi."
    },
    {
        "Context": "Pasal 76 mengatur bahwa dalam waktu 5 tahun setelah berlakunya undang-undang ini, Pemerintah harus mengambil alih seluruh aktivitas bisnis yang dimiliki dan dikelola oleh TNI, baik secara langsung maupun tidak langsung.",
        "Question": "Apa yang diatur lebih lanjut dalam keputusan Presiden terkait pengambilalihan bisnis TNI?",
        "Answer": "Keputusan Presiden terkait pengambilalihan bisnis TNI akan memberikan pedoman dan mekanisme operasional dalam proses pengalihan dan pengelolaan bisnis yang dimiliki oleh TNI."
    },
    {
        "Context": "Pasal 76 mengatur bahwa dalam waktu 5 tahun setelah berlakunya undang-undang ini, Pemerintah harus mengambil alih seluruh aktivitas bisnis yang dimiliki dan dikelola oleh TNI, baik secara langsung maupun tidak langsung.",
        "Question": "Bagaimana Pasal 76 mengatur transisi bisnis dari TNI ke pemerintah?",
        "Answer": "Pasal 76 mengatur transisi bisnis dari TNI ke pemerintah dengan memastikan bahwa pengalihan tersebut dilakukan sesuai dengan prosedur yang ditetapkan oleh pemerintah."
    },
    {
        "Context": "Pasal 76 mengatur bahwa dalam waktu 5 tahun setelah berlakunya undang-undang ini, Pemerintah harus mengambil alih seluruh aktivitas bisnis yang dimiliki dan dikelola oleh TNI, baik secara langsung maupun tidak langsung.",
        "Question": "Apa akibat dari tidak melaksanakan pengambilalihan bisnis TNI dalam waktu yang ditetapkan?",
        "Answer": "Jika tidak melaksanakan pengambilalihan bisnis TNI dalam waktu yang ditetapkan, maka pemerintah akan gagal dalam memenuhi ketentuan yang ada dalam Pasal 76, yang dapat mempengaruhi implementasi kebijakan negara."
    }
]