[
  {
    "Context": "Berdasarkan Pasal 51 ayat (1), prajurit yang diberhentikan dengan hormat berhak memperoleh rawatan dan layanan purnadinas sebagai bentuk penghargaan negara atas pengabdiannya.",
    "Question": "Apa isi Pasal 51 ayat (1) UU TNI?",
    "Answer": "Prajurit yang pensiun dengan hormat berhak mendapat rawatan dan layanan purnadinas."
  },
  {
    "Context": "Berdasarkan Pasal 51 ayat (2), rawatan dan layanan purnadinas mencakup: pensiun, tunjangan pensiun, tunjangan/pesangon, dan rawatan kesehatan sebagai paket komprehensif untuk mantan prajurit.",
    "Question": "Apa isi Pasal 51 ayat (2) UU TNI?",
    "Answer": "Meliputi pensiun, tunjangan, pesangon, dan rawatan kesehatan."
  },
  {
    "Context": "Berdasarkan Pasal 51 ayat (3), pelaksanaan ketentuan tentang rawatan purnadinas diatur lebih lanjut melalui Peraturan Pemerintah untuk menjamin kepastian hukum.",
    "Question": "Apa isi Pasal 51 ayat (3) UU TNI?",
    "Answer": "Detail pelaksanaan diatur dalam Peraturan Pemerintah."
  },
  {
    "Context": "Prajurit yang pensiun dengan hormat berhak mendapat rawatan dan layanan purnadinas.",
    "Question": "Siapa yang berhak mendapat rawatan purnadinas?",
    "Answer": "Prajurit yang pensiun dengan hormat."
  },
  {
    "Context": "Berdasarkan Pasal 51 ayat (2), tunjangan pensiun bersifat berkala, sedangkan pesangon/tunjangan bersifat satu kali sebagai bentuk penghargaan akhir.",
    "Question": "Apa perbedaan tunjangan pensiun dan pesangon?",
    "Answer": "Tunjangan berkala vs pembayaran satu kali."
  },
  {
    "Context": "Berdasarkan Pasal 51 ayat (3), karena kompleksitas pengaturan sistem pensiun dan rawatan kesehatan yang membutuhkan standardisasi nasional.",
    "Question": "Mengapa perlu Peraturan Pemerintah untuk implementasi?",
    "Answer": "Untuk standardisasi sistem pensiun dan rawatan kesehatan."
  },
  {
    "Context": "Berdasarkan Pasal 51 ayat (2), mencakup layanan kesehatan bagi mantan prajurit, dengan detail mekanisme diatur dalam Peraturan Pemerintah.",
    "Question": "Apa saja komponen rawatan kesehatan purnadinas?",
    "Answer": "Layanan kesehatan dengan mekanisme diatur PP."
  },
  {
    "Context": "Prajurit yang pensiun dengan hormat berhak mendapat rawatan dan layanan purnadinas.",
    "Question": "Bagaimana status prajurit yang diberhentikan tidak dengan hormat?",
    "Answer": "Tidak berhak mendapat rawatan purnadinas."
  },
  {
    "Context": "Berdasarkan Pasal 51 ayat (2) huruf \"tunjangan bersifat pensiun\", hak ini dijamin UU dan diatur lebih lanjut dalam PP.",
    "Question": "Apa dasar hukum tunjangan pensiun prajurit?",
    "Answer": "Diatur dalam Pasal 51 ayat (2) dan PP."
  },
  {
    "Context": "Berdasarkan Pasal 51 ayat (3), mekanisme pembayaran diatur dalam Peraturan Pemerintah yang mengatur teknis pelaksanaan.",
    "Question": "Bagaimana mekanisme pembayaran pensiun prajurit?",
    "Answer": "Diatur detailnya dalam Peraturan Pemerintah."
  },
  {
    "Context": "Berdasarkan Pasal 51 yang hanya menyebut prajurit, maka tidak termasuk keluarga, kecuali diatur lain dalam PP.",
    "Question": "Apakah keluarga mendapat rawatan kesehatan purnadinas?",
    "Answer": "Tidak, kecuali diatur khusus dalam PP."
  },
  {
    "Context": "Berdasarkan Pasal 51, untuk memberikan jaminan kesejahteraan dan penghargaan atas pengabdian prajurit selama aktif berdinas.",
    "Question": "Apa tujuan pemberian layanan purnadinas?",
    "Answer": "Jaminan kesejahteraan dan penghargaan pengabdian."
  },
  {
    "Context": "Prajurit yang pensiun dengan hormat berhak mendapat rawatan dan layanan purnadinas.",
    "Question": "Apa yang dimaksud \"diberhentikan dengan hormat\"?",
    "Answer": "Pemberhentian setelah masa dinas tanpa pelanggaran berat."
  },
  {
    "Context": "Berdasarkan Pasal 51 ayat (3), perubahan harus melalui revisi Peraturan Pemerintah dengan tetap memperhatikan hak dasar dalam UU ini.",
    "Question": "Bagaimana jika ada perubahan sistem pensiun nasional?",
    "Answer": "Melalui revisi PP dengan tetap penuhi hak UU."
  },
  {
    "Context": "Berdasarkan Pasal 51 ayat (3), mekanisme rawatan lintas daerah diatur dalam Peraturan Pemerintah untuk menjamin akses merata.",
    "Question": "Bagaimana pengaturan rawatan kesehatan lintas daerah?",
    "Answer": "Diatur dalam Peraturan Pemerintah."
  }
]