[
  {
    "Context": "Pasal 35 berisikan Sumpah Prajurit terdiri dari 5 poin utama: (1) Kesetiaan kepada NKRI berdasarkan Pancasila dan UUD 1945, (2) Ketaatan pada hukum dan disiplin keprajuritan, (3) Kepaatuhan kepada atasan tanpa membantah perintah, (4) Pelaksanaan kewajiban dengan tanggung jawab kepada TNI dan negara, (5) Menjaga rahasia tentara sekeras-kerasnya.",
    "Question": "Apa isi Pasal 35 UU TNI?",
    "Answer": "Sumpah Prajurit mencakup kesetiaan, ketaatan hukum, kepatuhan, tanggung jawab, dan kerahasiaan."
  },
  {
    "Context": "\"rahasia tentara\" adalah segala hal terkait tugas-tugas tentara yang jika diketahui pihak tidak berhak dapat merugikan negara di bidang pertahanan. Ini mencakup informasi operasional, strategis, atau teknis militer.",
    "Question": "Apa yang dimaksud dengan \"rahasia tentara\" dalam penjelasan Pasal 35?",
    "Answer": "Rahasia tentara adalah informasi militer yang jika bocor merugikan pertahanan negara."
  },
  {
    "Context": "Kata \"akan\" menegaskan bahwa prajurit serta merta wajib mematuhi seluruh isi sumpah setelah pengucapan, tanpa penundaan atau pengecualian.",
    "Question": "Apa makna kata \"akan\" dalam konteks Sumpah Prajurit?",
    "Answer": "Kata \"akan\" berarti ketaatan langsung berlaku setelah sumpah diucapkan."
  },
  {
    "Context": "Ketaatan kepada atasan berlaku untuk perintah yang terkait tugas keprajuritan, selama tidak bertentangan dengan agama yang dianut prajurit.",
    "Question": "Bagaimana batasan \"taat kepada atasan\" dalam Sumpah Prajurit?",
    "Answer": "Ketaatan dibatasi pada perintah tugas militer dan tidak boleh melanggar ajaran agama."
  },
  {
    "Context": "Berdasarkan Pasal 35 poin pertama, ini menegaskan dasar ideologis dan konstitusional TNI sebagai alat negara yang netral dan berorientasi pada NKRI.",
    "Question": "Mengapa Sumpah Prajurit mencantumkan ketaatan pada Pancasila dan UUD 1945?",
    "Answer": "Karena TNI adalah alat negara yang berlandaskan Pancasila dan UUD 1945."
  },
  {
    "Context": "Berdasarkan Pasal 35 dan penjelasannya, sumpah bersifat mengikat secara hukum karena diatur dalam UU, dengan konsekuensi pelanggaran dapat dikenai sanksi disiplin atau pidana.",
    "Question": "Apakah Sumpah Prajurit mengikat secara hukum?",
    "Answer": "Ya, Sumpah Prajurit mengikat secara hukum."
  },
  {
    "Context": "Berdasarkan Pasal 35 poin kelima dan penjelasannya, pembocoran rahasia tentara dapat dikenai sanksi sesuai hukum militer (UU No. 31 Tahun 1997 tentang Peradilan Militer) karena melanggar sumpah.",
    "Question": "Apa konsekuensi jika prajurit membocorkan rahasia tentara?",
    "Answer": "Pelanggaran dapat dikenai sanksi disiplin atau pidana militer."
  },
  {
    "Context": "Teks sumpah berlaku universal untuk semua prajurit (tamtama, bintara, perwira), meskipun perwira memiliki tambahan Sumpah Perwira (Pasal 34 ayat 2).",
    "Question": "Apakah Sumpah Prajurit sama untuk semua pangkat?",
    "Answer": "Ya, teks sumpah sama untuk semua pangkat."
  },
  {
    "Context": "Berdasarkan penjelasan Pasal 35, prajurit tidak wajib taat jika perintah melanggar ajaran agamanya. Ini adalah batasan legal dari ketaatan militer.",
    "Question": "Bagaimana jika perintah atasan bertentangan dengan agama?",
    "Answer": "Prajurit boleh menolak perintah yang bertentangan dengan agama."
  },
  {
    "Context": "Berdasarkan Pasal 35 poin ketiga, ini mencerminkan prinsip komando terpusat dalam militer yang esensial untuk operasional dan disiplin TNI.",
    "Question": "Mengapa Sumpah Prajurit mencantumkan \"tidak membantah perintah\"?",
    "Answer": "Untuk menjaga disiplin dan efektivitas komando militer."
  }
]