[
  {
    "Context": "Berdasarkan Pasal 46 ayat (1), jabatan tertentu dalam struktur TNI dapat diduduki oleh Pegawai Negeri Sipil (PNS). Ini menunjukkan adanya integrasi antara unsur sipil dan militer dalam organisasi TNI.",
    "Question": "Apa isi Pasal 46 ayat (1) UU TNI?",
    "Answer": "Jabatan tertentu di TNI dapat diduduki oleh PNS."
  },
  {
    "Context": "Berdasarkan Pasal 46 ayat (2), ketentuan lebih lanjut mengenai jabatan TNI yang dapat diduduki PNS diatur dengan keputusan Panglima. Ini memberikan kewenangan regulasi teknis kepada pimpinan tertinggi TNI.",
    "Question": "Apa isi Pasal 46 ayat (2) UU TNI?",
    "Answer": "Detail diatur melalui keputusan Panglima."
  },
  {
    "Context": "Berdasarkan Pasal 46 ayat (2), kewenangan menentukan jabatan yang dapat diduduki PNS berada di tangan Panglima TNI melalui keputusan resmi.",
    "Question": "Siapa yang berwenang menentukan jabatan untuk PNS di TNI?",
    "Answer": "Panglima TNI melalui keputusan resmi."
  },
  {
    "Context": "Berdasarkan semangat Pasal 46 ayat (1) dan praktik umum, PNS tidak menduduki jabatan komando operasional karena membutuhkan kualifikasi militer khusus.",
    "Question": "Apakah PNS bisa menduduki jabatan komando operasional?",
    "Answer": "Tidak, hanya jabatan pendukung non-operasional."
  },
  {
    "Context": "Berdasarkan Pasal 46 ayat (1), PNS tetap berstatus sebagai pegawai sipil namun tunduk pada peraturan organisasi TNI untuk jabatan yang didudukinya.",
    "Question": "Bagaimana status hukum PNS yang bekerja di lingkungan TNI?",
    "Answer": "Tetap sebagai PNS yang tunduk pada aturan organisasi TNI."
  },
  {
    "Context": "Berdasarkan Pasal 46 ayat (2), mekanisme diatur dalam keputusan Panglima, tetapi umumnya melalui proses seleksi dan penugasan dari instansi asal PNS.",
    "Question": "Bagaimana mekanisme pengangkatan PNS di jabatan TNI?",
    "Answer": "Diatur dalam keputusan Panglima melalui proses seleksi."
  },
  {
    "Context": "Berdasarkan Pasal 46 ayat (2), pembinaan karir PNS di lingkungan TNI mengacu pada keputusan Panglima namun tetap mengikuti aturan umum kepegawaian.",
    "Question": "Bagaimana sistem pembinaan karir PNS di TNI?",
    "Answer": "Mengacu keputusan Panglima dan aturan kepegawaian umum."
  },
  {
    "Context": "Berdasarkan Pasal 46, dalam struktur organisasi, PNS tunduk pada komando pejabat militer untuk jabatan yang didudukinya.",
    "Question": "Bagaimana hubungan komando antara PNS dan prajurit?",
    "Answer": "PNS tunduk pada komando pejabat militer terkait."
  },
  {
    "Context": "Berdasarkan Pasal 46, perbedaan utama terletak pada status (sipil vs militer), sistem karir, dan jenis jabatan yang bisa diduduki.",
    "Question": "Apa perbedaan PNS dan prajurit dalam struktur TNI?",
    "Answer": "Status, sistem karir, dan jenis jabatan."
  },
  {
    "Context": "Berdasarkan Pasal 46 ayat (2), penyelesaian mengacu pada keputusan Panglima sebagai penjabaran dari UU ini yang mengikat PNS dalam jabatannya.",
    "Question": "Bagaimana jika terjadi konflik antara aturan PNS dan TNI?",
    "Answer": "Mengacu pada keputusan Panglima sebagai penjabaran UU."
  }
]