[
  {
    "Context": "Berdasarkan Pasal 44 ayat (1), prajurit yang bertugas dengan pertaruhan jiwa raga secara langsung dan berjasa melampaui panggilan tugas dapat dianugerahi kenaikan pangkat luar biasa. Ini merupakan bentuk penghargaan atas tindakan heroik.",
    "Question": "Apa isi Pasal 44 ayat (1) UU TNI?",
    "Answer": "Prajurit yang berjasa melampaui panggilan tugas dapat diberi kenaikan pangkat luar biasa."
  },
  {
    "Context": "Berdasarkan Pasal 44 ayat (2), ketentuan lebih lanjut mengenai penganugerahan kenaikan pangkat luar biasa diatur dengan Peraturan Pemerintah. Ini menunjukkan pentingnya payung hukum yang jelas untuk penghargaan ini.",
    "Question": "Apa isi Pasal 44 ayat (2) UU TNI?",
    "Answer": "Detail pelaksanaan diatur melalui Peraturan Pemerintah."
  },
  {
    "Context": "Berdasarkan Penjelasan Pasal 44 ayat (1), yaitu tindakan kepahlawanan dimana prajurit tanpa memperdulikan keselamatan jiwa melakukan tugas demi bangsa dan negara, meskipun tindakan itu sebenarnya tidak wajib dilakukan.",
    "Question": "Apa yang dimaksud \"melampaui panggilan tugas\"?",
    "Answer": "Tindakan kepahlawanan di luar kewajiban tugas normal."
  },
  {
    "Context": "Detail pelaksanaan diatur melalui Peraturan Pemerintah.",
    "Question": "Siapa yang berwenang mengatur mekanisme kenaikan pangkat luar biasa?",
    "Answer": "Pemerintah melalui Peraturan Pemerintah."
  },
  {
    "Context": "Berdasarkan Penjelasan Pasal 44 ayat (1), prajurit yang gugur dalam tindakan kepahlawanan dapat dianugerahi kenaikan pangkat luar biasa anumerta.",
    "Question": "Apakah kenaikan pangkat luar biasa bisa diberikan anumerta?",
    "Answer": "Ya, bisa diberikan secara anumerta."
  },
  {
    "Context": "Berdasarkan Penjelasan Pasal 44 ayat (1), penghargaan ini terutama diberikan kepada tamtama dan bintara, meskipun tidak menutup kemungkinan untuk perwira.",
    "Question": "Jenis prajurit apa yang terutama mendapat penghargaan ini?",
    "Answer": "Terutama untuk tamtama dan bintara."
  },
  {
    "Context": "Berdasarkan Penjelasan Pasal 44 ayat (1), pemberian kenaikan pangkat luar biasa tidak menutup kemungkinan pemberian tanda jasa kenegaraan untuk jasa yang sama.",
    "Question": "Apakah penghargaan ini menghalangi pemberian tanda jasa?",
    "Answer": "Tidak, bisa diberikan bersama tanda jasa lainnya."
  },
  {
    "Context": "Berdasarkan Penjelasan Pasal 44 ayat (1), harus tercantum: 1) identitas penerima; 2) tindakan yang dilakukan; 3) waktu kejadian; 4) lokasi; dan 5) hasil/jasa dari tindakan tersebut.",
    "Question": "Apa yang harus tercantum dalam piagam penghargaan?",
    "Answer": "Identitas, tindakan, waktu, lokasi, dan hasil/jasa."
  },
  {
    "Context": "Detail pelaksanaan diatur melalui Peraturan Pemerintah.",
    "Question": "Mengapa perlu Peraturan Pemerintah untuk mengatur hal ini?",
    "Answer": "Karena sifat penghargaan yang istimewa dan berdampak besar."
  },
  {
    "Context": "Berdasarkan Pasal 44 ayat (1), kenaikan luar biasa diberikan atas jasa heroik melampaui tugas normal, sementara kenaikan biasa melalui proses reguler berdasarkan prestasi dan masa kerja.",
    "Question": "Apa beda kenaikan pangkat biasa dan luar biasa?",
    "Answer": "Kenaikan luar biasa untuk jasa heroik, biasa untuk prestasi reguler."
  },
  {
    "Context": "Prajurit yang berjasa melampaui panggilan tugas dapat diberi kenaikan pangkat luar biasa.",
    "Question": "Bagaimana kriteria \"pertaruhan jiwa raga secara langsung\"?",
    "Answer": "Situasi dengan risiko kematian/cidera serius yang disadari."
  },
  {
    "Context": "Berdasarkan semangat Pasal 44, penghargaan bersifat tetap sebagai pengakuan atas jasa, kecuali ada bukti pemalsuan atau kecurangan dalam proses penganugerahan.",
    "Question": "Apakah penghargaan ini bisa dicabut kembali?",
    "Answer": "Umumnya tidak, kecuali ada bukti kecurangan."
  },
  {
    "Context": "Detail pelaksanaan diatur melalui Peraturan Pemerintah.",
    "Question": "Bagaimana mekanisme pengusulan penghargaan ini?",
    "Answer": "Diatur dalam Peraturan Pemerintah, biasanya melalui verifikasi komando."
  },
  {
    "Context": "Berdasarkan Pasal 44, dampaknya sama dengan kenaikan reguler dalam jenjang kepangkatan, tetapi diberikan sebagai penghargaan bukan melalui proses biasa.",
    "Question": "Apa dampak kenaikan pangkat luar biasa bagi karir?",
    "Answer": "Sama dengan kenaikan reguler tetapi sebagai penghargaan."
  },
  {
    "Context": "Berdasarkan Penjelasan Pasal 44 ayat (1) yang tidak membatasi, kemungkinan disesuaikan dengan tingkat pengabdian dan diatur dalam Peraturan Pemerintah.",
    "Question": "Berapa tingkat kenaikan pangkat yang bisa diberikan?",
    "Answer": "Biasanya satu tingkat, diatur dalam Peraturan Pemerintah."
  },
  {
    "Context": "Berdasarkan semangat Pasal 44, kenaikan pangkat anumerta memberikan hak finansial sesuai pangkat baru, tetapi detailnya diatur Peraturan Pemerintah.",
    "Question": "Apakah keluarga penerima anumerta mendapat hak finansial?",
    "Answer": "Ya, sesuai pangkat baru, detail diatur Peraturan Pemerintah."
  },
  {
    "Context": "Berdasarkan Penjelasan Pasal 44 ayat (1) yang menyebut \"seseorang prajurit\", penghargaan bersifat individual, tetapi bisa diberikan kepada beberapa anggota tim yang memenuhi kriteria.",
    "Question": "Bagaimana jika tindakan heroik dilakukan tim, bukan individu?",
    "Answer": "Diberikan secara individual kepada yang memenuhi kriteria."
  },
  {
    "Context": "Berdasarkan Penjelasan Pasal 44 ayat (1), penghargaan ini bersifat komplementer dan tidak menghalangi pemberian penghargaan lain seperti tanda jasa.",
    "Question": "Apa hubungan pasal ini dengan penghargaan militer lainnya?",
    "Answer": "Bersifat komplementer dengan penghargaan lainnya."
  },
  {
    "Context": "Berdasarkan Penjelasan Pasal 44 ayat (1), untuk memastikan transparansi, keabadian catatan sejarah, dan sebagai inspirasi bagi prajurit lain.",
    "Question": "Mengapa perlu pencatatan detail dalam piagam?",
    "Answer": "Untuk transparansi, catatan sejarah, dan inspirasi."
  },
  {
    "Context": "Berdasarkan Pasal 44, sistem ini menciptakan motivasi dan pengakuan formal atas pengabdian luar biasa, memperkuat nilai-nilai heroisme dalam korps.",
    "Question": "Bagaimana sistem ini mendukung semangat keprajuritan?",
    "Answer": "Sebagai motivasi dan pengakuan atas pengabdian heroik."
  }
]