[
  {
    "Context": "Berdasarkan Pasal 37 ayat (1), prajurit berkewajiban menjunjung tinggi kepercayaan yang diberikan oleh bangsa dan negara untuk melakukan usaha pembelaan negara sebagaimana termuat dalam Sumpah Prajurit. Ini menegaskan bahwa setiap prajurit memiliki tanggung jawab moral untuk menjalankan amanah yang diberikan oleh bangsa dan negara dalam konteks pembelaan negara sesuai dengan Sumpah Prajurit yang telah diucapkan.",
    "Question": "Apa isi Pasal 37 ayat 1 UU TNI?",
    "Answer": "Prajurit berkewajiban menjunjung tinggi kepercayaan bangsa dan negara untuk melakukan usaha pembelaan negara sesuai Sumpah Prajurit."
  },
  {
    "Context": "Berdasarkan Pasal 37 ayat (2), untuk keamanan negara, setiap prajurit yang telah berakhir menjalani dinas keprajuritan atau prajurit siswa yang karena suatu hal tidak dilantik menjadi prajurit, wajib memegang teguh rahasia tentara walaupun yang bersangkutan diberhentikan dengan hormat atau dengan tidak hormat. Ini menunjukkan bahwa kewajiban menjaga rahasia militer tetap berlaku bahkan setelah seseorang tidak lagi berstatus sebagai prajurit aktif.",
    "Question": "Apa isi Pasal 37 ayat 2 UU TNI?",
    "Answer": "Mantan prajurit dan prajurit siswa yang tidak dilantik tetap wajib memegang teguh rahasia tentara meskipun telah diberhentikan dengan hormat maupun tidak hormat."
  },
  {
    "Context": "Prajurit berkewajiban menjunjung tinggi kepercayaan bangsa dan negara untuk melakukan usaha pembelaan negara sesuai Sumpah Prajurit.",
    "Question": "Apa dasar dari kewajiban prajurit TNI menurut undang-undang?",
    "Answer": "Dasar kewajiban prajurit adalah kepercayaan dari bangsa dan negara untuk pembelaan negara sebagaimana termuat dalam Sumpah Prajurit."
  },
  {
    "Context": "Mantan prajurit dan prajurit siswa yang tidak dilantik tetap wajib memegang teguh rahasia tentara meskipun telah diberhentikan dengan hormat maupun tidak hormat.",
    "Question": "Bagaimana UU mengatur tentang rahasia militer setelah seorang prajurit pensiun?",
    "Answer": "Setelah pensiun, prajurit tetap wajib memegang teguh rahasia tentara demi keamanan negara, baik diberhentikan dengan hormat maupun tidak."
  },
  {
    "Context": "Mantan prajurit dan prajurit siswa yang tidak dilantik tetap wajib memegang teguh rahasia tentara meskipun telah diberhentikan dengan hormat maupun tidak hormat.",
    "Question": "Apakah kewajiban menjaga rahasia tentara berlaku seumur hidup?",
    "Answer": "UU tidak menetapkan batas waktu, sehingga kewajiban memegang teguh rahasia tentara berlaku seumur hidup setelah berakhirnya dinas."
  },
  {
    "Context": "Mantan prajurit dan prajurit siswa yang tidak dilantik tetap wajib memegang teguh rahasia tentara meskipun telah diberhentikan dengan hormat maupun tidak hormat.",
    "Question": "Siapa saja yang terikat kewajiban menjaga rahasia tentara menurut undang-undang?",
    "Answer": "Yang terikat kewajiban menjaga rahasia tentara adalah mantan prajurit dan prajurit siswa yang tidak dilantik menjadi prajurit."
  },
  {
    "Context": "Mantan prajurit dan prajurit siswa yang tidak dilantik tetap wajib memegang teguh rahasia tentara meskipun telah diberhentikan dengan hormat maupun tidak hormat.",
    "Question": "Bagaimana UU TNI mengatur tentang prajurit siswa yang tidak jadi dilantik?",
    "Answer": "Prajurit siswa yang tidak dilantik tetap wajib memegang teguh rahasia tentara demi keamanan negara."
  },
  {
    "Context": "Prajurit berkewajiban menjunjung tinggi kepercayaan bangsa dan negara untuk melakukan usaha pembelaan negara sesuai Sumpah Prajurit.",
    "Question": "Apa hubungan antara Sumpah Prajurit dengan kewajiban di Pasal 37?",
    "Answer": "Sumpah Prajurit adalah wadah formal yang memuat kewajiban prajurit untuk menjunjung tinggi kepercayaan bangsa dan negara dalam pembelaan negara."
  },
  {
    "Context": "Mantan prajurit dan prajurit siswa yang tidak dilantik tetap wajib memegang teguh rahasia tentara meskipun telah diberhentikan dengan hormat maupun tidak hormat.",
    "Question": "Apakah cara pemberhentian mempengaruhi kewajiban menjaga rahasia?",
    "Answer": "Tidak, cara pemberhentian (baik dengan hormat maupun tidak hormat) tidak mempengaruhi kewajiban menjaga rahasia tentara."
  },
  {
    "Context": "Mantan prajurit dan prajurit siswa yang tidak dilantik tetap wajib memegang teguh rahasia tentara meskipun telah diberhentikan dengan hormat maupun tidak hormat.",
    "Question": "Mengapa UU mewajibkan menjaga rahasia tentara setelah berhenti dinas?",
    "Answer": "Kewajiban ini ditetapkan demi keamanan negara, karena kebocoran informasi rahasia militer dapat membahayakan keamanan nasional."
  },
  {
    "Context": "Prajurit berkewajiban menjunjung tinggi kepercayaan bangsa dan negara untuk melakukan usaha pembelaan negara sesuai Sumpah Prajurit.",
    "Question": "Bagaimana UU memandang kepercayaan bangsa terhadap prajurit?",
    "Answer": "UU memandang prajurit sebagai penerima kepercayaan dari bangsa dan negara untuk melakukan usaha pembelaan negara."
  },
  {
    "Context": "Mantan prajurit dan prajurit siswa yang tidak dilantik tetap wajib memegang teguh rahasia tentara meskipun telah diberhentikan dengan hormat maupun tidak hormat.",
    "Question": "Apa konsekuensi hukum jika mantan prajurit membocorkan rahasia tentara?",
    "Answer": "Meskipun tidak disebutkan dalam pasal ini, pembocoran rahasia tentara merupakan pelanggaran kewajiban hukum yang dapat dikenakan sanksi sesuai ketentuan yang berlaku."
  },
  {
    "Context": "Prajurit berkewajiban menjunjung tinggi kepercayaan bangsa dan negara untuk melakukan usaha pembelaan negara sesuai Sumpah Prajurit.",
    "Question": "Bagaimana makna \"usaha pembelaan negara\" dalam konteks kewajiban prajurit?",
    "Answer": "\"Usaha pembelaan negara\" adalah pelaksanaan tugas dan fungsi TNI berdasarkan kepercayaan yang diberikan bangsa dan negara."
  },
  {
    "Context": "Berdasarkan Pasal 37, prajurit aktif memiliki kewajiban komprehensif untuk menjunjung tinggi kepercayaan melakukan usaha pembelaan negara sesuai Sumpah Prajurit (ayat 1), sedangkan mantan prajurit memiliki kewajiban spesifik untuk memegang teguh rahasia tentara (ayat 2). Ini menunjukkan pembedaan lingkup kewajiban berdasarkan status aktif atau tidak.",
    "Question": "Apa perbedaan kewajiban prajurit aktif dan mantan prajurit menurut UU?",
    "Answer": "Prajurit aktif berkewajiban melakukan usaha pembelaan negara secara komprehensif, sementara mantan prajurit fokus pada menjaga rahasia tentara."
  },
  {
    "Context": "Mantan prajurit dan prajurit siswa yang tidak dilantik tetap wajib memegang teguh rahasia tentara meskipun telah diberhentikan dengan hormat maupun tidak hormat.",
    "Question": "Sejauh mana cakupan \"rahasia tentara\" yang harus dijaga mantan prajurit?",
    "Answer": "Cakupan \"rahasia tentara\" mencakup seluruh informasi rahasia yang diperoleh selama dinas yang dapat membahayakan keamanan negara jika dibocorkan."
  },
  {
    "Context": "Prajurit berkewajiban menjunjung tinggi kepercayaan bangsa dan negara untuk melakukan usaha pembelaan negara sesuai Sumpah Prajurit.",
    "Question": "Bagaimana aspek etika profesi dalam kewajiban prajurit?",
    "Answer": "Kewajiban prajurit memiliki dimensi etika profesi yang kuat, meliputi nilai menjunjung tinggi kepercayaan, kehormatan, dan tanggung jawab."
  },
  {
    "Context": "Prajurit berkewajiban menjunjung tinggi kepercayaan bangsa dan negara untuk melakukan usaha pembelaan negara sesuai Sumpah Prajurit.",
    "Question": "Apa implikasi dari status prajurit sebagai penerima kepercayaan bangsa?",
    "Answer": "Status prajurit sebagai penerima kepercayaan bangsa berimplikasi pada tanggung jawab besar, loyalitas, dan dedikasi dalam pembelaan negara."
  },
  {
    "Context": "Mantan prajurit dan prajurit siswa yang tidak dilantik tetap wajib memegang teguh rahasia tentara meskipun telah diberhentikan dengan hormat maupun tidak hormat.",
    "Question": "Mengapa prajurit siswa yang tidak dilantik juga wajib menjaga rahasia?",
    "Answer": "Prajurit siswa wajib menjaga rahasia karena selama pendidikan berpotensi terpapar informasi rahasia yang jika dibocorkan dapat membahayakan keamanan negara."
  },
  {
    "Context": "Mantan prajurit dan prajurit siswa yang tidak dilantik tetap wajib memegang teguh rahasia tentara meskipun telah diberhentikan dengan hormat maupun tidak hormat.",
    "Question": "Apa perbedaan kewajiban menjaga rahasia di militer dengan profesi lain?",
    "Answer": "Kewajiban menjaga rahasia militer bersifat permanen seumur hidup dan tidak tergantung cara pemberhentian, lebih ketat dibanding profesi lain."
  },
  {
    "Context": "Berdasarkan Pasal 37, UU menyeimbangkan kepentingan dengan menetapkan kewajiban yang sesuai status: prajurit aktif memiliki kewajiban komprehensif (ayat 1), sementara mantan prajurit hanya wajib menjaga rahasia (ayat 2). Ini menunjukkan pembatasan yang proporsional terhadap hak individu sesuai dengan tingkat tanggung jawab dan resiko.",
    "Question": "Bagaimana UU menyeimbangkan kepentingan keamanan negara dengan hak individu prajurit?",
    "Answer": "UU menetapkan kewajiban yang proporsional berdasarkan status: komprehensif untuk prajurit aktif, terbatas pada menjaga rahasia untuk mantan prajurit."
  }
]