[
  {
    "Context": "Berdasarkan Pasal 48 UU No. 34/2004, pemberhentian sementara dari jabatan dilakukan oleh pejabat yang berwenang mengangkat dan memberhentikan dalam jabatan tersebut sesuai peraturan perundang-undangan. Ini menunjukkan prinsip \"who appoints may dismiss\" dalam manajemen jabatan TNI.",
    "Question": "Apa isi Pasal 48 UU TNI?",
    "Answer": "Pemberhentian sementara jabatan dilakukan oleh pejabat yang berwenang mengangkat sesuai peraturan perundang-undangan."
  },
  {
    "Context": "Pemberhentian sementara jabatan dilakukan oleh pejabat yang berwenang mengangkat sesuai peraturan perundang-undangan.",
    "Question": "Siapa yang berwenang melakukan pemberhentian sementara jabatan?",
    "Answer": "Pejabat yang berwenang mengangkat jabatan tersebut."
  },
  {
    "Context": "Pemberhentian sementara jabatan dilakukan oleh pejabat yang berwenang mengangkat sesuai peraturan perundang-undangan.",
    "Question": "Apa dasar hukum pemberhentian sementara jabatan?",
    "Answer": "Harus sesuai peraturan perundang-undangan yang berlaku."
  },
  {
    "Context": "Pemberhentian sementara jabatan dilakukan oleh pejabat yang berwenang mengangkat sesuai peraturan perundang-undangan.",
    "Question": "Apakah pemberhentian sementara berbeda dengan pemberhentian tetap?",
    "Answer": "Ya, ini khusus untuk pemberhentian sementara yang bersifat sementara."
  },
  {
    "Context": "Pemberhentian sementara jabatan dilakukan oleh pejabat yang berwenang mengangkat sesuai peraturan perundang-undangan.",
    "Question": "Apa implikasi frasa \"dalam jabatan tersebut\"?",
    "Answer": "Hanya berlaku untuk jabatan yang bersangkutan saja."
  },
  {
    "Context": "Pemberhentian sementara jabatan dilakukan oleh pejabat yang berwenang mengangkat sesuai peraturan perundang-undangan.",
    "Question": "Apakah pemberhentian sementara bisa diajukan banding?",
    "Answer": "Tergantung peraturan pelaksana yang berlaku."
  },
  {
    "Context": "Pemberhentian sementara jabatan dilakukan oleh pejabat yang berwenang mengangkat sesuai peraturan perundang-undangan.",
    "Question": "Bagaimana kaitan Pasal 48 dengan asas kepastian hukum?",
    "Answer": "Menjamin pemberhentian memiliki dasar hukum yang jelas."
  },
  {
    "Context": "Pemberhentian sementara jabatan dilakukan oleh pejabat yang berwenang mengangkat sesuai peraturan perundang-undangan.",
    "Question": "Apa perbedaan pemberhentian sementara di TNI dan ASN?",
    "Answer": "Mekanisme khusus untuk jabatan militer dalam struktur TNI."
  },
  {
    "Context": "Pemberhentian sementara jabatan dilakukan oleh pejabat yang berwenang mengangkat sesuai peraturan perundang-undangan.",
    "Question": "Apakah pemberhentian sementara mempengaruhi status keprajuritan?",
    "Answer": "Tidak, hanya berlaku untuk jabatan tertentu."
  },
  {
    "Context": "Pemberhentian sementara jabatan dilakukan oleh pejabat yang berwenang mengangkat sesuai peraturan perundang-undangan.",
    "Question": "Bagaimana proses pemberhentian sementara dilakukan?",
    "Answer": "Oleh pejabat berwenang sesuai prosedur hukum yang berlaku."
  }
]