[
  {
    "Context": "Berdasarkan Pasal 45, pengangkatan dan pemberhentian jabatan dalam struktur TNI (selain jabatan Panglima dan Kepala Staf Angkatan) diatur dengan keputusan Panglima. Ini menunjukkan kewenangan Panglima dalam manajemen SDM TNI.",
    "Question": "Apa isi Pasal 45 UU TNI?",
    "Answer": "Pengangkatan dan pemberhentian jabatan TNI (kecuali Panglima dan KSAD/KSAL/KSAU) diatur dengan keputusan Panglima."
  },
  {
    "Context": "Pengangkatan dan pemberhentian jabatan TNI (kecuali Panglima dan KSAD/KSAL/KSAU) diatur dengan keputusan Panglima.",
    "Question": "Jabatan apa saja yang tidak diatur dalam Pasal 45?",
    "Answer": "Jabatan Panglima TNI dan Kepala Staf Angkatan."
  },
  {
    "Context": "Pengangkatan dan pemberhentian jabatan TNI (kecuali Panglima dan KSAD/KSAL/KSAU) diatur dengan keputusan Panglima.",
    "Question": "Siapa yang berwenang mengangkat Danjen Kopassus?",
    "Answer": "Panglima TNI melalui keputusan resmi."
  },
  {
    "Context": "Pengangkatan dan pemberhentian jabatan TNI (kecuali Panglima dan KSAD/KSAL/KSAU) diatur dengan keputusan Panglima.",
    "Question": "Bagaimana mekanisme pengangkatan Komandan Kodam?",
    "Answer": "Melalui keputusan resmi Panglima TNI."
  },
  {
    "Context": "Pengangkatan dan pemberhentian jabatan TNI (kecuali Panglima dan KSAD/KSAL/KSAU) diatur dengan keputusan Panglima.",
    "Question": "Apa dasar hukum pengangkatan Asisten Panglima TNI?",
    "Answer": "Pasal 45 UU TNI melalui keputusan Panglima."
  },
  {
    "Context": "Pengangkatan dan pemberhentian jabatan TNI (kecuali Panglima dan KSAD/KSAL/KSAU) diatur dengan keputusan Panglima.",
    "Question": "Apa implikasi pasal ini terhadap struktur komando TNI?",
    "Answer": "Memperkuat sistem komando terpusat di bawah Panglima."
  },
  {
    "Context": "Pengangkatan dan pemberhentian jabatan TNI (kecuali Panglima dan KSAD/KSAL/KSAU) diatur dengan keputusan Panglima.",
    "Question": "Bagaimana pengaturan pemberhentian jabatan di TNI AL?",
    "Answer": "Diatur melalui keputusan Panglima TNI."
  },
  {
    "Context": "Pengangkatan dan pemberhentian jabatan TNI (kecuali Panglima dan KSAD/KSAL/KSAU) diatur dengan keputusan Panglima.",
    "Question": "Bagaimana hubungan pasal ini dengan sistem karier TNI?",
    "Answer": "Merupakan bagian dari sistem rotasi jabatan dalam karier TNI."
  },
  {
    "Context": "Pengangkatan dan pemberhentian jabatan TNI (kecuali Panglima dan KSAD/KSAL/KSAU) diatur dengan keputusan Panglima.",
    "Question": "Apa perbedaan pengangkatan Danpusdik dan Kepala Staf Angkatan?",
    "Answer": "Danpusdik oleh Panglima, KS oleh mekanisme lain."
  },
  {
    "Context": "Pengangkatan dan pemberhentian jabatan TNI (kecuali Panglima dan KSAD/KSAL/KSAU) diatur dengan keputusan Panglima.",
    "Question": "Bagaimana mekanisme penggantian pejabat yang diberhentikan?",
    "Answer": "Diatur dalam keputusan Panglima tentang pemberhentian."
  }
]