[
  {
    "Context": "Berdasarkan Pasal 33 ayat (1), perwira diangkat oleh Presiden atas usul Panglima. Ini menunjukkan bahwa untuk jenjang kepangkatan perwira, pengangkatannya merupakan wewenang Presiden namun tetap berdasarkan usulan dari Panglima TNI.",
    "Question": "Apa isi Pasal 33 ayat 1 UU TNI?",
    "Answer": "Pasal 33 ayat 1 menjelaskan perwira diangkat oleh Presiden atas usul Panglima TNI."
  },
  {
    "Context": "Berdasarkan Pasal 33 ayat (2), bintara dan tamtama diangkat oleh Panglima. Ini menunjukkan bahwa untuk jenjang kepangkatan bintara dan tamtama, kewenangan pengangkatannya langsung ada pada Panglima TNI tanpa melalui Presiden.",
    "Question": "Apa isi Pasal 33 ayat 2 UU TNI?",
    "Answer": "Pasal 33 ayat 2 menjelaskan Bintara dan tamtama diangkat oleh Panglima TNI."
  },
  {
    "Context": "Berdasarkan Pasal 33 ayat (3), pendelegasian pengaturan teknis pengangkatan ke Peraturan Pemerintah memungkinkan adanya fleksibilitas dan kemudahan dalam menyesuaikan prosedur dengan kebutuhan organisasi tanpa harus mengubah UU. Hal ini mencerminkan prinsip efisiensi regulasi dimana UU cukup mengatur hal-hal pokok.",
    "Question": "Apa isi Pasal 33 ayat 3 UU TNI?",
    "Answer": "Pasal 33 ayat 3 menjelaskan ketentuan sebagaimana dimaksud pada ayat (1) dan ayat (2) diatur lebih lanjut dengan Peraturan Pemerintah"
  },
  {
    "Context": "Perwira diangkat oleh Presiden atas usul Panglima. Ini menunjukkan bahwa untuk jenjang kepangkatan perwira, pengangkatannya merupakan wewenang Presiden namun tetap berdasarkan usulan dari Panglima TNI.",
    "Question": "Siapa yang berwenang mengangkat perwira dalam struktur TNI?",
    "Answer": "Presiden berwenang mengangkat perwira atas usul Panglima TNI."
  },
  {
    "Context": "Berdasarkan Pasal 33 ayat (2), bintara diangkat oleh Panglima. Proses pengangkatannya menjadi kewenangan penuh Panglima TNI, berbeda dengan pengangkatan perwira yang melibatkan Presiden. Kemudian berdasarkan ayat (3), ketentuan teknis pengangkatan ini diatur lebih lanjut dengan Peraturan Pemerintah.",
    "Question": "Bagaimana proses pengangkatan bintara dalam TNI?",
    "Answer": "Bintara diangkat langsung oleh Panglima TNI dan teknisnya diatur dalam Peraturan Pemerintah."
  },
  {
    "Context": "Berdasarkan Pasal 33 ayat (2), tamtama diangkat oleh Panglima. Ini berarti bahwa Panglima TNI memiliki kewenangan penuh dalam pengangkatan personel tamtama. Ayat (3) kemudian menjelaskan bahwa ketentuan lebih rinci mengenai pengangkatan ini diatur dalam Peraturan Pemerintah.",
    "Question": "Bagaimana mekanisme pengangkatan tamtama di lingkungan militer?",
    "Answer": "Tamtama diangkat oleh Panglima TNI dengan ketentuan teknis yang diatur dalam Peraturan Pemerintah."
  },
  {
    "Context": "Perwira diangkat oleh Presiden atas usul Panglima. Ini menunjukkan bahwa untuk jenjang kepangkatan perwira, pengangkatannya merupakan wewenang Presiden namun tetap berdasarkan usulan dari Panglima TNI.",
    "Question": "Apa perbedaan otoritas pengangkatan untuk perwira dibandingkan pangkat lain?",
    "Answer": "Perwira diangkat oleh Presiden atas usul Panglima, sementara bintara dan tamtama diangkat langsung oleh Panglima."
  },
  {
    "Context": "Perwira diangkat oleh Presiden atas usul Panglima. Ini menunjukkan bahwa untuk jenjang kepangkatan perwira, pengangkatannya merupakan wewenang Presiden namun tetap berdasarkan usulan dari Panglima TNI.",
    "Question": "Siapa yang mengusulkan calon perwira untuk diangkat?",
    "Answer": "Panglima TNI mengusulkan calon perwira untuk diangkat oleh Presiden."
  },
  {
    "Context": "Berdasarkan Pasal 33 ayat (2), bintara dan tamtama diangkat oleh Panglima. Ini menunjukkan bahwa kedua jenjang kepangkatan tersebut memiliki mekanisme pengangkatan yang sama, yaitu langsung oleh Panglima TNI tanpa melibatkan Presiden seperti pada pengangkatan perwira.",
    "Question": "Apakah tamtama dan bintara memiliki mekanisme pengangkatan yang sama?",
    "Answer": "Ya, tamtama dan bintara sama-sama diangkat oleh Panglima TNI tanpa melibatkan Presiden."
  },
  {
    "Context": "Berdasarkan Pasal 33 ayat (3), ketentuan pengangkatan perwira, bintara, dan tamtama sebagaimana dimaksud pada ayat (1) dan ayat (2) diatur lebih lanjut dengan Peraturan Pemerintah. Ini menunjukkan bahwa detail teknis tidak dijabarkan dalam UU, melainkan didelegasikan pada Peraturan Pemerintah.",
    "Question": "Aturan apa yang menjelaskan detail teknis pengangkatan anggota TNI?",
    "Answer": "Detail teknis pengangkatan anggota TNI diatur dalam Peraturan Pemerintah sesuai Pasal 33 ayat (3)."
  },
  {
    "Context": "Perbedaan otoritas dalam pengangkatan mencerminkan tingkat hierarki dan signifikansi posisi dalam struktur TNI. Perwira yang merupakan jenjang kepemimpinan melibatkan Presiden, sementara bintara dan tamtama sebagai jenjang lebih rendah cukup diangkat oleh Panglima.",
    "Question": "Mengapa ada perbedaan otoritas dalam pengangkatan berbagai jenjang kepangkatan?",
    "Answer": "Perbedaan otoritas mencerminkan tingkat hierarki dan signifikansi posisi dalam struktur TNI."
  },
  {
    "Context": "Perwira diangkat oleh Presiden atas usul Panglima. Ini menunjukkan bahwa untuk jenjang kepangkatan perwira, pengangkatannya merupakan wewenang Presiden namun tetap berdasarkan usulan dari Panglima TNI.",
    "Question": "Bagaimana peran Presiden dalam pengangkatan anggota TNI menurut UU?",
    "Answer": "Presiden berperan mengangkat perwira TNI berdasarkan usulan dari Panglima, tanpa keterlibatan dalam pengangkatan bintara dan tamtama."
  },
  {
    "Context": "Panglima memiliki dua peran berbeda. Untuk perwira, Panglima berperan mengusulkan nama-nama calon kepada Presiden. Sedangkan untuk bintara dan tamtama, Panglima memiliki kewenangan penuh untuk langsung mengangkat tanpa melalui Presiden.",
    "Question": "Bagaimana fungsi Panglima dalam sistem pengangkatan berbagai jenjang kepangkatan?",
    "Answer": "Panglima mengusulkan pengangkatan perwira kepada Presiden dan langsung mengangkat bintara serta tamtama."
  },
  {
    "Context": "Ketentuan mengenai pengangkatan perwira, bintara, dan tamtama diatur lebih lanjut dengan Peraturan Pemerintah. Ini menunjukkan bahwa Peraturan Pemerintah diperlukan sebagai landasan teknis operasional pengangkatan anggota TNI yang melengkapi kerangka dasar dalam UU.",
    "Question": "Apakah Peraturan Pemerintah diperlukan dalam pengangkatan anggota TNI?",
    "Answer": "Ya, Peraturan Pemerintah diperlukan untuk mengatur detail teknis pengangkatan anggota TNI."
  },
  {
    "Context": "Perwira diangkat oleh Presiden atas usul Panglima. Ini menunjukkan bahwa untuk jenjang kepangkatan perwira, pengangkatannya merupakan wewenang Presiden namun tetap berdasarkan usulan dari Panglima TNI.",
    "Question": "Bagaimana keterkaitan antara pengangkatan perwira dengan prinsip supremasi sipil?",
    "Answer": "Keterlibatan Presiden dalam pengangkatan perwira mencerminkan implementasi prinsip supremasi sipil atas militer."
  },
  {
    "Context": "Berdasarkan Pasal 33 ayat (1) dan (2), terdapat hubungan hirarkis dalam pengangkatan. Perwira yang merupakan jenjang kepemimpinan lebih tinggi melibatkan otoritas negara tertinggi yaitu Presiden, sementara bintara dan tamtama sebagai jenjang lebih rendah cukup melibatkan Panglima sebagai otoritas tertinggi di lingkungan TNI.",
    "Question": "Bagaimana hubungan hirarkis dalam proses pengangkatan anggota TNI?",
    "Answer": "Hubungan hirarkis terlihat dari pengangkatan jenjang lebih tinggi (perwira) melibatkan otoritas negara (Presiden), sedangkan jenjang lebih rendah melibatkan otoritas TNI (Panglima)."
  },
  {
    "Context": "Perwira diangkat oleh Presiden atas usul Panglima. Ini menunjukkan bahwa untuk jenjang kepangkatan perwira, pengangkatannya merupakan wewenang Presiden namun tetap berdasarkan usulan dari Panglima TNI.",
    "Question": "Apakah pengangkatan perwira memerlukan persetujuan lembaga lain selain Presiden?",
    "Answer": "Tidak, pengangkatan perwira hanya memerlukan usulan Panglima dan persetujuan Presiden tanpa keterlibatan lembaga lain."
  },
  {
    "Context": "Berdasarkan Pasal 33 ayat (2), bintara dan tamtama diangkat oleh Panglima. Pasal tersebut tidak menyebutkan adanya keharusan mendapatkan persetujuan dari Presiden dalam pengangkatan bintara dan tamtama. Ini berbeda dengan pengangkatan perwira yang berdasarkan ayat (1) memerlukan peran Presiden.",
    "Question": "Apakah pengangkatan bintara dan tamtama memerlukan persetujuan Presiden?",
    "Answer": "Tidak, pengangkatan bintara dan tamtama dilakukan langsung oleh Panglima tanpa memerlukan persetujuan Presiden."
  },
  {
    "Context": "Berdasarkan Pasal 33 ayat (3), pendelegasian pengaturan teknis pengangkatan ke Peraturan Pemerintah memungkinkan adanya fleksibilitas dan kemudahan dalam menyesuaikan prosedur dengan kebutuhan organisasi tanpa harus mengubah UU. Hal ini mencerminkan prinsip efisiensi regulasi dimana UU cukup mengatur hal-hal pokok.",
    "Question": "Apa makna pendelegasian pengaturan teknis ke Peraturan Pemerintah dalam UU ini?",
    "Answer": "Pendelegasian memberikan fleksibilitas dalam menyesuaikan prosedur dengan kebutuhan organisasi tanpa harus mengubah UU."
  },
  {
    "Context": "Perwira diangkat oleh Presiden atas usul Panglima. Ini menunjukkan bahwa untuk jenjang kepangkatan perwira, pengangkatannya merupakan wewenang Presiden namun tetap berdasarkan usulan dari Panglima TNI.",
    "Question": "Apakah Presiden dapat mengangkat perwira tanpa usulan dari Panglima?",
    "Answer": "Tidak, berdasarkan Pasal 33 ayat (1), Presiden mengangkat perwira berdasarkan usulan dari Panglima."
  }
]