[
  {
    "Context": "Pasal 30 ayat (1) menjelaskan bahwa perwira TNI dibentuk melalui dua jalur utama: (a) pendidikan pertama perwira bagi warga sipil melalui Akademi TNI atau Sekolah Perwira, dan (b) pendidikan pembentukan perwira bagi prajurit golongan bintara.",
    "Question": "Apa isi Pasal 30 ayat 1 UU TNI?",
    "Answer": "Perwira dibentuk melalui pendidikan dari masyarakat dan bintara."
  },
  {
    "Context": "Pasal 30 ayat (2) menyebutkan bahwa pelaksanaan pendidikan perwira sebagaimana dijelaskan pada ayat (1) diatur lebih lanjut dengan keputusan Panglima TNI.",
    "Question": "Apa isi Pasal 30 ayat 2 UU TNI?",
    "Answer": "Pendidikan perwira diatur lebih lanjut oleh keputusan Panglima."
  },
  {
    "Context": "Menurut Pasal 30 ayat (1) huruf a, jalur pendidikan bagi masyarakat umum meliputi: (1) Akademi TNI dengan masukan dari SLTA, dan (2) Sekolah Perwira dengan masukan dari SLTA atau perguruan tinggi.",
    "Question": "Apa saja jalur pendidikan perwira bagi masyarakat umum menurut UU TNI?",
    "Answer": "Jalurnya: Akademi TNI (SLTA), Sekolah Perwira (SLTA/PT)."
  },
  {
    "Context": "Pasal 30 ayat (1) huruf b menyebutkan bahwa perwira juga dapat dibentuk dari prajurit golongan bintara melalui pendidikan pembentukan perwira.",
    "Question": "Bagaimana pembentukan perwira dari prajurit bintara diatur dalam UU TNI?",
    "Answer": "Perwira juga dibentuk dari bintara melalui pendidikan khusus."
  },
  {
    "Context": "Berdasarkan Pasal 30 ayat (1) huruf a angka 1 dan 2, Akademi TNI menerima lulusan SLTA, sementara Sekolah Perwira menerima lulusan SLTA atau perguruan tinggi, sehingga Sekolah Perwira memiliki cakupan masukan yang lebih luas.",
    "Question": "Apa perbedaan antara Akademi TNI dan Sekolah Perwira dalam pembentukan perwira?",
    "Answer": "Akademi TNI menerima SLTA, Sekolah Perwira menerima SLTA/PT."
  },
  {
    "Context": "Pasal 30 ayat (2) menyatakan bahwa pengaturan lebih lanjut mengenai pendidikan perwira ditetapkan oleh Panglima TNI melalui keputusan resmi.",
    "Question": "Siapa yang menetapkan rincian pelaksanaan pendidikan perwira dalam UU TNI?",
    "Answer": "Panglima TNI menetapkan rincian pelaksanaan pendidikan perwira."
  },
  {
    "Context": "Menurut Pasal 30 ayat (1) huruf b, pendidikan ini memberikan kesempatan promosi kepada prajurit bintara yang memenuhi syarat untuk menjadi perwira, mendukung pengembangan karier internal.",
    "Question": "Apa fungsi pendidikan pembentukan perwira dari bintara?",
    "Answer": "Pendidikan ini memungkinkan bintara menjadi perwira."
  },
  {
    "Context": "Pasal 30 ayat (1) huruf a angka 2 menyebut Sekolah Perwira sebagai jalur pendidikan perwira dengan masukan dari SLTA atau perguruan tinggi.",
    "Question": "Apa yang dimaksud dengan Sekolah Perwira menurut Pasal 30?",
    "Answer": "Sekolah Perwira menerima lulusan SLTA atau perguruan tinggi."
  },
  {
    "Context": "Berdasarkan Pasal 30 ayat (1) huruf a angka 1, Akademi TNI menerima calon dari masyarakat lulusan SLTA sebagai masukan untuk pendidikan pertama perwira.",
    "Question": "Bagaimana Akademi TNI merekrut calon perwira menurut UU?",
    "Answer": "Akademi TNI merekrut lulusan SLTA untuk dididik sebagai perwira."
  },
  {
    "Context": "Pasal 30 ayat (1) huruf b menyatakan bahwa prajurit bintara dapat mengikuti pendidikan pembentukan untuk menjadi perwira.",
    "Question": "Apakah ada jalur pembentukan perwira dari internal TNI?",
    "Answer": "Ada, yaitu dari prajurit bintara."
  },
  {
    "Context": "Pasal 30 ayat (1) huruf a angka 2, Sekolah Perwira menerima calon perwira dari lulusan perguruan tinggi.",
    "Question": "Apakah lulusan perguruan tinggi bisa menjadi perwira TNI?",
    "Answer": "Bisa, melalui jalur Sekolah Perwira."
  },
  {
    "Context": "Pasal 30 ayat (1) huruf a angka 1 hanya menyebutkan bahwa masukan Akademi TNI berasal dari SLTA, namun seleksi tetap ditentukan sesuai kebijakan dan standar rekrutmen yang berlaku.",
    "Question": "Apakah semua lulusan SLTA bisa masuk Akademi TNI?",
    "Answer": "Bisa mendaftar, tapi tetap mengikuti seleksi sesuai kebijakan."
  },
  {
    "Context": "Tidak, menurut Pasal 30 ayat (2), teknis pelaksanaan pendidikan perwira tidak dijabarkan dalam UU melainkan diatur oleh keputusan Panglima TNI.",
    "Question": "Apakah UU mengatur teknis pelaksanaan pendidikan perwira secara rinci?",
    "Answer": "Tidak, teknis diatur oleh Panglima TNI, bukan dalam UU."
  },
  {
    "Context": "Pasal 30 ayat (1) huruf a memungkinkan warga sipil lulusan SLTA atau perguruan tinggi menjadi perwira melalui Akademi TNI atau Sekolah Perwira.",
    "Question": "Apakah warga sipil dapat langsung menjadi perwira TNI?",
    "Answer": "Bisa, melalui jalur pendidikan dari masyarakat."
  },
  {
    "Context": "Pasal 30 Ayat (1) menetapkan jalur dan sumber pembentukan perwira, sementara ayat (2) memberi kewenangan kepada Panglima TNI untuk mengatur teknis pelaksanaannya.",
    "Question": "Apa hubungan antara Pasal 30 ayat (1) dan (2)?",
    "Answer": "Ayat (1) jelaskan jalur, ayat (2) atur pelaksanaannya oleh Panglima."
  },
  {
    "Context": "Berdasarkan Pasal 30 ayat (1) huruf b, jalur pembentukan perwira dari dalam TNI berlaku bagi prajurit golongan bintara.",
    "Question": "Apakah pendidikan pembentukan perwira hanya berlaku bagi bintara?",
    "Answer": "Ya, khusus untuk prajurit bintara."
  },
  {
    "Context": "Pasal 30 ayat (2) menyatakan bahwa keputusan Panglima TNI akan mengatur lebih lanjut, termasuk standar pendidikan.",
    "Question": "Siapa yang berwenang menetapkan standar pendidikan perwira di TNI?",
    "Answer": "Panglima TNI menetapkan standar pendidikan perwira."
  },
  {
    "Context": "Pasal 30 ayat (1) membedakan antara pendidikan perwira dari masyarakat sipil (huruf a) dan dari prajurit bintara (huruf b), mencerminkan dua sumber rekrutmen.",
    "Question": "Apakah Pasal 30 membedakan jalur sipil dan militer dalam pendidikan perwira?",
    "Answer": "Ya, sipil melalui Akademi/Sekolah Perwira, militer dari bintara."
  },
  {
    "Context": "Pasal 30 ayat (2) memberikan wewenang kepada Panglima TNI untuk menyesuaikan pelaksanaan pendidikan sesuai kebutuhan TNI.",
    "Question": "Apakah pasal ini memungkinkan fleksibilitas dalam pembentukan perwira?",
    "Answer": "Ya, fleksibilitas dijamin melalui kewenangan Panglima TNI."
  },
  {
    "Context": "Berdasarkan Pasal 30 ayat (1) huruf a, struktur pendidikan pertama perwira bagi masyarakat sipil terdiri dari dua bentuk: (1) Akademi TNI untuk lulusan SLTA, dan (2) Sekolah Perwira untuk lulusan SLTA atau perguruan tinggi.",
    "Question": "Bagaimana struktur pendidikan pertama perwira bagi masyarakat sipil menurut UU TNI?",
    "Answer": "Terdiri dari Akademi TNI (SLTA) dan Sekolah Perwira (SLTA/PT)."
  }
]