[
  {
    "Context": "Berdasarkan Pasal 52, prajurit dan prajurit siswa berhak mendapatkan tanda jasa kenegaraan berdasarkan prestasi dan jasa-jasanya kepada negara sesuai peraturan perundang-undangan. Ini merupakan bentuk penghargaan negara atas pengabdian istimewa.",
    "Question": "Apa isi Pasal 52 UU TNI?",
    "Answer": "Prajurit dan prajurit siswa berhak tanda jasa kenegaraan berdasarkan prestasi dan jasa."
  },
  {
    "Context": "Prajurit dan prajurit siswa berhak tanda jasa kenegaraan berdasarkan prestasi dan jasa.",
    "Question": "Siapa yang berhak mendapat tanda jasa menurut pasal ini?",
    "Answer": "Prajurit aktif dan prajurit siswa yang berprestasi."
  },
  {
    "Context": "Prajurit dan prajurit siswa berhak tanda jasa kenegaraan berdasarkan prestasi dan jasa.",
    "Question": "Apa dasar pemberian tanda jasa kenegaraan?",
    "Answer": "Prestasi dan jasa-jasa kepada negara."
  },
  {
    "Context": "Prajurit dan prajurit siswa berhak tanda jasa kenegaraan berdasarkan prestasi dan jasa.",
    "Question": "Bagaimana proses pemberian tanda jasa diatur?",
    "Answer": "Diatur dalam peraturan perundang-undangan terkait."
  },
  {
    "Context": "Prajurit dan prajurit siswa berhak tanda jasa kenegaraan berdasarkan prestasi dan jasa.",
    "Question": "Apakah tanda jasa bisa diberikan secara anumerta?",
    "Answer": "Ya, dapat diberikan secara anumerta."
  },
  {
    "Context": "Prajurit dan prajurit siswa berhak tanda jasa kenegaraan berdasarkan prestasi dan jasa.",
    "Question": "Apa jenis tanda jasa yang dimaksud dalam pasal ini?",
    "Answer": "Semua jenis tanda kehormatan negara yang berlaku."
  },
  {
    "Context": "Prajurit dan prajurit siswa berhak tanda jasa kenegaraan berdasarkan prestasi dan jasa.",
    "Question": "Siapa yang berwenang memberikan tanda jasa?",
    "Answer": "Presiden sebagai kepala negara."
  },
  {
    "Context": "Prajurit dan prajurit siswa berhak tanda jasa kenegaraan berdasarkan prestasi dan jasa.",
    "Question": "Bagaimana kriteria \"prestasi\" dalam pemberian tanda jasa?",
    "Answer": "Mengacu pada peraturan tentang tanda kehormatan."
  },
  {
    "Context": "Prajurit dan prajurit siswa berhak tanda jasa kenegaraan berdasarkan prestasi dan jasa.",
    "Question": "Apa beda tanda jasa dan penghargaan internal TNI?",
    "Answer": "Tanda jasa bersifat kenegaraan, bukan internal TNI."
  },
  {
    "Context": "Prajurit dan prajurit siswa berhak tanda jasa kenegaraan berdasarkan prestasi dan jasa.",
    "Question": "Apakah prajurit siswa bisa dapat tanda jasa sebelum dilantik?",
    "Answer": "Ya, jika memenuhi kriteria prestasi/jasa."
  },
  {
    "Context": "Prajurit dan prajurit siswa berhak tanda jasa kenegaraan berdasarkan prestasi dan jasa.",
    "Question": "Bagaimana mekanisme pengusulan tanda jasa?",
    "Answer": "Melalui usulan resmi komando TNI."
  },
  {
    "Context": "Prajurit dan prajurit siswa berhak tanda jasa kenegaraan berdasarkan prestasi dan jasa.",
    "Question": "Apa fungsi tanda jasa bagi prajurit?",
    "Answer": "Pengakuan resmi dan motivasi prestasi."
  },
  {
    "Context": "Prajurit dan prajurit siswa berhak tanda jasa kenegaraan berdasarkan prestasi dan jasa.",
    "Question": "Apakah ada batasan jumlah tanda jasa per prajurit?",
    "Answer": "Tidak ada batasan selama memenuhi kriteria."
  },
  {
    "Context": "Prajurit dan prajurit siswa berhak tanda jasa kenegaraan berdasarkan prestasi dan jasa.",
    "Question": "Bagaimana status tanda jasa setelah prajurit pensiun?",
    "Answer": "Tetap berlaku sebagai penghargaan seumur hidup."
  },
  {
    "Context": "Prajurit dan prajurit siswa berhak tanda jasa kenegaraan berdasarkan prestasi dan jasa.",
    "Question": "Bagaimana sistem pencatatan tanda jasa prajurit?",
    "Answer": "Diatur dalam peraturan tersendiri."
  }
]