[
  {
    "Context": "Berdasarkan Pasal 47 ayat (1) UU No. 34/2004, prajurit hanya boleh menduduki jabatan sipil setelah mengundurkan diri atau pensiun dari dinas aktif. Ini menunjukkan pemisahan karier militer dan sipil selama masa dinas.",
    "Question": "Apa isi Pasal 47 ayat (1) UU TNI No. 34 Tahun 2004?",
    "Answer": "Prajurit hanya boleh pegang jabatan sipil setelah pensiun/mengundurkan diri dari dinas aktif."
  },
  {
    "Context": "Berdasarkan Pasal 47 ayat (1) RUU 2025, prajurit dapat menduduki jabatan pada 14 bidang strategis (seperti siber, terorisme, keamanan laut) tanpa harus pensiun, berbeda dengan UU 2004 yang membatasi secara ketat.",
    "Question": "Apa isi Pasal 47 ayat (1) RUU TNI 2025?",
    "Answer": "Prajurit boleh pegang jabatan di 14 bidang strategis tanpa pensiun."
  },
  {
    "Context": "UU 2004 melarang total jabatan sipil bagi prajurit aktif, sedangkan RUU 2025 mengizinkan di 14 bidang strategis. RUU juga memisahkan aturan jabatan sipil pasca-dinas di ayat (2).",
    "Question": "Apa perbedaan Pasal 47 ayat (1) UU 2004 dan RUU 2025?",
    "Answer": "RUU 2025 memperluas cakupan lembaga strategis dan memisahkan aturan jabatan pasca-dinas."
  },
  {
    "Context": "Berdasarkan Pasal 47 ayat (2) UU 2004, prajurit aktif boleh menduduki jabatan di 10 instansi strategis seperti Intelijen, Lemhannas, dan MA, kecuali jabatan politis (Penjelasan ayat).",
    "Question": "Apa isi Pasal 47 ayat (2) UU TNI 2004?",
    "Answer": "Prajurit aktif boleh jabatan di 10 instansi strategis, kecuali jabatan politis."
  },
  {
    "Context": "Berdasarkan Pasal 47 ayat (2) RUU 2025, aturan jabatan sipil pasca-dinas dipisahkan secara eksplisit, berbeda dengan UU 2004 yang menggabungkannya dalam ayat (1).",
    "Question": "Apa isi Pasal 47 ayat (2) RUU TNI 2025?",
    "Answer": "Aturan jabatan sipil pasca-dinas diatur terpisah dalam ayat khusus."
  },
  {
    "Context": "RUU 2025 menambah 6 bidang baru: Siber/Sandi, Pengelola Perbatasan, Penanggulangan Bencana, Terorisme, Keamanan Laut, dan Kejaksaan (bidang pidana militer).",
    "Question": "Instansi apa saja yang ditambahkan dalam Pasal 47 ayat (1) RUU 2025?",
    "Answer": "Ditambah 6 bidang termasuk siber, terorisme, dan keamanan laut."
  },
  {
    "Context": "Berdasarkan Pasal 47 ayat (3) UU 2004, penugasan prajurit harus atas permintaan pimpinan lembaga dan tunduk pada aturan administrasi lembaga sipil tersebut.",
    "Question": "Apa isi Pasal 47 ayat (3) UU TNI 2004?",
    "Answer": "Penugasan harus atas permintaan pimpinan lembaga dan ikuti aturan administrasi sipil."
  },
  {
    "Context": "UU 2004 menggunakan frasa \"departemen/lembaga\", sedangkan RUU 2025 menyederhanakan menjadi \"kementerian/lembaga\" sesuai struktur pemerintahan terkini.",
    "Question": "Apa perbedaan Pasal 47 ayat (3) UU 2004 dan RUU 2025?",
    "Answer": "Perubahan terminologi dari \"departemen\" ke \"kementerian/lembaga\"."
  },
  {
    "Context": "Berdasarkan Pasal 47 ayat (4) UU 2004, pengangkatan/pemberhentian prajurit di lembaga strategis disesuaikan dengan kebutuhan organisasi lembaga terkait.",
    "Question": "Apa isi Pasal 47 ayat (4) UU TNI 2004?",
    "Answer": "Pengangkatan/pemberhentian berdasarkan kebutuhan organisasi lembaga."
  },
  {
    "Context": "RUU 2025 menambahkan frasa \"jabatan tertentu\" untuk lebih spesifik dibanding UU 2004 yang hanya menyebut \"jabatan\".",
    "Question": "Apa perbedaan Pasal 47 ayat (4) UU 2004 dan RUU 2025?",
    "Answer": "RUU lebih spesifik dengan istilah \"jabatan tertentu\"."
  },
  {
    "Context": "Berdasarkan Pasal 47 ayat (5) UU 2004, pembinaan karier prajurit di lembaga sipil dilakukan Panglima bekerja sama dengan pimpinan lembaga terkait.",
    "Question": "Apa isi Pasal 47 ayat (5) UU TNI 2004?",
    "Answer": "Pembinaan karier oleh Panglima bersama pimpinan lembaga."
  },
  {
    "Context": "RUU 2025 mengubah frasa \"bekerja sama\" menjadi \"melalui koordinasi\", menunjukkan mekanisme lebih formal dibanding UU 2004.",
    "Question": "Apa perbedaan Pasal 47 ayat (5) UU 2004 dan RUU 2025?",
    "Answer": "RUU menegaskan mekanisme koordinasi formal."
  },
  {
    "Context": "Berdasarkan Pasal 47 ayat (6) UU 2004, teknis penugasan prajurit di lembaga strategis diatur lebih lanjut melalui Peraturan Pemerintah.",
    "Question": "Apa isi Pasal 47 ayat (6) UU TNI 2004?",
    "Answer": "Detail teknis diatur dalam Peraturan Pemerintah."
  },
  {
    "Context": "RUU 2025 menyederhanakan redaksi tanpa mengubah substansi, tetap mengamanatkan PP untuk teknis implementasi.",
    "Question": "Apa perbedaan Pasal 47 ayat (6) UU 2004 dan RUU 2025?",
    "Answer": "Tidak ada perubahan substantif, hanya penyederhanaan redaksional."
  },
  {
    "Context": "Berdasarkan Penjelasan RUU, Kejaksaan RI dimasukkan khusus untuk penanganan pidana militer, bukan semua bidang di Kejaksaan.",
    "Question": "Mengapa Kejaksaan dimasukkan dalam Pasal 47 ayat (1) RUU 2025?",
    "Answer": "Khusus untuk jabatan di bidang pidana militer."
  },
  {
    "Context": "Berdasarkan Penjelasan Pasal 47 ayat (2) UU 2004, jabatan Menteri termasuk \"jabatan politis\" yang dikecualikan. RUU 2025 juga tidak mencantumkannya.",
    "Question": "Apakah prajurit aktif bisa menjadi Menteri Pertahanan berdasarkan Pasal 47?",
    "Answer": "Tidak, karena termasuk jabatan politis yang dilarang."
  },
  {
    "Context": "Berdasarkan Pasal 47 ayat (3)-(4) UU 2004, mekanismenya meliputi: 1) Permintaan pimpinan lembaga, 2) Sesuai kebutuhan organisasi, dan 3) Tunduk pada aturan administrasi lembaga.",
    "Question": "Bagaimana mekanisme pengangkatan prajurit di lembaga sipil menurut UU TNI?",
    "Answer": "Melalui permintaan pimpinan lembaga, sesuai kebutuhan organisasi, dan ikuti aturan administrasi."
  },
  {
    "Context": "Meski tidak diatur sanksi eksplisit, pelanggaran dapat dikenai sanksi disiplin militer berdasarkan UU No. 34/2004 dan peraturan turunannya.",
    "Question": "Apa konsekuensi hukum jika prajurit aktif pegang jabatan sipil diluar ketentuan Pasal 47?",
    "Answer": "Dapat dikenai sanksi disiplin militer."
  },
  {
    "Context": "Berdasarkan Pasal 47 ayat (5), pembinaan dilakukan secara kolaboratif oleh Panglima dan pimpinan lembaga sipil, dengan model kemitraan setara.",
    "Question": "Bagaimana status pembinaan karier prajurit di lembaga sipil?",
    "Answer": "Dibina bersama oleh Panglima dan pimpinan lembaga dengan prinsip koordinasi."
  },
  {
    "Context": "Berdasarkan Pasal 47 ayat (6), PP dibutuhkan untuk mengatur teknis operasional seperti prosedur permintaan, kriteria jabatan, dan pembagian kewenangan.",
    "Question": "Mengapa perlu Peraturan Pemerintah untuk implementasi Pasal 47?",
    "Answer": "Untuk aturan teknis penugasan prajurit di lembaga sipil yang melibatkan multi-stakeholder."
  }
]