[
  {
    "Context": "Pasal 28 ayat 1 mengatur tentang persyaratan umum untuk menjadi prajurit TNI. Persyaratan tersebut meliputi beberapa hal, antara lain: (a) menjadi warga negara Indonesia; (b) beriman dan bertakwa kepada Tuhan Yang Maha Esa; (c) setia kepada Negara Kesatuan Republik Indonesia yang berdasarkan Pancasila dan Undang-Undang Dasar Negara Republik Indonesia Tahun 1945; (d) pada saat dilantik menjadi prajurit, berumur paling rendah 18 tahun; (e) tidak memiliki catatan kriminalitas yang dikeluarkan secara tertulis oleh Kepolisian Negara Republik Indonesia; (f) sehat jasmani dan rohani; (g) tidak sedang kehilangan hak menjadi prajurit berdasarkan putusan pengadilan yang telah memperoleh kekuatan hukum tetap; (h) lulus pendidikan pertama untuk membentuk prajurit siswa menjadi anggota TNI; dan (i) persyaratan lain sesuai dengan keperluan.",
    "Question": "Apa isi Pasal 28 ayat 1 UU TNI?",
    "Answer": "Syarat umum prajurit meliputi WNI, iman, loyalitas, usia 18+, sehat, tanpa catatan kriminal, lulus pendidikan, dan syarat lain sesuai kebutuhan."
  },
  {
    "Context": "Pasal 28 ayat 2 mengatur tentang ketentuan lebih lanjut mengenai persyaratan menjadi prajurit. Persyaratan yang tercantum pada ayat (1) akan diatur lebih lanjut dengan keputusan Menteri Pertahanan, yang memberi panduan lebih detail tentang persyaratan tersebut agar sesuai dengan keperluan organisasi dan kebutuhan TNI.",
    "Question": "Apa isi Pasal 28 ayat 2 UU TNI?",
    "Answer": "Persyaratan menjadi prajurit akan diatur lebih lanjut oleh Menteri Pertahanan."
  },
  {
    "Context": "Berdasarkan Pasal 28 ayat (1) huruf a, syarat utama menjadi prajurit TNI adalah harus merupakan warga negara Indonesia.",
    "Question": "Apa syarat kewarganegaraan untuk jadi prajurit TNI?",
    "Answer": "Calon prajurit TNI harus WNI."
  },
  {
    "Context": "Pasal 28 ayat (1) huruf b menetapkan bahwa iman dan takwa kepada Tuhan YME adalah syarat dasar, mencerminkan nilai moral dan spiritual yang diharapkan dari prajurit TNI.",
    "Question": "Mengapa harus beriman dan bertakwa untuk menjadi prajurit?",
    "Answer": "Iman dan takwa jadi syarat karena nilai moral penting bagi prajurit."
  },
  {
    "Context": "Pasal 28 ayat (1) huruf c mewajibkan calon prajurit setia kepada NKRI berdasarkan Pancasila dan UUD 1945, karena TNI adalah alat negara yang menjaga kedaulatan bangsa.",
    "Question": "Apa pentingnya loyalitas terhadap NKRI dalam rekrutmen prajurit?",
    "Answer": "Calon prajurit wajib setia pada NKRI dan dasar negaranya."
  },
  {
    "Context": "Berdasarkan Pasal 28 ayat (1) huruf d, calon prajurit harus berusia paling rendah 18 tahun saat dilantik sebagai bentuk kedewasaan hukum dan tanggung jawab.",
    "Question": "Berapa umur minimal untuk dilantik sebagai prajurit TNI?",
    "Answer": "Umur minimal untuk dilantik prajurit adalah 18 tahun."
  },
  {
    "Context": "Berdasarkan Pasal 28 ayat (1) huruf e, calon prajurit tidak boleh memiliki catatan kriminal, yang dibuktikan secara tertulis oleh Kepolisian.",
    "Question": "Apakah calon prajurit boleh punya catatan kriminal?",
    "Answer": "Calon prajurit tidak boleh memiliki catatan kriminal."
  },
  {
    "Context": "Pasal 28 ayat (1) huruf f menyebutkan bahwa calon prajurit harus sehat secara jasmani dan rohani, agar mampu menjalankan tugas militer yang berat secara fisik dan mental.",
    "Question": "Apa arti sehat jasmani dan rohani sebagai syarat TNI?",
    "Answer": "Calon prajurit harus sehat fisik dan mental."
  },
  {
    "Context": "Pasal 28 ayat (1) huruf g menyebutkan bahwa seseorang tidak boleh sedang kehilangan hak menjadi prajurit berdasarkan putusan pengadilan berkekuatan hukum tetap.",
    "Question": "Apakah seseorang bisa dilarang menjadi prajurit secara hukum?",
    "Answer": "Seseorang dilarang jadi prajurit jika kehilangan hak berdasarkan putusan pengadilan."
  },
  {
    "Context": "Berdasarkan Pasal 28 ayat (1) huruf h, bukti kesiapan calon prajurit adalah lulus pendidikan pertama untuk membentuk prajurit siswa menjadi anggota TNI.",
    "Question": "Apa bukti kesiapan calon prajurit untuk masuk TNI?",
    "Answer": "Calon prajurit harus lulus pendidikan pertama TNI."
  },
  {
    "Context": "Pasal 28 ayat (1) huruf i memberikan ruang bagi institusi untuk menetapkan persyaratan tambahan sesuai kebutuhan organisasi, seperti keahlian khusus atau latar belakang tertentu.",
    "Question": "Apa arti “persyaratan lain sesuai keperluan” dalam UU?",
    "Answer": "Terdapat syarat tambahan sesuai kebutuhan organisasi TNI."
  },
  {
    "Context": "Pasal 28 ayat (2) menyatakan bahwa Menteri Pertahanan berwenang mengatur lebih lanjut seluruh persyaratan menjadi prajurit sesuai ayat (1).",
    "Question": "Siapa yang menetapkan rincian teknis syarat jadi prajurit?",
    "Answer": "Menteri Pertahanan menetapkan rincian teknis syarat jadi prajurit."
  },
  {
    "Context": "Menurut Pasal 28 ayat (1) huruf e, verifikasi dilakukan melalui surat keterangan tidak memiliki catatan kriminal yang dikeluarkan secara tertulis oleh Kepolisian RI.",
    "Question": "Bagaimana verifikasi bebas kriminal dilakukan untuk calon prajurit?",
    "Answer": "Verifikasi dilakukan melalui surat keterangan bebas kriminal dari Kepolisian."
  },
  {
    "Context": "Pasal 28 ayat (1) huruf d menunjukkan bahwa 18 tahun dianggap usia kedewasaan hukum, sesuai standar internasional tentang batas usia minimum untuk militer.",
    "Question": "Mengapa usia minimal prajurit ditetapkan 18 tahun?",
    "Answer": "Usia 18 tahun dianggap cukup dewasa untuk tanggung jawab militer."
  },
  {
    "Context": "Pasal 28 ayat (1) huruf i dan ayat (2) menunjukkan bahwa UU membuka ruang fleksibilitas syarat melalui kebijakan tambahan oleh Menteri Pertahanan.",
    "Question": "Apakah UU memberikan fleksibilitas dalam syarat rekrutmen?",
    "Answer": "UU memberikan fleksibilitas rekrutmen melalui kebijakan Menteri."
  },
  {
    "Context": "Berdasarkan Pasal 28 ayat (1) huruf h, pendidikan militer awal adalah tahap wajib sebelum seseorang dapat diangkat sebagai prajurit aktif.",
    "Question": "Apa hubungan antara Pasal 28 dan pendidikan militer awal?",
    "Answer": "Pendidikan awal adalah syarat mutlak untuk jadi prajurit."
  },
  {
    "Context": "Pasal 28 ayat (1) huruf g menjelaskan bahwa orang yang telah dijatuhi putusan pengadilan tetap yang mencabut hak militer tidak bisa menjadi prajurit.",
    "Question": "Siapa yang bisa kehilangan hak menjadi prajurit?",
    "Answer": "Orang yang kehilangan hak berdasarkan hukum tidak bisa jadi prajurit."
  },
  {
    "Context": "Pasal 28 ayat (1) huruf c menegaskan bahwa prajurit harus patuh pada konstitusi sebagai dasar legitimasi kekuatan militer dalam negara demokrasi.",
    "Question": "Mengapa diperlukan syarat loyalitas terhadap UUD 1945?",
    "Answer": "Loyalitas terhadap UUD 1945 memastikan prajurit tunduk pada hukum negara."
  },
  {
    "Context": "Pasal 28 ayat (2) menyerahkan pengaturan teknis seluruh persyaratan dalam ayat (1) kepada Menteri Pertahanan agar dapat disesuaikan dengan kebijakan pertahanan.",
    "Question": "Bagaimana UU mengatur kewenangan teknis rekrutmen TNI?",
    "Answer": "Pengaturan teknis rekrutmen diatur oleh Menteri Pertahanan."
  },
  {
    "Context": "Pasal 28 secara keseluruhan menetapkan standar minimum yang menjamin profesionalisme, integritas, dan kesiapan fisik-mental prajurit TNI sejak awal perekrutan.",
    "Question": "Apa tujuan dicantumkannya persyaratan umum dalam UU?",
    "Answer": "Persyaratan umum menjamin kualitas dan integritas prajurit sejak awal."
  }
]