[
  {
    "Context": "Pasal 27 ayat 1 mengatur tentang pemberian pangkat kepada setiap prajurit sebagai bentuk keabsahan terhadap wewenang dan tanggung jawab dalam struktur hierarki keprajuritan. Pangkat ini menjadi legitimasi bagi prajurit dalam melaksanakan tugas dan kewajibannya di lingkungan militer.",
    "Question": "Apa isi Pasal 27 ayat 1 UU TNI?",
    "Answer": "Setiap prajurit diberi pangkat sebagai keabsahan wewenang dan tanggung jawab dalam hierarki TNI."
  },
  {
    "Context": "Pasal 27 ayat 2 mengatur jenis-jenis pangkat berdasarkan sifatnya, yaitu: (a) pangkat efektif yang berlaku selama dinas aktif dan membawa dampak administratif penuh; (b) pangkat lokal yang diberikan sementara untuk jabatan tertentu yang memerlukan pangkat lebih tinggi, tanpa dampak administratif; dan (c) pangkat tituler yang diberikan kepada warga sipil yang menjalankan jabatan keprajuritan tertentu, dengan dampak administratif terbatas selama masa jabatannya.",
    "Question": "Apa isi Pasal 27 ayat 2 UU TNI?",
    "Answer": "Pangkat dalam TNI terdiri dari: efektif, lokal, dan tituler."
  },
  {
    "Context": "Pasal 27 ayat 3 mengatur bahwa susunan, sebutan, dan keselarasan pangkat sebagaimana dimaksud pada ayat (2) akan ditetapkan lebih lanjut oleh Panglima melalui keputusan resmi, sebagai bentuk pengaturan teknis atas sistem kepangkatan dalam TNI.",
    "Question": "Apa isi Pasal 27 ayat 3 UU TNI?",
    "Answer": "Pangkat TNI diatur lebih lanjut oleh keputusan Panglima."
  },
  {
    "Context": "Jenis-jenis pangkat berdasarkan sifatnya, yaitu: (a) pangkat efektif yang berlaku selama dinas aktif dan membawa dampak administratif penuh; (b) pangkat lokal yang diberikan sementara untuk jabatan tertentu yang memerlukan pangkat lebih tinggi, tanpa dampak administratif; dan (c) pangkat tituler yang diberikan kepada warga sipil yang menjalankan jabatan keprajuritan tertentu, dengan dampak administratif terbatas selama masa jabatannya.",
    "Question": "Apa itu pangkat efektif dalam UU TNI?",
    "Answer": "Pangkat efektif adalah pangkat penuh dengan akibat administrasi bagi prajurit aktif."
  },
  {
    "Context": "Jenis-jenis pangkat berdasarkan sifatnya, yaitu: (a) pangkat efektif yang berlaku selama dinas aktif dan membawa dampak administratif penuh; (b) pangkat lokal yang diberikan sementara untuk jabatan tertentu yang memerlukan pangkat lebih tinggi, tanpa dampak administratif; dan (c) pangkat tituler yang diberikan kepada warga sipil yang menjalankan jabatan keprajuritan tertentu, dengan dampak administratif terbatas selama masa jabatannya.",
    "Question": "Apa perbedaan pangkat lokal dan pangkat efektif?",
    "Answer": "Pangkat lokal bersifat sementara dan tidak membawa hak administratif, berbeda dengan pangkat efektif."
  },
  {
    "Context": "Jenis-jenis pangkat berdasarkan sifatnya, yaitu: (a) pangkat efektif yang berlaku selama dinas aktif dan membawa dampak administratif penuh; (b) pangkat lokal yang diberikan sementara untuk jabatan tertentu yang memerlukan pangkat lebih tinggi, tanpa dampak administratif; dan (c) pangkat tituler yang diberikan kepada warga sipil yang menjalankan jabatan keprajuritan tertentu, dengan dampak administratif terbatas selama masa jabatannya.",
    "Question": "Apa yang dimaksud dengan pangkat tituler?",
    "Answer": "Pangkat tituler adalah pangkat sementara bagi warga sipil di TNI dengan hak terbatas."
  },
  {
    "Context": "Jenis-jenis pangkat berdasarkan sifatnya, yaitu: (a) pangkat efektif yang berlaku selama dinas aktif dan membawa dampak administratif penuh; (b) pangkat lokal yang diberikan sementara untuk jabatan tertentu yang memerlukan pangkat lebih tinggi, tanpa dampak administratif; dan (c) pangkat tituler yang diberikan kepada warga sipil yang menjalankan jabatan keprajuritan tertentu, dengan dampak administratif terbatas selama masa jabatannya.",
    "Question": "Bagaimana cara pemberian pangkat dalam TNI?",
    "Answer": "Pangkat diberikan melalui pengangkatan awal dan kenaikan pangkat."
  },
  {
    "Context": "Jenis-jenis pangkat berdasarkan sifatnya, yaitu: (a) pangkat efektif yang berlaku selama dinas aktif dan membawa dampak administratif penuh; (b) pangkat lokal yang diberikan sementara untuk jabatan tertentu yang memerlukan pangkat lebih tinggi, tanpa dampak administratif; dan (c) pangkat tituler yang diberikan kepada warga sipil yang menjalankan jabatan keprajuritan tertentu, dengan dampak administratif terbatas selama masa jabatannya.",
    "Question": "Apa itu kenaikan pangkat reguler?",
    "Answer": "Kenaikan pangkat reguler adalah kenaikan terjadwal berdasarkan syarat jabatan dan masa dinas."
  },
  {
    "Context": "Jenis-jenis pangkat berdasarkan sifatnya, yaitu: (a) pangkat efektif yang berlaku selama dinas aktif dan membawa dampak administratif penuh; (b) pangkat lokal yang diberikan sementara untuk jabatan tertentu yang memerlukan pangkat lebih tinggi, tanpa dampak administratif; dan (c) pangkat tituler yang diberikan kepada warga sipil yang menjalankan jabatan keprajuritan tertentu, dengan dampak administratif terbatas selama masa jabatannya.",
    "Question": "Apa itu kenaikan pangkat luar biasa?",
    "Answer": "Kenaikan luar biasa diberikan atas jasa luar biasa dan bisa anumerta."
  },
  {
    "Context": "Jenis-jenis pangkat berdasarkan sifatnya, yaitu: (a) pangkat efektif yang berlaku selama dinas aktif dan membawa dampak administratif penuh; (b) pangkat lokal yang diberikan sementara untuk jabatan tertentu yang memerlukan pangkat lebih tinggi, tanpa dampak administratif; dan (c) pangkat tituler yang diberikan kepada warga sipil yang menjalankan jabatan keprajuritan tertentu, dengan dampak administratif terbatas selama masa jabatannya.",
    "Question": "Apa itu kenaikan pangkat penghargaan?",
    "Answer": "Kenaikan pangkat penghargaan diberikan sebagai apresiasi atas pengabdian prajurit."
  },
  {
    "Context": "Pasal 27 ayat 3 mengatur bahwa susunan, sebutan, dan keselarasan pangkat sebagaimana dimaksud pada ayat (2) akan ditetapkan lebih lanjut oleh Panglima melalui keputusan resmi, sebagai bentuk pengaturan teknis atas sistem kepangkatan dalam TNI.",
    "Question": "Siapa yang berwenang menetapkan susunan pangkat?",
    "Answer": "Panglima TNI menetapkan susunan dan sebutan pangkat."
  },
  {
    "Context": "Jenis-jenis pangkat berdasarkan sifatnya, yaitu: (a) pangkat efektif yang berlaku selama dinas aktif dan membawa dampak administratif penuh; (b) pangkat lokal yang diberikan sementara untuk jabatan tertentu yang memerlukan pangkat lebih tinggi, tanpa dampak administratif; dan (c) pangkat tituler yang diberikan kepada warga sipil yang menjalankan jabatan keprajuritan tertentu, dengan dampak administratif terbatas selama masa jabatannya.",
    "Question": "Apakah warga sipil bisa memiliki pangkat TNI?",
    "Answer": "Warga sipil dapat diberi pangkat tituler saat menjalankan tugas di TNI."
  },
  {
    "Context": "Pasal 27 ayat 3 mengatur bahwa susunan, sebutan, dan keselarasan pangkat sebagaimana dimaksud pada ayat (2) akan ditetapkan lebih lanjut oleh Panglima melalui keputusan resmi, sebagai bentuk pengaturan teknis atas sistem kepangkatan dalam TNI.",
    "Question": "Bagaimana peran Panglima TNI dalam menentukan pangkat?",
    "Answer": "Panglima TNI menetapkan struktur pangkat TNI secara administratif."
  },
  {
    "Context": "Pasal 27 ayat 1 mengatur tentang pemberian pangkat kepada setiap prajurit sebagai bentuk keabsahan terhadap wewenang dan tanggung jawab dalam struktur hierarki keprajuritan. Pangkat ini menjadi legitimasi bagi prajurit dalam melaksanakan tugas dan kewajibannya di lingkungan militer.",
    "Question": "Bagaimana keterkaitan pangkat dengan tugas keprajuritan?",
    "Answer": "Pangkat menentukan otoritas dan tanggung jawab prajurit."
  },
  {
    "Context": "Pasal 27 ayat 1 mengatur tentang pemberian pangkat kepada setiap prajurit sebagai bentuk keabsahan terhadap wewenang dan tanggung jawab dalam struktur hierarki keprajuritan. Pangkat ini menjadi legitimasi bagi prajurit dalam melaksanakan tugas dan kewajibannya di lingkungan militer.",
    "Question": "Mengapa penting bagi seorang prajurit memiliki pangkat dalam struktur militer?",
    "Answer": "Pangkat memastikan kejelasan peran dan wewenang prajurit dalam struktur militer."
  },
  {
    "Context": "Jenis-jenis pangkat berdasarkan sifatnya, yaitu: (a) pangkat efektif yang berlaku selama dinas aktif dan membawa dampak administratif penuh; (b) pangkat lokal yang diberikan sementara untuk jabatan tertentu yang memerlukan pangkat lebih tinggi, tanpa dampak administratif; dan (c) pangkat tituler yang diberikan kepada warga sipil yang menjalankan jabatan keprajuritan tertentu, dengan dampak administratif terbatas selama masa jabatannya.",
    "Question": "Apa yang membedakan antara pemberian pangkat kepada prajurit aktif dan nonaktif?",
    "Answer": "Prajurit aktif mendapat pangkat efektif, sedangkan nonaktif bisa diberi pangkat lokal atau tituler."
  },
  {
    "Context": "Jenis-jenis pangkat berdasarkan sifatnya, yaitu: (a) pangkat efektif yang berlaku selama dinas aktif dan membawa dampak administratif penuh; (b) pangkat lokal yang diberikan sementara untuk jabatan tertentu yang memerlukan pangkat lebih tinggi, tanpa dampak administratif; dan (c) pangkat tituler yang diberikan kepada warga sipil yang menjalankan jabatan keprajuritan tertentu, dengan dampak administratif terbatas selama masa jabatannya.",
    "Question": "Apa syarat kenaikan pangkat TNI?",
    "Answer": "Kenaikan pangkat TNI mencakup pengangkatan pertama usai pendidikan, kenaikan reguler karena masa dinas dan jabatan, serta kenaikan khusus untuk jasa luar biasa atau pengabdian menjelang pensiun."
  },
  {
    "Context": "Secara keseluruhan, Pasal 27 mengatur tentang sistem kepangkatan prajurit TNI yang mencakup pemberian, klasifikasi, dan pengaturan teknis pangkat sebagai dasar keabsahan wewenang dan tanggung jawab militer, demi menjamin ketertiban dan kejelasan struktur organisasi keprajuritan.",
    "Question": "Apa konsekuensi jika pangkat diberikan tanpa mempertimbangkan kualifikasi atau waktu dinas?",
    "Answer": "Pemberian pangkat tanpa mempertimbangkan kualifikasi atau waktu dinas dapat menimbulkan ketidakadilan dalam sistem dan mempengaruhi efektivitas struktur hierarki."
  },
  {
    "Context": "Pasal 27 ayat 2 mengatur jenis-jenis pangkat berdasarkan sifatnya, yaitu: (a) pangkat efektif yang berlaku selama dinas aktif dan membawa dampak administratif penuh; (b) pangkat lokal yang diberikan sementara untuk jabatan tertentu yang memerlukan pangkat lebih tinggi, tanpa dampak administratif; dan (c) pangkat tituler yang diberikan kepada warga sipil yang menjalankan jabatan keprajuritan tertentu, dengan dampak administratif terbatas selama masa jabatannya.",
    "Question": "Mengapa dalam militer terdapat lebih dari satu jenis pangkat?",
    "Answer": "Terdapat tiga jenis pangkat untuk menyesuaikan kebutuhan tugas dan status personel."
  },
  {
    "Context": "Pasal 27 ayat 3 mengatur bahwa susunan, sebutan, dan keselarasan pangkat sebagaimana dimaksud pada ayat (2) akan ditetapkan lebih lanjut oleh Panglima melalui keputusan resmi, sebagai bentuk pengaturan teknis atas sistem kepangkatan dalam TNI.",
    "Question": "Apa peran keputusan Panglima TNI dalam pengaturan pangkat?",
    "Answer": "Panglima TNI menetapkan struktur pangkat sesuai kebutuhan dan keselarasan militer."
  }
]