[
  {
    "Context": "Berdasarkan Pasal 32 ayat (1), tamtama dibentuk melalui pendidikan pertama tamtama yang langsung dari masyarakat. Ini menunjukkan bahwa rekrutmen tamtama dilakukan langsung dari warga sipil yang kemudian mengikuti pendidikan dasar untuk menjadi prajurit tingkat dasar.",
    "Question": "Apa isi Pasal 32 ayat 1 UU TNI?",
    "Answer": "Tamtama dibentuk melalui pendidikan pertama tamtama yang langsung direkrut dari masyarakat."
  },
  {
    "Context": "Berdasarkan Pasal 32 ayat (2), pendidikan tamtama sebagaimana dimaksud pada ayat (1) diatur lebih lanjut dengan keputusan Panglima. Ini menunjukkan bahwa detail teknis pelaksanaan pendidikan tamtama merupakan kewenangan Panglima TNI.",
    "Question": "Apa isi Pasal 32 ayat 2 UU TNI?",
    "Answer": "Pendidikan tamtama diatur lebih lanjut dengan keputusan Panglima TNI."
  },
  {
    "Context": "Tamtama dibentuk melalui pendidikan pertama tamtama yang langsung dari masyarakat. Ini menunjukkan bahwa rekrutmen tamtama dilakukan langsung dari warga sipil yang kemudian mengikuti pendidikan dasar untuk menjadi prajurit tingkat dasar.",
    "Question": "Apa yang dimaksud dengan tamtama dalam konteks UU TNI?",
    "Answer": "Tamtama adalah tingkatan dasar prajurit dalam hierarki TNI yang direkrut langsung dari masyarakat."
  },
  {
    "Context": "Tamtama dibentuk melalui pendidikan pertama tamtama yang langsung dari masyarakat. Ini menunjukkan bahwa rekrutmen tamtama dilakukan langsung dari warga sipil yang kemudian mengikuti pendidikan dasar untuk menjadi prajurit tingkat dasar.",
    "Question": "Bagaimana proses pembentukan tamtama menurut UU TNI?",
    "Answer": "Tamtama dibentuk melalui pendidikan pertama dengan rekrutmen langsung dari masyarakat dan pelaksanaannya diatur oleh Panglima."
  },
  {
    "Context": "Pendidikan tamtama sebagaimana dimaksud pada ayat (1) diatur lebih lanjut dengan keputusan Panglima. Ini menunjukkan bahwa detail teknis pelaksanaan pendidikan tamtama merupakan kewenangan Panglima TNI.",
    "Question": "Siapa yang mengatur pendidikan tamtama sesuai UU TNI?",
    "Answer": "Panglima TNI mengatur pendidikan tamtama melalui keputusannya."
  },
  {
    "Context": "Berdasarkan isi Pasal 32, ayat (1) menetapkan prinsip dasar pembentukan tamtama melalui pendidikan pertama dengan rekrutmen langsung dari masyarakat, sedangkan ayat (2) menentukan pihak yang berwenang mengatur teknis pelaksanaannya, yaitu Panglima TNI. Keduanya saling melengkapi dalam membentuk kerangka pengaturan pendidikan tamtama.",
    "Question": "Bagaimana hubungan antara ayat (1) dan ayat (2) dalam Pasal 32?",
    "Answer": "Ayat (1) menetapkan prinsip pembentukan tamtama, sementara ayat (2) mendelegasikan pengaturan teknisnya kepada Panglima TNI."
  },
  {
    "Context": "Pendidikan tamtama sebagaimana dimaksud pada ayat (1) diatur lebih lanjut dengan keputusan Panglima. Ini menunjukkan bahwa detail teknis pelaksanaan pendidikan tamtama merupakan kewenangan Panglima TNI.",
    "Question": "Bagaimana fleksibilitas pengaturan pendidikan tamtama dalam UU TNI?",
    "Answer": "Fleksibilitas terwujud melalui pendelegasian pengaturan kepada Panglima yang dapat menyesuaikan dengan kebutuhan organisasi."
  },
  {
    "Context": "Pendidikan tamtama sebagaimana dimaksud pada ayat (1) diatur lebih lanjut dengan keputusan Panglima. Ini menunjukkan bahwa detail teknis pelaksanaan pendidikan tamtama merupakan kewenangan Panglima TNI.",
    "Question": "Apa implikasi pendelegasian pengaturan pendidikan tamtama kepada Panglima?",
    "Answer": "Pendelegasian memungkinkan penyesuaian pendidikan dengan kebutuhan operasional dan memperkuat komando terpusat."
  },
  {
    "Context": "Berdasarkan Pasal 32 ayat (1) dan (2), pengaturan tentang pembentukan tamtama mencerminkan struktur hierarkis TNI, dimana tamtama merupakan jenjang dasar dan pendidikannya berada di bawah kendali Panglima sebagai pemegang otoritas tertinggi.",
    "Question": "Apa keterkaitan antara Pasal 32 dengan struktur organisasi TNI?",
    "Answer": "Pasal ini mencerminkan struktur hierarkis TNI dengan tamtama sebagai jenjang dasar dan Panglima sebagai otoritas tertinggi."
  },
  {
    "Context": "Tamtama dibentuk melalui pendidikan pertama tamtama yang langsung dari masyarakat. Ini menunjukkan bahwa rekrutmen tamtama dilakukan langsung dari warga sipil yang kemudian mengikuti pendidikan dasar untuk menjadi prajurit tingkat dasar.",
    "Question": "Bagaimana keterkaitan pendidikan tamtama dengan jenjang karier dalam TNI?",
    "Answer": "Pendidikan tamtama adalah pintu masuk awal jenjang karier militer bagi masyarakat yang ingin bergabung dengan TNI."
  }
]