[
  {
    "Context": "Berdasarkan Pasal 49, setiap prajurit TNI berhak memperoleh penghasilan yang layak yang seluruhnya dibiayai dari anggaran pertahanan negara yang bersumber dari APBN. Ini menjamin kesejahteraan prajurit sebagai bagian dari pertahanan negara.",
    "Question": "Apa isi Pasal 49 UU TNI?",
    "Answer": "Setiap prajurit berhak penghasilan layak yang dibiayai penuh dari anggaran pertahanan negara melalui APBN."
  },
  {
    "Context": "Setiap prajurit berhak penghasilan layak yang dibiayai penuh dari anggaran pertahanan negara melalui APBN.",
    "Question": "Dari mana sumber pembiayaan penghasilan prajurit TNI?",
    "Answer": "Seluruhnya dari anggaran pertahanan negara melalui APBN."
  },
  {
    "Context": "Setiap prajurit berhak penghasilan layak yang dibiayai penuh dari anggaran pertahanan negara melalui APBN.",
    "Question": "Apa makna \"penghasilan yang layak\" dalam pasal ini?",
    "Answer": "Imbalan yang memadai sesuai pengabdian dan tanggung jawab prajurit."
  },
  {
    "Context": "Setiap prajurit berhak penghasilan layak yang dibiayai penuh dari anggaran pertahanan negara melalui APBN.",
    "Question": "Mengapa penghasilan prajurit harus dibiayai dari APBN?",
    "Answer": "Sebagai bentuk komitmen negara terhadap kesejahteraan prajurit."
  },
  {
    "Context": "Setiap prajurit berhak penghasilan layak yang dibiayai penuh dari anggaran pertahanan negara melalui APBN.",
    "Question": "Apakah penghasilan prajurit boleh bersumber dari luar APBN?",
    "Answer": "Tidak, harus seluruhnya dari APBN."
  },
  {
    "Context": "Setiap prajurit berhak penghasilan layak yang dibiayai penuh dari anggaran pertahanan negara melalui APBN.",
    "Question": "Bagaimana hubungan pasal ini dengan kesejahteraan prajurit?",
    "Answer": "Dasar hukum sistem remunerasi untuk jamin kesejahteraan prajurit."
  },
  {
    "Context": "Setiap prajurit berhak penghasilan layak yang dibiayai penuh dari anggaran pertahanan negara melalui APBN.",
    "Question": "Apa implikasi frasa \"seluruhnya dari anggaran pertahanan\"?",
    "Answer": "Penghasilan harus murni dari APBN sektor pertahanan."
  },
  {
    "Context": "Setiap prajurit berhak penghasilan layak yang dibiayai penuh dari anggaran pertahanan negara melalui APBN.",
    "Question": "Bagaimana sistem penggajian prajurit diatur lebih lanjut?",
    "Answer": "Diatur dalam peraturan tersendiri sesuai prinsip pasal ini."
  },
  {
    "Context": "Setiap prajurit berhak penghasilan layak yang dibiayai penuh dari anggaran pertahanan negara melalui APBN.",
    "Question": "Apakah tunjangan termasuk dalam \"penghasilan\" dalam pasal ini?",
    "Answer": "Ya, termasuk gaji pokok dan tunjangan."
  },
  {
    "Context": "Setiap prajurit berhak penghasilan layak yang dibiayai penuh dari anggaran pertahanan negara melalui APBN.",
    "Question": "Bagaimana posisi pasal ini dalam sistem penggajian ASN?",
    "Answer": "Terpisah dari ASN umum dengan karakteristik khusus."
  },
  {
    "Context": "Setiap prajurit berhak penghasilan layak yang dibiayai penuh dari anggaran pertahanan negara melalui APBN.",
    "Question": "Apa konsekuensi jika pembiayaan tidak dari APBN?",
    "Answer": "Bertentangan dengan UU dan ancam profesionalisme TNI."
  },
  {
    "Context": "Setiap prajurit berhak penghasilan layak yang dibiayai penuh dari anggaran pertahanan negara melalui APBN.",
    "Question": "Bagaimana mekanisme penyesuaian penghasilan prajurit?",
    "Answer": "Melalui mekanisme APBN dengan usulan Kemhan."
  },
  {
    "Context": "Setiap prajurit berhak penghasilan layak yang dibiayai penuh dari anggaran pertahanan negara melalui APBN.",
    "Question": "Apakah pensiunan termasuk dalam cakupan pasal ini?",
    "Answer": "Tidak, pensiunan diatur dalam ketentuan tersendiri."
  },
  {
    "Context": "Setiap prajurit berhak penghasilan layak yang dibiayai penuh dari anggaran pertahanan negara melalui APBN.",
    "Question": "Bagaimana pengaturan gaji prajurit siswa?",
    "Answer": "Berhak penghasilan layak dalam bentuk yang sesuai."
  },
  {
    "Context": "Setiap prajurit berhak penghasilan layak yang dibiayai penuh dari anggaran pertahanan negara melalui APBN.",
    "Question": "Apa hubungan pasal ini dengan profesionalisme TNI?",
    "Answer": "Penghasilan layak mendukung profesionalisme prajurit."
  },
  {
    "Context": "Setiap prajurit berhak penghasilan layak yang dibiayai penuh dari anggaran pertahanan negara melalui APBN.",
    "Question": "Bagaimana implementasi pasal ini di daerah terpencil?",
    "Answer": "Tetap dibiayai APBN dengan kemungkinan tunjangan khusus."
  },
  {
    "Context": "Setiap prajurit berhak penghasilan layak yang dibiayai penuh dari anggaran pertahanan negara melalui APBN.",
    "Question": "Apakah ada sanksi jika hak ini tidak dipenuhi?",
    "Answer": "Dapat diajukan melalui mekanisme internal dan pengaduan ke DPR."
  },
  {
    "Context": "Setiap prajurit berhak penghasilan layak yang dibiayai penuh dari anggaran pertahanan negara melalui APBN.",
    "Question": "Bagaimana transparansi penggunaan anggaran untuk penghasilan?",
    "Answer": "Melalui pertanggungjawaban APBN yang diawasi DPR dan BPK."
  },
  {
    "Context": "Setiap prajurit berhak penghasilan layak yang dibiayai penuh dari anggaran pertahanan negara melalui APBN.",
    "Question": "Apa perbedaan penghasilan prajurit dan PNS di lingkungan TNI?",
    "Answer": "Prajurit dari anggaran pertahanan, PNS dari anggaran kepegawaian umum."
  },
  {
    "Context": "Setiap prajurit berhak penghasilan layak yang dibiayai penuh dari anggaran pertahanan negara melalui APBN.",
    "Question": "Bagaimana pasal 49 mendukung efektivitas pertahanan?",
    "Answer": "Dengan memastikan kesejahteraan prajurit untuk fokus pada tugas."
  }
]