[
  {
    "Context": "Berdasarkan Pasal 41 ayat (1), setiap prajurit berhak memperoleh kesempatan pengembangan kemampuan melalui pendidikan dan penugasan, dengan mempertimbangkan kepentingan TNI dan memenuhi persyaratan yang ditentukan. Ini menunjukkan komitmen pengembangan SDM prajurit secara berkelanjutan.",
    "Question": "Apa isi Pasal 41 ayat (1) UU TNI?",
    "Answer": "Setiap prajurit berhak mendapat kesempatan pengembangan kemampuan melalui pendidikan dan penugasan sesuai kebutuhan TNI dan persyaratan yang berlaku."
  },
  {
    "Context": "Berdasarkan Pasal 41 ayat (2), ketentuan lebih lanjut mengenai mekanisme pengembangan kemampuan prajurit sebagaimana dimaksud dalam ayat (1) diatur dengan keputusan Panglima TNI. Ini memberikan kewenangan regulasi teknis kepada pimpinan tertinggi TNI.",
    "Question": "Apa isi Pasal 41 ayat (2) UU TNI?",
    "Answer": "Detail pelaksanaan mekanisme pengembangan kemampuan prajurit diatur melalui keputusan Panglima TNI."
  },
  {
    "Context": "Setiap prajurit berhak mendapat kesempatan pengembangan kemampuan melalui pendidikan dan penugasan sesuai kebutuhan TNI dan persyaratan yang berlaku.",
    "Question": "Apa bentuk pengembangan kemampuan prajurit yang dijamin UU?",
    "Answer": "Pendidikan dan penugasan yang sesuai kebutuhan TNI."
  },
  {
    "Context": "Detail pelaksanaan mekanisme pengembangan kemampuan prajurit diatur melalui keputusan Panglima TNI.",
    "Question": "Siapa yang berwenang mengatur mekanisme pengembangan prajurit?",
    "Answer": "Panglima TNI melalui keputusan resmi."
  },
  {
    "Context": "Setiap prajurit berhak mendapat kesempatan pengembangan kemampuan melalui pendidikan dan penugasan sesuai kebutuhan TNI dan persyaratan yang berlaku.",
    "Question": "Apa kriteria pengembangan kemampuan prajurit menurut UU?",
    "Answer": "Mempertimbangkan kepentingan TNI dan memenuhi persyaratan yang ditetapkan."
  },
  {
    "Context": "Setiap prajurit berhak mendapat kesempatan pengembangan kemampuan melalui pendidikan dan penugasan sesuai kebutuhan TNI dan persyaratan yang berlaku.",
    "Question": "Mengapa pendidikan menjadi hak prajurit dalam UU?",
    "Answer": "Untuk menjamin pengembangan profesionalisme prajurit."
  },
  {
    "Context": "Setiap prajurit berhak mendapat kesempatan pengembangan kemampuan melalui pendidikan dan penugasan sesuai kebutuhan TNI dan persyaratan yang berlaku.",
    "Question": "Apa perbedaan \"pendidikan\" dan \"penugasan\" dalam konteks pengembangan?",
    "Answer": "Pendidikan untuk pengetahuan teoritis, penugasan untuk pengalaman praktis."
  },
  {
    "Context": "Setiap prajurit berhak mendapat kesempatan pengembangan kemampuan melalui pendidikan dan penugasan sesuai kebutuhan TNI dan persyaratan yang berlaku.",
    "Question": "Bagaimana prinsip meritokrasi diterapkan dalam pasal ini?",
    "Answer": "Dengan mensyaratkan pemenuhan kualifikasi tertentu sebelum mendapat kesempatan pengembangan."
  },
  {
    "Context": "Setiap prajurit berhak mendapat kesempatan pengembangan kemampuan melalui pendidikan dan penugasan sesuai kebutuhan TNI dan persyaratan yang berlaku.",
    "Question": "Apakah semua prajurit berhak mendapatkan pendidikan yang sama?",
    "Answer": "Tidak, disesuaikan dengan kebutuhan TNI dan kemampuan masing-masing prajurit."
  },
  {
    "Context": "Detail pelaksanaan mekanisme pengembangan kemampuan prajurit diatur melalui keputusan Panglima TNI.",
    "Question": "Bagaimana mekanisme penentuan prioritas penugasan pengembangan?",
    "Answer": "Diatur dalam keputusan Panglima berdasarkan kebutuhan institusi."
  },
  {
    "Context": "Setiap prajurit berhak mendapat kesempatan pengembangan kemampuan melalui pendidikan dan penugasan sesuai kebutuhan TNI dan persyaratan yang berlaku.",
    "Question": "Apa konsekuensi hukum jika hak pengembangan tidak diberikan?",
    "Answer": "Dapat diajukan pengaduan meskipun tidak diatur sanksi eksplisit."
  },
  {
    "Context": "Setiap prajurit berhak mendapat kesempatan pengembangan kemampuan melalui pendidikan dan penugasan sesuai kebutuhan TNI dan persyaratan yang berlaku.",
    "Question": "Bagaimana hubungan antara pengembangan prajurit dengan profesionalisme TNI?",
    "Answer": "Merupakan instrumen strategis peningkatan profesionalisme."
  },
  {
    "Context": "Setiap prajurit berhak mendapat kesempatan pengembangan kemampuan melalui pendidikan dan penugasan sesuai kebutuhan TNI dan persyaratan yang berlaku.",
    "Question": "Apakah pendidikan pengembangan dibatasi jenjang karir tertentu?",
    "Answer": "Tidak dibatasi secara eksplisit, tetapi implementasi mungkin diklasifikasi."
  },
  {
    "Context": "Setiap prajurit berhak mendapat kesempatan pengembangan kemampuan melalui pendidikan dan penugasan sesuai kebutuhan TNI dan persyaratan yang berlaku.",
    "Question": "Bagaimana bentuk penugasan sebagai pengembangan kemampuan?",
    "Answer": "Berupa rotasi jabatan, tugas khusus, atau penempatan strategis."
  },
  {
    "Context": "Setiap prajurit berhak mendapat kesempatan pengembangan kemampuan melalui pendidikan dan penugasan sesuai kebutuhan TNI dan persyaratan yang berlaku.",
    "Question": "Apa dasar hukum program pendidikan lanjutan prajurit?",
    "Answer": "Termasuk dalam pengembangan kemampuan yang dijamin Pasal 41."
  },
  {
    "Context": "Detail pelaksanaan mekanisme pengembangan kemampuan prajurit diatur melalui keputusan Panglima TNI.",
    "Question": "Bagaimana pengaturan pendidikan kerjasama dengan pihak luar?",
    "Answer": "Harus mengacu pada ketentuan yang diatur Panglima."
  },
  {
    "Context": "Setiap prajurit berhak mendapat kesempatan pengembangan kemampuan melalui pendidikan dan penugasan sesuai kebutuhan TNI dan persyaratan yang berlaku.",
    "Question": "Apa peran persyaratan dalam pengembangan kemampuan prajurit?",
    "Answer": "Sebagai filter seleksi prajurit yang berhak mendapat pengembangan."
  },
  {
    "Context": "Setiap prajurit berhak mendapat kesempatan pengembangan kemampuan melalui pendidikan dan penugasan sesuai kebutuhan TNI dan persyaratan yang berlaku.",
    "Question": "Bagaimana pengembangan prajurit siswa diatur dalam pasal ini?",
    "Answer": "Termasuk dalam cakupan pasal dengan pengaturan khusus oleh Panglima."
  },
  {
    "Context": "Setiap prajurit berhak mendapat kesempatan pengembangan kemampuan melalui pendidikan dan penugasan sesuai kebutuhan TNI dan persyaratan yang berlaku.",
    "Question": "Apa pertimbangan utama dalam penentuan program pengembangan?",
    "Answer": "Kepentingan TNI sebagai institusi pertahanan."
  },
  {
    "Context": "Setiap prajurit berhak mendapat kesempatan pengembangan kemampuan melalui pendidikan dan penugasan sesuai kebutuhan TNI dan persyaratan yang berlaku.",
    "Question": "Bagaimana implementasi prinsip keadilan dalam pasal ini?",
    "Answer": "Melalui kesempatan sama yang mempertimbangkan faktor objektif."
  }
]