[
  {
    "Context": "Berdasarkan Pasal 34 ayat (1), setiap pelantikan menjadi prajurit wajib disertai dengan pengucapan Sumpah Prajurit. Ini menegaskan bahwa sumpah merupakan bagian integral dari proses resmi menjadi anggota TNI.",
    "Question": "Apa isi Pasal 34 ayat (1) UU TNI?",
    "Answer": "Pelantikan prajurit wajib disertai pengucapan Sumpah Prajurit."
  },
  {
    "Context": "Berdasarkan Pasal 34 ayat (2), pelantikan prajurit golongan perwira selain mengucapkan Sumpah Prajurit, juga harus mengucapkan Sumpah Perwira. Ini menunjukkan adanya tambahan kewajiban untuk jenjang perwira.",
    "Question": "Apa isi Pasal 34 ayat (2) UU TNI?",
    "Answer": "Perwira mengucapkan Sumpah Prajurit dan Sumpah Perwira saat dilantik."
  },
  {
    "Context": "Berdasarkan Pasal 34 ayat (3), Ketentuan mengenai tata cara pelantikan dan pengambilan sumpah sebagaimana dimaksud pada ayat (1) dan ayat (2), diatur lebih lanjut dengan keputusan Panglima. ",
    "Question": "Apa isi Pasal 34 ayat (3) UU TNI?",
    "Answer": "Tata cara pelantikan dan pengambilan sumpah diatur lebih lanjut dengan keputusan Panglima"
  },
  {
    "Context": "Semua prajurit mengucapkan Sumpah Prajurit, tetapi hanya perwira yang tambah mengucapkan Sumpah Perwira. Ini mencerminkan strata tanggung jawab berbeda.",
    "Question": "Apa perbedaan sumpah yang diucapkan perwira dan non-perwira?",
    "Answer": "Perwira mengucapkan dua sumpah, non-perwira hanya satu."
  },
  {
    "Context": "Tata cara pelantikan dan pengambilan sumpah diatur lebih lanjut dengan keputusan Panglima",
    "Question": "Siapa yang mengatur tata cara pelantikan prajurit?",
    "Answer": "Panglima TNI mengatur tata cara pelantikan."
  },
  {
    "Context": "Berdasarkan Pasal 34 ayat (1) dan (3), UU hanya menyebutkan kewajiban pengucapan sumpah, tetapi teks dan prosedurnya diatur dalam keputusan Panglima.",
    "Question": "Apakah UU TNI menjelaskan teks Sumpah Prajurit secara rinci?",
    "Answer": "Tidak, teks sumpah diatur dalam keputusan Panglima."
  },
  {
    "Context": "Perwira mengucapkan Sumpah Prajurit dan Sumpah Perwira saat dilantik.",
    "Question": "Mengapa perwira memiliki sumpah tambahan?",
    "Answer": "Karena perwira memikul tanggung jawab kepemimpinan lebih tinggi."
  },
  {
    "Context": "Tata cara pelantikan dan pengambilan sumpah diatur lebih lanjut dengan keputusan Panglima",
    "Question": "Apakah sumpah prajurit sama untuk semua matra (AD, AL, AU)?",
    "Answer": "UU tidak mengatur perbedaan, kemungkinan diatur Panglima."
  },
  {
    "Context": "Tata cara pelantikan dan pengambilan sumpah diatur lebih lanjut dengan keputusan Panglima",
    "Question": "Bisakah tata cara pelantikan diubah tanpa revisi UU?",
    "Answer": "Ya, cukup melalui keputusan Panglima."
  },
  {
    "Context": "Berdasarkan Pasal 34 ayat (1) dan (3), pelantikan tamtama wajib melibatkan Sumpah Prajurit, dengan tata cara mengacu pada keputusan Panglima.",
    "Question": "Apa dasar hukum pelantikan prajurit tamtama?",
    "Answer": "Dasar hukumnya Pasal 34 ayat (1) dan keputusan Panglima."
  },
  {
    "Context": "Perwira mengucapkan Sumpah Prajurit dan Sumpah Perwira saat dilantik.",
    "Question": "Apakah Sumpah Perwira berlaku untuk bintara?",
    "Answer": "Tidak, hanya untuk perwira."
  },
  {
    "Context": "Berdasarkan Pasal 34 ayat (1) dan (2), pengucapan sumpah bersifat wajib. Pelanggaran kemungkinan diatur dalam keputusan Panglima atau aturan disiplin TNI.",
    "Question": "Bagaimana jika prajurit tidak mengucapkan sumpah saat pelantikan?",
    "Answer": "Pelantikan tidak sah jika tanpa sumpah."
  },
  {
    "Context": "Tata cara pelantikan dan pengambilan sumpah diatur lebih lanjut dengan keputusan Panglima",
    "Question": "Apakah ada perbedaan waktu pelantikan perwira dan tamtama?",
    "Answer": "Tidak diatur dalam UU, mungkin dalam keputusan Panglima."
  },
  {
    "Context": "Tata cara pelantikan dan pengambilan sumpah diatur lebih lanjut dengan keputusan Panglima",
    "Question": "Mengapa Panglima yang mengatur tata cara pelantikan?",
    "Answer": "Untuk menyesuaikan dengan kebutuhan organisasi TNI."
  },
  {
    "Context": "Berdasarkan Pasal 34 ayat (1), sumpah prajurit merupakan kewajiban hukum yang tercantum dalam UU, sehingga memiliki kekuatan mengikat.",
    "Question": "Apakah sumpah prajurit bersifat mengikat secara hukum?",
    "Answer": "Ya, sumpah prajurit mengikat secara hukum."
  },
  {
    "Context": "Tata cara pelantikan dan pengambilan sumpah diatur lebih lanjut dengan keputusan Panglima",
    "Question": "Bisakah sumpah prajurit diucapkan secara tertulis?",
    "Answer": "Tidak diatur dalam UU, mungkin harus lisan."
  },
  {
    "Context": "Berdasarkan Pasal 34 ayat (2), Sumpah Perwira mengikat perwira pada tanggung jawab tambahan yang diatur dalam peraturan TNI turunan.",
    "Question": "Apa konsekuensi hukum Sumpah Perwira?",
    "Answer": "Perwira terikat pada kewajiban khusus sesuai sumpah."
  },
  {
    "Context": "Tata cara pelantikan dan pengambilan sumpah diatur lebih lanjut dengan keputusan Panglima",
    "Question": "Apakah UU menetapkan sanksi jika pelantikan tidak sesuai prosedur?",
    "Answer": "Tidak, sanksi diatur dalam keputusan Panglima."
  },
  {
    "Context": "Berdasarkan Pasal 34 ayat (2) dan (3), UU hanya mewajibkan sumpah, tetapi tata cara upacara diatur Panglima.",
    "Question": "Apakah ada upacara khusus untuk pelantikan perwira?",
    "Answer": "UU tidak mengatur, mungkin ada dalam keputusan Panglima."
  },
  {
    "Context": "Tata cara pelantikan dan pengambilan sumpah diatur lebih lanjut dengan keputusan Panglima",
    "Question": "Bagaimana status hukum pelantikan tanpa keputusan Panglima?",
    "Answer": "Pelantikan harus sesuai keputusan Panglima."
  }
]