[
  {
    "Context": "Berdasarkan Pasal 40 ayat (1), setiap prajurit wajib menggunakan pakaian seragam, atribut, perlengkapan, dan peralatan militer sesuai dengan tuntutan tugasnya. Ini menunjukkan standarisasi penampilan dan peralatan prajurit sebagai bagian dari disiplin militer.",
    "Question": "Apa isi Pasal 40 ayat (1) UU TNI?",
    "Answer": "Prajurit wajib menggunakan seragam, atribut, dan peralatan militer sesuai tuntutan tugas."
  },
  {
    "Context": "Berdasarkan Pasal 40 ayat (2), ketentuan lebih lanjut mengenai penggunaan seragam dan peralatan militer sebagaimana dimaksud dalam ayat (1) diatur dengan keputusan Panglima TNI. Ini memberikan kewenangan regulasi teknis kepada pimpinan tertinggi TNI.",
    "Question": "Apa isi Pasal 40 ayat (2) UU TNI?",
    "Answer": "Detail pelaksanaan diatur melalui keputusan Panglima TNI."
  },
  {
    "Context": "Berdasarkan Penjelasan Pasal 40 ayat (1), perlengkapan dan peralatan militer mencakup perlengkapan perorangan (untuk prajurit individu) dan perlengkapan satuan (untuk kesatuan). Ini menunjukkan cakupan peralatan dari level personal hingga unit.",
    "Question": "Bagaimana UU mendefinisikan perlengkapan militer?",
    "Answer": "Perlengkapan perorangan dan satuan yang digunakan prajurit."
  },
  {
    "Context": "Detail pelaksanaan diatur melalui keputusan Panglima TNI.",
    "Question": "Siapa yang berwenang mengatur detail penggunaan seragam TNI?",
    "Answer": "Panglima TNI melalui keputusan resmi."
  },
  {
    "Context": "Berdasarkan Pasal 40 ayat (1) dan sistem disiplin militer, pelanggaran terhadap ketentuan seragam dapat dikenai sanksi administratif/disiplin meskipun pasal ini tidak menyebutkan sanksi spesifik.",
    "Question": "Apa konsekuensi jika prajurit tidak menggunakan atribut sesuai ketentuan?",
    "Answer": "Dapat dikenai sanksi disiplin meskipun tidak diatur rinci dalam pasal ini."
  },
  {
    "Context": "Berdasarkan Pasal 40 ayat (1) frasa \"sesuai tuntutan tugas\", dapat diinterpretasikan bahwa jenis seragam dapat bervariasi tergantung jenis operasi, dengan detailnya diatur dalam keputusan Panglima (ayat 2).",
    "Question": "Apakah penggunaan seragam berbeda untuk operasi militer?",
    "Answer": "Ya, disesuaikan dengan jenis operasi berdasarkan keputusan Panglima."
  },
  {
    "Context": "Berdasarkan Penjelasan Pasal 40 ayat (1) tentang atribut, tanda jasa memiliki dasar hukum yang kuat sebagai bagian identitas resmi prajurit yang wajib digunakan sesuai ketentuan.",
    "Question": "Bagaimana status hukum tanda jasa dalam atribut prajurit?",
    "Answer": "Merupakan bagian resmi atribut prajurit yang diatur UU."
  },
  {
    "Context": "Berdasarkan Penjelasan Pasal 40 ayat (1), perlengkapan perorangan untuk prajurit individu (seperti senjata personal), sedangkan perlengkapan satuan untuk unit (seperti kendaraan tempur). Detailnya diatur Panglima (ayat 2).",
    "Question": "Apa perbedaan perlengkapan perorangan dan satuan?",
    "Answer": "Perorangan untuk individu prajurit, satuan untuk kesatuan/unit."
  },
  {
    "Context": "Berdasarkan Pasal 40 ayat (1) frasa \"sesuai tuntutan tugas\", penggunaan di luar konteks tugas resmi mungkin dibatasi, namun perlu merujuk keputusan Panglima (ayat 2) untuk pengecualian.",
    "Question": "Apakah seragam TNI boleh digunakan untuk kegiatan non-militer?",
    "Answer": "Hanya untuk kepentingan tugas, kecuali diatur lain oleh Panglima."
  },
  {
    "Context": "Berdasarkan Pasal 40 ayat (2), perubahan desain harus melalui keputusan resmi Panglima TNI sebagai implementasi dari kewenangan regulasi yang diberikan UU.",
    "Question": "Bagaimana mekanisme perubahan desain seragam TNI?",
    "Answer": "Melalui keputusan resmi Panglima TNI."
  },
  {
    "Context": "Berdasarkan Penjelasan Pasal 40 ayat (1), tanda kecakapan merupakan bagian dari atribut yang menunjukkan spesialisasi atau kualifikasi khusus yang dimiliki seorang prajurit.",
    "Question": "Apa fungsi atribut tanda kecakapan prajurit?",
    "Answer": "Menunjukkan spesialisasi atau kualifikasi khusus prajurit."
  },
  {
    "Context": "Berdasarkan Pasal 40 ayat (1) dan (2), prinsip dasarnya sama (kesesuaian dengan tugas), namun perbedaan matra (darat, laut, udara) akan diatur detailnya dalam keputusan Panglima.",
    "Question": "Apakah ketentuan seragam sama untuk semua matra TNI?",
    "Answer": "Prinsip sama, tetapi detail berbeda sesuai matra diatur Panglima."
  },
  {
    "Context": "Berdasarkan Pasal 40 ayat (1), semua peralatan harus \"sesuai tuntutan tugas\" yang mengindikasikan tidak diperkenankannya peralatan di luar standar resmi, kecuali diatur dalam keputusan Panglima (ayat 2).",
    "Question": "Bagaimana UU mengatur penggunaan peralatan militer pribadi?",
    "Answer": "Harus sesuai standar resmi yang ditetapkan."
  },
  {
    "Context": "Berdasarkan Pasal 40 ayat (1) dan (2), seragam misi internasional tetap mengikuti prinsip \"sesuai tuntutan tugas\" dengan detail diatur Panglima, mungkin menyesuaikan standar PBB.",
    "Question": "Bagaimana pengaturan seragam dalam misi perdamaian internasional?",
    "Answer": "Prinsip sesuai tugas, detail diatur Panglima dengan penyesuaian standar internasional."
  },
  {
    "Context": "Berdasarkan Pasal 40 ayat (1), ketentuan seragam yang baku merupakan manifestasi nyata dari disiplin militer melalui keseragaman penampilan dan peralatan sesuai standar profesional.",
    "Question": "Apa hubungan antara disiplin militer dengan ketentuan seragam?",
    "Answer": "Kesesuaian seragam merupakan bagian integral dari disiplin militer."
  }
]