[
  {
    "Context": "Berdasarkan Pasal 50 ayat (1), prajurit dan prajurit siswa memperoleh kebutuhan dasar prajurit yang meliputi: a) perlengkapan perseorangan; dan b) pakaian seragam dinas. Ini menjamin kelengkapan standar bagi setiap anggota TNI.",
    "Question": "Apa isi Pasal 50 ayat (1) UU TNI?",
    "Answer": "Perlengkapan perseorangan dan pakaian seragam dinas."
  },
  {
    "Context": "Berdasarkan Pasal 50 ayat (2), prajurit dan prajurit siswa memperoleh rawatan dan layanan kedinasan meliputi 9 jenis (a-i) mulai dari penghasilan hingga asuransi penugasan operasi militer.",
    "Question": "Apa isi Pasal 50 ayat (2) UU TNI?",
    "Answer": "9 jenis layanan termasuk penghasilan, kesehatan, dan asuransi."
  },
  {
    "Context": "Berdasarkan Pasal 50 ayat (3), keluarga prajurit memperoleh rawatan kedinasan meliputi: a) rawatan kesehatan; b) pembinaan mental dan pelayanan keagamaan; c) bantuan hukum. Ini menunjukkan perhatian pada kesejahteraan keluarga prajurit.",
    "Question": "Apa isi Pasal 50 ayat (3) UU TNI?",
    "Answer": "Rawatan kesehatan, pembinaan mental, dan bantuan hukum."
  },
  {
    "Context": "Berdasarkan Pasal 50 ayat (4), penghasilan layak prajurit aktif terdiri dari 6 komponen (a-f) mulai dari gaji pokok hingga uang lauk paku/natura yang diberikan rutin setiap bulan.",
    "Question": "Apa isi Pasal 50 ayat (4) UU TNI?",
    "Answer": "6 komponen penghasilan bulanan termasuk gaji pokok dan tunjangan."
  },
  {
    "Context": "Berdasarkan Pasal 50 ayat (5), ketentuan lebih lanjut tentang implementasi ayat (1)-(4) diatur dengan Peraturan Pemerintah. Ini memberikan payung hukum operasional.",
    "Question": "Apa isi Pasal 50 ayat (5) UU TNI?",
    "Answer": "Detail implementasi diatur dalam Peraturan Pemerintah."
  },
  {
    "Context": "Prajurit dan prajurit siswa memperoleh kebutuhan dasar prajurit yang meliputi: a) perlengkapan perseorangan; dan b) pakaian seragam dinas. Ini menjamin kelengkapan standar bagi setiap anggota TNI.",
    "Question": "Apa saja komponen kebutuhan dasar prajurit?",
    "Answer": "Perlengkapan pribadi dan seragam dinas."
  },
  {
    "Context": "Prajurit dan prajurit siswa memperoleh rawatan dan layanan kedinasan meliputi 9 jenis (a-i) mulai dari penghasilan hingga asuransi penugasan operasi militer.",
    "Question": "Jenis asuransi apa yang didapat prajurit?",
    "Answer": "Asuransi kesehatan, jiwa, dan operasi militer."
  },
  {
    "Context": "Prajurit dan prajurit siswa memperoleh rawatan dan layanan kedinasan meliputi 9 jenis (a-i) mulai dari penghasilan hingga asuransi penugasan operasi militer.",
    "Question": "Apa saja komponen rawatan kesehatan prajurit?",
    "Answer": "Rawatan kesehatan untuk prajurit dan keluarga."
  },
  {
    "Context": "Penghasilan layak prajurit aktif terdiri dari 6 komponen (a-f) mulai dari gaji pokok hingga uang lauk paku/natura yang diberikan rutin setiap bulan.",
    "Question": "Bagaimana struktur penghasilan bulanan prajurit?",
    "Answer": "Gaji pokok plus 5 tunjangan berbeda."
  },
  {
    "Context": "Keluarga prajurit memperoleh rawatan kedinasan meliputi: a) rawatan kesehatan; b) pembinaan mental dan pelayanan keagamaan; c) bantuan hukum. Ini menunjukkan perhatian pada kesejahteraan keluarga prajurit.",
    "Question": "Apa hak keluarga prajurit menurut UU?",
    "Answer": "Kesehatan, pembinaan mental/agama, dan bantuan hukum."
  },
  {
    "Context": "Ketentuan lebih lanjut tentang implementasi ayat (1)-(4) diatur dengan Peraturan Pemerintah. Ini memberikan payung hukum operasional.",
    "Question": "Mengapa perlu Peraturan Pemerintah untuk implementasi?",
    "Answer": "Untuk standardisasi nasional yang komprehensif."
  },
  {
    "Context": "Prajurit dan prajurit siswa memperoleh kebutuhan dasar prajurit yang meliputi: a) perlengkapan perseorangan; dan b) pakaian seragam dinas. Ini menjamin kelengkapan standar bagi setiap anggota TNI.",
    "Question": "Apa perbedaan hak prajurit dan prajurit siswa?",
    "Answer": "Pada prinsipnya sama, mungkin berbeda dalam implementasi teknis."
  },
  {
    "Context": "Penghasilan layak prajurit aktif terdiri dari 6 komponen (a-f) mulai dari gaji pokok hingga uang lauk paku/natura yang diberikan rutin setiap bulan.",
    "Question": "Bagaimana mekanisme penyesuaian gaji pokok?",
    "Answer": "Naik berkala sesuai masa dinas, detail di PP."
  },
  {
    "Context": "Penghasilan layak prajurit aktif terdiri dari 6 komponen (a-f) mulai dari gaji pokok hingga uang lauk paku/natura yang diberikan rutin setiap bulan.",
    "Question": "Apa yang dimaksud tunjangan khusus?",
    "Answer": "Tambahan untuk kondisi/tugas khusus prajurit."
  },
  {
    "Context": "Prajurit dan prajurit siswa memperoleh rawatan dan layanan kedinasan meliputi 9 jenis (a-i) mulai dari penghasilan hingga asuransi penugasan operasi militer.",
    "Question": "Bagaimana implementasi rawatan kesehatan?",
    "Answer": "Lewat fasilitas kesehatan TNI sesuai PP."
  },
  {
    "Context": "Prajurit dan prajurit siswa memperoleh rawatan dan layanan kedinasan meliputi 9 jenis (a-i) mulai dari penghasilan hingga asuransi penugasan operasi militer.",
    "Question": "Apa dasar hukum tunjangan hari tua prajurit?",
    "Answer": "Diatur dalam Pasal 50 ayat (2) huruf h dan PP."
  },
  {
    "Context": "Prajurit dan prajurit siswa memperoleh rawatan dan layanan kedinasan meliputi 9 jenis (a-i) mulai dari penghasilan hingga asuransi penugasan operasi militer.",
    "Question": "Bagaimana sistem pembinaan mental prajurit?",
    "Answer": "Program terstruktur termasuk layanan agama, detail di PP."
  },
  {
    "Context": "Penghasilan layak prajurit aktif terdiri dari 6 komponen (a-f) mulai dari gaji pokok hingga uang lauk paku/natura yang diberikan rutin setiap bulan.",
    "Question": "Apa perbedaan uang lauk pauk dan natura?",
    "Answer": "Uang lauk pauk tunai, natura barang/logistik."
  },
  {
    "Context": "Prajurit dan prajurit siswa memperoleh rawatan dan layanan kedinasan meliputi 9 jenis (a-i) mulai dari penghasilan hingga asuransi penugasan operasi militer.",
    "Question": "Bagaimana perlindungan hukum bagi prajurit?",
    "Answer": "Bantuan hukum pribadi dan kedinasan."
  },
  {
    "Context": "Keluarga prajurit memperoleh rawatan kedinasan meliputi: a) rawatan kesehatan; b) pembinaan mental dan pelayanan keagamaan; c) bantuan hukum. Ini menunjukkan perhatian pada kesejahteraan keluarga prajurit.",
    "Question": "Mengapa keluarga prajurit juga mendapat hak?",
    "Answer": "Untuk dukung kesejahteraan keluarga prajurit."
  }
]