[
  {
    "Context": "Berdasarkan Pasal 31 ayat (1), bintara dibentuk melalui dua jalur: huruf a menyebutkan pendidikan pertama bintara yang berasal langsung dari masyarakat, dan huruf b menyebutkan pendidikan pembentukan bintara yang berasal dari prajurit golongan tamtama. Ini menunjukkan adanya dua sumber rekrutmen bintara, yaitu dari masyarakat umum dan dari internal TNI.",
    "Question": "Apa isi Pasal 31 ayat 1 UU TNI?",
    "Answer": "Bintara dibentuk melalui pendidikan pertama bagi masyarakat umum atau pendidikan pembentukan bagi tamtama."
  },
  {
    "Context": "Berdasarkan Pasal 31 ayat (2), pendidikan bintara sebagaimana dimaksud pada ayat (1) diatur lebih lanjut dengan keputusan Panglima. Ini menunjukkan bahwa detail teknis pelaksanaan pendidikan bintara tidak diatur secara rigid dalam UU, melainkan didelegasikan kepada Panglima TNI.",
    "Question": "Apa isi Pasal 31 ayat 2 UU TNI?",
    "Answer": "Pendidikan bintara diatur lebih lanjut dengan keputusan Panglima."
  },
  {
    "Context": "Struktur pendidikan pertama perwira bagi masyarakat sipil terdiri dari dua bentuk: (a) Akademi TNI untuk lulusan SLTA, dan (b) Sekolah Perwira untuk lulusan SLTA atau perguruan tinggi.",
    "Question": "Apa saja jalur pembentukan bintara menurut UU TNI?",
    "Answer": "Jalur pembentukan bintara terdiri dari pendidikan pertama untuk masyarakat dan pendidikan pembentukan untuk tamtama."
  },
  {
    "Context": "Pendidikan bintara sebagaimana dimaksud pada ayat (1) diatur lebih lanjut dengan keputusan Panglima. Ini menunjukkan bahwa detail teknis pelaksanaan pendidikan bintara tidak diatur secara rigid dalam UU, melainkan didelegasikan kepada Panglima TNI.",
    "Question": "Siapa yang mengatur pelaksanaan pendidikan bintara?",
    "Answer": "Panglima TNI mengatur pelaksanaan pendidikan bintara."
  },
  {
    "Context": "Struktur pendidikan pertama perwira bagi masyarakat sipil terdiri dari dua bentuk: (a) Akademi TNI untuk lulusan SLTA, dan (b) Sekolah Perwira untuk lulusan SLTA atau perguruan tinggi.",
    "Question": "Apakah tamtama dapat menjadi bintara menurut UU TNI?",
    "Answer": "Ya, tamtama dapat menjadi bintara melalui pendidikan pembentukan bintara."
  },
  {
    "Context": "Struktur pendidikan pertama perwira bagi masyarakat sipil terdiri dari dua bentuk: (a) Akademi TNI untuk lulusan SLTA, dan (b) Sekolah Perwira untuk lulusan SLTA atau perguruan tinggi.",
    "Question": "Bagaimana UU TNI membedakan dua jalur pembentukan bintara?",
    "Answer": "UU membedakan jalur bintara berdasarkan sumber rekrutmen: dari masyarakat (eksternal) dan dari tamtama (internal)."
  },
  {
    "Context": "Pendidikan bintara sebagaimana dimaksud pada ayat (1) diatur lebih lanjut dengan keputusan Panglima. Ini menunjukkan bahwa detail teknis pelaksanaan pendidikan bintara tidak diatur secara rigid dalam UU, melainkan didelegasikan kepada Panglima TNI.",
    "Question": "Apa peran Panglima TNI dalam pendidikan bintara?",
    "Answer": "Panglima TNI mengatur seluruh aspek pelaksanaan pendidikan bintara melalui keputusannya."
  },
  {
    "Context": "Pasal 31 ayat (1) menetapkan jenis-jenis jalur pembentukan bintara (prinsip dasar), sedangkan ayat (2) mendelegasikan pengaturan teknis pelaksanaannya kepada Panglima TNI. Ini menciptakan keseimbangan antara ketentuan umum dalam UU dan fleksibilitas dalam implementasi.",
    "Question": "Bagaimana hubungan antara ayat (1) dan ayat (2) Pasal 31?",
    "Answer": "Ayat (1) menetapkan jalur pembentukan, ayat (2) mendelegasikan pengaturan teknisnya ke Panglima."
  },
  {
    "Context": "Pendidikan bintara sebagaimana dimaksud pada ayat (1) diatur lebih lanjut dengan keputusan Panglima. Ini menunjukkan bahwa detail teknis pelaksanaan pendidikan bintara tidak diatur secara rigid dalam UU, melainkan didelegasikan kepada Panglima TNI.",
    "Question": "Apakah UU TNI menentukan kurikulum pendidikan bintara?",
    "Answer": "Tidak, kurikulum pendidikan bintara diatur oleh keputusan Panglima TNI."
  },
  {
    "Context": "Pendidikan bintara sebagaimana dimaksud pada ayat (1) diatur lebih lanjut dengan keputusan Panglima. Ini menunjukkan bahwa detail teknis pelaksanaan pendidikan bintara tidak diatur secara rigid dalam UU, melainkan didelegasikan kepada Panglima TNI.",
    "Question": "Mengapa pendidikan bintara diatur oleh keputusan Panglima?",
    "Answer": "Untuk memungkinkan adaptasi cepat terhadap kebutuhan organisasi dan perkembangan teknologi militer."
  },
  {
    "Context": "Struktur pendidikan pertama perwira bagi masyarakat sipil terdiri dari dua bentuk: (a) Akademi TNI untuk lulusan SLTA, dan (b) Sekolah Perwira untuk lulusan SLTA atau perguruan tinggi.",
    "Question": "Bagaimana UU TNI mengakomodasi jalur karier prajurit?",
    "Answer": "UU mengakomodasi jalur karier vertikal dengan memungkinkan tamtama menjadi bintara melalui pendidikan."
  },
  {
    "Context": "Struktur pendidikan pertama perwira bagi masyarakat sipil terdiri dari dua bentuk: (a) Akademi TNI untuk lulusan SLTA, dan (b) Sekolah Perwira untuk lulusan SLTA atau perguruan tinggi.",
    "Question": "Apa perbedaan antara pendidikan pertama dan pendidikan pembentukan bintara?",
    "Answer": "Pendidikan pertama untuk masyarakat umum, pendidikan pembentukan untuk tamtama yang sudah berpengalaman di TNI."
  },
  {
    "Context": "Pendidikan bintara sebagaimana dimaksud pada ayat (1) diatur lebih lanjut dengan keputusan Panglima. Ini menunjukkan bahwa detail teknis pelaksanaan pendidikan bintara tidak diatur secara rigid dalam UU, melainkan didelegasikan kepada Panglima TNI.",
    "Question": "Bagaimana prinsip fleksibilitas tercermin dalam Pasal 31?",
    "Answer": "Fleksibilitas tercermin dalam pendelegasian pengaturan teknis kepada Panglima TNI melalui ayat (2)."
  },
  {
    "Context": "Berdasarkan Pasal 31, UU TNI tidak menetapkan persyaratan spesifik untuk pendidikan bintara, baik ayat (1) maupun ayat (2). UU hanya menetapkan jalur pendidikan dan memberikan kewenangan pengaturan teknisnya kepada Panglima TNI.",
    "Question": "Apakah UU TNI menetapkan persyaratan spesifik untuk pendidikan bintara?",
    "Answer": "Tidak, UU tidak menetapkan persyaratan spesifik untuk pendidikan bintara."
  },
  {
    "Context": "Struktur pendidikan pertama perwira bagi masyarakat sipil terdiri dari dua bentuk: (a) Akademi TNI untuk lulusan SLTA, dan (b) Sekolah Perwira untuk lulusan SLTA atau perguruan tinggi.",
    "Question": "Mengapa UU TNI membedakan jalur bintara dari masyarakat dan dari tamtama?",
    "Answer": "Pembedaan jalur untuk mengakomodasi rekrutmen talent dari sumber eksternal dan internal TNI."
  },
  {
    "Context": "Pendidikan bintara sebagaimana dimaksud pada ayat (1) diatur lebih lanjut dengan keputusan Panglima. Ini menunjukkan bahwa detail teknis pelaksanaan pendidikan bintara tidak diatur secara rigid dalam UU, melainkan didelegasikan kepada Panglima TNI.",
    "Question": "Apakah pendidikan bintara bersifat terpusat?",
    "Answer": "Ya, pendidikan bintara bersifat terpusat di bawah kewenangan Panglima TNI."
  },
  {
    "Context": "Struktur pendidikan pertama perwira bagi masyarakat sipil terdiri dari dua bentuk: (a) Akademi TNI untuk lulusan SLTA, dan (b) Sekolah Perwira untuk lulusan SLTA atau perguruan tinggi.",
    "Question": "Bagaimana UU TNI mendukung pengembangan karier prajurit tamtama?",
    "Answer": "UU mendukung karier tamtama dengan menyediakan jalur pendidikan untuk menjadi bintara."
  },
  {
    "Context": "Pendidikan bintara sebagaimana dimaksud pada ayat (1) diatur lebih lanjut dengan keputusan Panglima. Ini menunjukkan bahwa detail teknis pelaksanaan pendidikan bintara tidak diatur secara rigid dalam UU, melainkan didelegasikan kepada Panglima TNI.",
    "Question": "Apa implikasi dari pendelegasian pengaturan pendidikan bintara kepada Panglima?",
    "Answer": "Implikasinya adalah terciptanya sistem pendidikan yang adaptif dan responsif terhadap kebutuhan organisasi."
  },
  {
    "Context": "Struktur pendidikan pertama perwira bagi masyarakat sipil terdiri dari dua bentuk: (a) Akademi TNI untuk lulusan SLTA, dan (b) Sekolah Perwira untuk lulusan SLTA atau perguruan tinggi.",
    "Question": "Apakah UU TNI memberikan kesempatan yang sama pada kedua jalur pendidikan bintara?",
    "Answer": "Ya, UU memberikan pengakuan setara terhadap kedua jalur pendidikan bintara."
  },
  {
    "Context": "Struktur pendidikan pertama perwira bagi masyarakat sipil terdiri dari dua bentuk: (a) Akademi TNI untuk lulusan SLTA, dan (b) Sekolah Perwira untuk lulusan SLTA atau perguruan tinggi.",
    "Question": "Bagaimana struktur Pasal 31 mencerminkan hierarki organisasi TNI?",
    "Answer": "Struktur pasal mencerminkan jenjang kenaikan pangkat dari tamtama ke bintara dalam hierarki TNI."
  }
]