[
  {
    "Context": "Pasal 38 ayat (1) menjelaskan tentang prajurit dalam menjalankan tugas dan kewajibannya berpedoman pada Kode Etik Prajurit dan Kode Etik Perwira. Penjelasan pasal menyebutkan bahwa yang dimaksud dengan Kode Etik Prajurit antara lain Sapta Marga dan Delapan Wajib TNI, sedangkan Kode Etik Perwira adalah Budhi Bhakti Wira Utama.",
    "Question": "Apa isi Pasal 38 ayat 1 UU TNI?",
    "Answer": "Prajurit berpedoman pada Kode Etik Prajurit (antara lain Sapta Marga dan Delapan Wajib TNI) dan Kode Etik Perwira (Budhi Bhakti Wira Utama)."
  },
  {
    "Context": "Pasal 38 ayat (2) menjelaskan tentang ketentuan kode etik sebagaimana dimaksud pada ayat (1) diatur lebih lanjut dengan keputusan Panglima. Ini menunjukkan bahwa Panglima TNI memiliki kewenangan untuk menentukan detail dan implementasi dari kode etik yang menjadi pedoman bagi prajurit.",
    "Question": "Apa isi Pasal 38 ayat 2 UU TNI?",
    "Answer": "Ketentuan kode etik prajurit dan perwira diatur lebih lanjut dengan keputusan Panglima TNI."
  },
  {
    "Context": "Prajurit berpedoman pada Kode Etik Prajurit (antara lain Sapta Marga dan Delapan Wajib TNI) dan Kode Etik Perwira (Budhi Bhakti Wira Utama).",
    "Question": "Apa yang dimaksud dengan Kode Etik Prajurit dalam konteks TNI?",
    "Answer": "Kode Etik Prajurit adalah seperangkat prinsip moral dan etika yang mencakup Sapta Marga dan Delapan Wajib TNI."
  },
  {
    "Context": "Prajurit berpedoman pada Kode Etik Prajurit (antara lain Sapta Marga dan Delapan Wajib TNI) dan Kode Etik Perwira (Budhi Bhakti Wira Utama).",
    "Question": "Apa perbedaan antara Kode Etik Prajurit dan Kode Etik Perwira?",
    "Answer": "Kode Etik Prajurit (Sapta Marga dan Delapan Wajib TNI) berlaku untuk seluruh prajurit, sementara Kode Etik Perwira (Budhi Bhakti Wira Utama) khusus untuk perwira."
  },
  {
    "Context": "Prajurit berpedoman pada Kode Etik Prajurit (antara lain Sapta Marga dan Delapan Wajib TNI) dan Kode Etik Perwira (Budhi Bhakti Wira Utama).",
    "Question": "Apa yang dimaksud dengan Sapta Marga dalam konteks kode etik TNI?",
    "Answer": "Sapta Marga adalah salah satu komponen Kode Etik Prajurit yang berisi tujuh jalan kehormatan sebagai pedoman moral bagi anggota TNI."
  },
  {
    "Context": "Prajurit berpedoman pada Kode Etik Prajurit (antara lain Sapta Marga dan Delapan Wajib TNI) dan Kode Etik Perwira (Budhi Bhakti Wira Utama).",
    "Question": "Bagaimana Delapan Wajib TNI berperan dalam etika kemiliteran?",
    "Answer": "Delapan Wajib TNI merupakan bagian Kode Etik Prajurit yang menjadi pedoman perilaku konkret prajurit, terutama dalam hubungan dengan masyarakat."
  },
  {
    "Context": "Prajurit berpedoman pada Kode Etik Prajurit (antara lain Sapta Marga dan Delapan Wajib TNI) dan Kode Etik Perwira (Budhi Bhakti Wira Utama).",
    "Question": "Apa makna dari Budhi Bhakti Wira Utama bagi perwira TNI?",
    "Answer": "Budhi Bhakti Wira Utama adalah Kode Etik Perwira yang berisi prinsip kepemimpinan dan nilai luhur bagi perwira dalam menjalankan fungsi komando."
  },
  {
    "Context": "Prajurit berpedoman pada Kode Etik Prajurit (antara lain Sapta Marga dan Delapan Wajib TNI) dan Kode Etik Perwira (Budhi Bhakti Wira Utama).",
    "Question": "Mengapa prajurit memerlukan pedoman etik dalam menjalankan tugas?",
    "Answer": "Pedoman etik diperlukan karena profesi militer memiliki kewenangan khusus yang harus dibatasi dan diarahkan oleh prinsip-prinsip moral yang jelas."
  },
  {
    "Context": "Ketentuan kode etik prajurit dan perwira diatur lebih lanjut dengan keputusan Panglima TNI.",
    "Question": "Bagaimana peran Panglima dalam konteks kode etik TNI?",
    "Answer": "Panglima TNI berperan sebagai otoritas yang mengatur detail dan implementasi kode etik melalui keputusannya."
  },
  {
    "Context": "Ketentuan kode etik prajurit dan perwira diatur lebih lanjut dengan keputusan Panglima TNI.",
    "Question": "Apakah kode etik TNI dapat berubah dari waktu ke waktu?",
    "Answer": "Ya, kode etik dapat berubah karena diatur melalui keputusan Panglima yang dapat diperbarui sesuai kebutuhan dan perkembangan organisasi."
  },
  {
    "Context": "Berdasarkan Pasal 38, kode etik ditetapkan dalam UU dan diatur lebih lanjut dengan keputusan Panglima sebagaimana disebutkan pada ayat (2). Ini menunjukkan bahwa kode etik memiliki kedudukan penting yang diamanatkan oleh undang-undang, namun detail implementasinya diatur dalam tingkatan regulasi yang lebih operasional.",
    "Question": "Bagaimana kedudukan kode etik dalam hierarki aturan di TNI?",
    "Answer": "Kode etik memiliki kedudukan penting yang diamanatkan UU, dengan detail implementasi diatur dalam keputusan Panglima."
  },
  {
    "Context": "Prajurit berpedoman pada Kode Etik Prajurit (antara lain Sapta Marga dan Delapan Wajib TNI) dan Kode Etik Perwira (Budhi Bhakti Wira Utama).",
    "Question": "Apa hubungan antara kode etik dengan disiplin militer?",
    "Answer": "Kode etik menyediakan landasan moral dan nilai yang melengkapi disiplin militer yang mengatur aspek perilaku dan konsekuensinya."
  },
  {
    "Context": "Prajurit berpedoman pada Kode Etik Prajurit (antara lain Sapta Marga dan Delapan Wajib TNI) dan Kode Etik Perwira (Budhi Bhakti Wira Utama).",
    "Question": "Bagaimana penerapan kode etik dalam operasi militer?",
    "Answer": "Dalam operasi militer, kode etik menjadi panduan pengambilan keputusan dan tindakan prajurit di lapangan."
  },
  {
    "Context": "Berdasarkan Pasal 38, tidak ada pembedaan kode etik berdasarkan matra angkatan. Pasal ini menyebutkan Kode Etik Prajurit dan Kode Etik Perwira yang berlaku secara umum di TNI. Namun, berdasarkan ayat (2), Panglima dapat mengatur ketentuan lebih lanjut yang mungkin termasuk penyesuaian untuk masing-masing angkatan.",
    "Question": "Apakah kode etik berbeda untuk masing-masing angkatan dalam TNI?",
    "Answer": "UU tidak membedakan kode etik berdasarkan angkatan, namun Panglima dapat mengatur ketentuan lebih lanjut termasuk kemungkinan penyesuaian per angkatan."
  },
  {
    "Context": "Berdasarkan Pasal 38, tidak disebutkan secara eksplisit mengenai sanksi pelanggaran kode etik. Pasal ini hanya menyebutkan bahwa prajurit berpedoman pada kode etik (ayat 1) dan ketentuannya diatur lebih lanjut dengan keputusan Panglima (ayat 2). Sanksi kemungkinan diatur dalam keputusan Panglima atau peraturan lain terkait disiplin militer.",
    "Question": "Apakah ada sanksi bagi prajurit yang melanggar kode etik?",
    "Answer": "UU tidak menyebutkan secara eksplisit sanksi pelanggaran kode etik, sanksi kemungkinan diatur dalam keputusan Panglima atau peraturan disiplin militer."
  },
  {
    "Context": "Prajurit berpedoman pada Kode Etik Prajurit (antara lain Sapta Marga dan Delapan Wajib TNI) dan Kode Etik Perwira (Budhi Bhakti Wira Utama).",
    "Question": "Bagaimana kode etik mempengaruhi profesionalisme TNI?",
    "Answer": "Kode etik membentuk landasan nilai dan standar perilaku yang menopang profesionalisme TNI sebagai institusi militer."
  },
  {
    "Context": "Ketentuan kode etik prajurit dan perwira diatur lebih lanjut dengan keputusan Panglima TNI.",
    "Question": "Siapa yang bertanggung jawab menegakkan kode etik di lingkungan TNI?",
    "Answer": "Meskipun tidak disebutkan eksplisit, implikasinya Panglima memiliki tanggung jawab tertinggi dalam implementasi dan penegakan kode etik."
  },
  {
    "Context": "Prajurit berpedoman pada Kode Etik Prajurit (antara lain Sapta Marga dan Delapan Wajib TNI) dan Kode Etik Perwira (Budhi Bhakti Wira Utama).",
    "Question": "Bagaimana relevansi kode etik dalam hubungan TNI dengan masyarakat sipil?",
    "Answer": "Kode etik, khususnya Delapan Wajib TNI, menjadi panduan bagi prajurit untuk bertindak profesional dan menghormati hak sipil dalam interaksi dengan masyarakat."
  },
  {
    "Context": "Prajurit berpedoman pada Kode Etik Prajurit (antara lain Sapta Marga dan Delapan Wajib TNI) dan Kode Etik Perwira (Budhi Bhakti Wira Utama).",
    "Question": "Mengapa kode etik perwira dibedakan dari kode etik prajurit secara umum?",
    "Answer": "Perwira memiliki tanggung jawab kepemimpinan khusus yang memerlukan panduan etik tambahan terkait kepemimpinan dan pengambilan keputusan."
  },
  {
    "Context": "Prajurit berpedoman pada Kode Etik Prajurit (antara lain Sapta Marga dan Delapan Wajib TNI) dan Kode Etik Perwira (Budhi Bhakti Wira Utama).",
    "Question": "Bagaimana kode etik mendukung supremasi sipil atas militer?",
    "Answer": "Kode etik mengandung nilai-nilai yang mendukung posisi TNI sebagai alat negara profesional dan taat pada konstitusi, mendukung supremasi sipil."
  }
]