[
  {
    "Context": "Pasal 29 ayat (1) menyebutkan bahwa pendidikan untuk pengangkatan prajurit terdiri atas tiga jenis pendidikan yaitu pendidikan perwira, pendidikan bintara, dan pendidikan tamtama. Ketiga jenis ini mencerminkan tingkatan dalam hierarki militer.",
    "Question": "Apa isi Pasal 29 ayat 1 UU TNI?",
    "Answer": "Pendidikan prajurit terdiri dari pendidikan perwira, bintara, dan tamtama."
  },
  {
    "Context": "Pasal 29 ayat (2) menyebutkan bahwa pelaksanaan pendidikan sebagaimana dimaksud dalam ayat (1) akan diatur lebih lanjut oleh keputusan Panglima TNI. Ini menunjukkan bahwa teknis dan pelaksanaannya bersifat fleksibel dan mengikuti kebutuhan organisasi militer.",
    "Question": "Apa isi Pasal 29 ayat 2 UU TNI?",
    "Answer": "Pelaksanaan pendidikan diatur oleh keputusan Panglima TNI."
  },
  {
    "Context": "Pasal 29 ayat (2) menyebutkan bahwa pelaksanaan pendidikan sebagaimana dimaksud dalam ayat (1) akan diatur lebih lanjut oleh keputusan Panglima TNI. Ini menunjukkan bahwa teknis dan pelaksanaannya bersifat fleksibel dan mengikuti kebutuhan organisasi militer.",
    "Question": "Siapa yang mengatur pelaksanaan pendidikan TNI menurut UU?",
    "Answer": "Panglima TNI mengatur pelaksanaan pendidikan prajurit."
  },
  {
    "Context": "Sesuai Pasal 29 ayat (2), Panglima TNI memiliki wewenang untuk menetapkan tata cara dan pelaksanaan pendidikan perwira, bintara, dan tamtama sesuai kebutuhan institusi militer.",
    "Question": "Apa peran Panglima TNI dalam pelaksanaan pendidikan prajurit?",
    "Answer": "Panglima TNI menetapkan pelaksanaan pendidikan prajurit."
  },
  {
    "Context": "Ayat (1) menyebutkan jenis pendidikan prajurit, sedangkan ayat (2) memberikan kewenangan kepada Panglima TNI untuk mengatur pelaksanaannya. Ini menunjukkan adanya pembagian antara kebijakan umum dan pengaturan teknis.",
    "Question": "Bagaimana hubungan antara ayat (1) dan ayat (2) Pasal 29?",
    "Answer": "Pasal 29 Ayat (1) menyebutkan jenis pendidikan, Pasal 29 ayat (2) mengatur pelaksanaannya oleh Panglima."
  },
  {
    "Context": "Pasal 29 ayat (2) menyebutkan bahwa pelaksanaan pendidikan sebagaimana dimaksud dalam ayat (1) akan diatur lebih lanjut oleh keputusan Panglima TNI. Ini menunjukkan bahwa teknis dan pelaksanaannya bersifat fleksibel dan mengikuti kebutuhan organisasi militer.",
    "Question": "Apakah UU TNI menentukan kurikulum pendidikan militer secara langsung?",
    "Answer": "Kurikulum diatur oleh Panglima TNI, bukan langsung oleh UU."
  },
  {
    "Context": "Pasal 29 ayat (2) menyebutkan bahwa pelaksanaan pendidikan sebagaimana dimaksud dalam ayat (1) akan diatur lebih lanjut oleh keputusan Panglima TNI. Ini menunjukkan bahwa teknis dan pelaksanaannya bersifat fleksibel dan mengikuti kebutuhan organisasi militer.",
    "Question": "Apakah pendidikan prajurit TNI bersifat terpusat?",
    "Answer": "Pendidikan TNI bersifat terpusat di bawah kewenangan Panglima TNI."
  },
  {
    "Context": "Pasal 29 ayat (2) menyebutkan bahwa pelaksanaan pendidikan diatur oleh Panglima TNI, termasuk penyusunan kurikulum dan metode pengajaran.",
    "Question": "Siapa yang menyusun kurikulum pendidikan prajurit TNI?",
    "Answer": "Kurikulum disusun oleh Panglima TNI sesuai pasal 29 ayat (2)."
  },
  {
    "Context": "Pasal 29 ayat (1) menyebutkan bahwa pendidikan untuk pengangkatan prajurit terdiri atas tiga jenis pendidikan yaitu pendidikan perwira, pendidikan bintara, dan pendidikan tamtama. Ketiga jenis ini mencerminkan tingkatan dalam hierarki militer.",
    "Question": "Apakah pendidikan tamtama sama pentingnya dengan perwira pada TNI?",
    "Answer": "Semua jenis pendidikan penting dalam struktur militer."
  },
  {
    "Context": "Pasal 29 ayat (2) memungkinkan fleksibilitas dalam bentuk dan pelaksanaan pendidikan karena diserahkan pada kebijakan Panglima TNI, bukan ditentukan rigid oleh UU.",
    "Question": "Bagaimana prinsip fleksibilitas diakomodasi dalam pelaksanaan pendidikan prajurit TNI?",
    "Answer": "Fleksibilitas diakomodasi lewat kewenangan Panglima TNI dalam pelaksanaan pendidikan."
  }
]