[
  {
    "Context": "Berdasarkan Pasal 42 ayat (1), setiap prajurit berhak memperoleh kesempatan kenaikan pangkat dan/atau jabatan berdasarkan prestasi, sesuai pola karier yang berlaku dengan mempertimbangkan kepentingan TNI dan memenuhi persyaratan yang ditentukan. Ini menunjukkan sistem meritokrasi dalam pengembangan karier prajurit.",
    "Question": "Apa isi Pasal 42 ayat (1) UU TNI?",
    "Answer": "Setiap prajurit berhak mendapat kenaikan pangkat/jabatan berdasarkan prestasi sesuai pola karier dan kebutuhan TNI."
  },
  {
    "Context": "Berdasarkan Pasal 42 ayat (2), ketentuan lebih lanjut mengenai mekanisme kenaikan pangkat dan jabatan prajurit diatur dengan keputusan Panglima TNI. Ini memberikan kewenangan regulasi teknis kepada pimpinan tertinggi TNI.",
    "Question": "Apa isi Pasal 42 ayat (2) UU TNI?",
    "Answer": "Detail pelaksanaan diatur melalui keputusan Panglima TNI."
  },
  {
    "Context": "Setiap prajurit berhak mendapat kenaikan pangkat/jabatan berdasarkan prestasi sesuai pola karier dan kebutuhan TNI.",
    "Question": "Apa dasar pertimbangan kenaikan pangkat prajurit?",
    "Answer": "Prestasi, pola karier, kebutuhan TNI, dan pemenuhan persyaratan."
  },
  {
    "Context": "Setiap prajurit berhak mendapat kenaikan pangkat/jabatan berdasarkan prestasi sesuai pola karier dan kebutuhan TNI.",
    "Question": "Siapa yang berwenang mengatur mekanisme kenaikan pangkat TNI?",
    "Answer": "Panglima TNI melalui keputusan resmi."
  },
  {
    "Context": "Setiap prajurit berhak mendapat kenaikan pangkat/jabatan berdasarkan prestasi sesuai pola karier dan kebutuhan TNI.",
    "Question": "Apa yang dimaksud dengan \"pola karier\" dalam pasal ini?",
    "Answer": "Alur pengembangan karir struktural baku dalam TNI."
  },
  {
    "Context": "Setiap prajurit berhak mendapat kenaikan pangkat/jabatan berdasarkan prestasi sesuai pola karier dan kebutuhan TNI.",
    "Question": "Bagaimana prinsip meritokrasi diterapkan dalam kenaikan pangkat?",
    "Answer": "Dengan menjadikan prestasi sebagai dasar utama penilaian."
  },
  {
    "Context": "Setiap prajurit berhak mendapat kenaikan pangkat/jabatan berdasarkan prestasi sesuai pola karier dan kebutuhan TNI.",
    "Question": "Apa peran \"kepentingan TNI\" dalam pengembangan karir prajurit?",
    "Answer": "Sebagai penyeimbang antara kebutuhan individu dan organisasi."
  },
  {
    "Context": "Setiap prajurit berhak mendapat kenaikan pangkat/jabatan berdasarkan prestasi sesuai pola karier dan kebutuhan TNI.",
    "Question": "Apakah semua prajurit berhak atas kenaikan pangkat otomatis?",
    "Answer": "Tidak, harus memenuhi syarat prestasi dan kebutuhan TNI."
  },
  {
    "Context": "Setiap prajurit berhak mendapat kenaikan pangkat/jabatan berdasarkan prestasi sesuai pola karier dan kebutuhan TNI.",
    "Question": "Bagaimana mekanisme penilaian prestasi prajurit TNI?",
    "Answer": "Diatur dalam keputusan Panglima TNI."
  },
  {
    "Context": "Setiap prajurit berhak mendapat kenaikan pangkat/jabatan berdasarkan prestasi sesuai pola karier dan kebutuhan TNI.",
    "Question": "Apa hubungan antara kenaikan pangkat dan jabatan TNI?",
    "Answer": "Terkait tetapi tidak selalu harus bersamaan."
  },
  {
    "Context": "Setiap prajurit berhak mendapat kenaikan pangkat/jabatan berdasarkan prestasi sesuai pola karier dan kebutuhan TNI.",
    "Question": "Apa konsekuensi jika sistem kenaikan pangkat TNI tidak transparan?",
    "Answer": "Dapat diajukan pengaduan melalui mekanisme internal TNI."
  },
  {
    "Context": "Setiap prajurit berhak mendapat kenaikan pangkat/jabatan berdasarkan prestasi sesuai pola karier dan kebutuhan TNI.",
    "Question": "Bagaimana pengaturan kenaikan pangkat prajurit wanita TNI?",
    "Answer": "Prinsipnya sama, detail diatur Panglima."
  },
  {
    "Context": "Setiap prajurit berhak mendapat kenaikan pangkat/jabatan berdasarkan prestasi sesuai pola karier dan kebutuhan TNI.",
    "Question": "Apakah masa kerja menjadi faktor kenaikan pangkat TNI?",
    "Answer": "Mungkin termasuk tetapi bukan faktor tunggal."
  },
  {
    "Context": "Setiap prajurit berhak mendapat kenaikan pangkat/jabatan berdasarkan prestasi sesuai pola karier dan kebutuhan TNI.",
    "Question": "Bagaimana sistem UU menjamin keadilan karir prajurit TNI?",
    "Answer": "Melalui penerapan standar objektif yang sama untuk semua."
  },
  {
    "Context": "Setiap prajurit berhak mendapat kenaikan pangkat/jabatan berdasarkan prestasi sesuai pola karier dan kebutuhan TNI.",
    "Question": "Apa dasar hukum program percepatan kenaikan pangkat TNI?",
    "Answer": "Diatur dalam prinsip kenaikan berdasarkan prestasi."
  },
  {
    "Context": "Setiap prajurit berhak mendapat kenaikan pangkat/jabatan berdasarkan prestasi sesuai pola karier dan kebutuhan TNI.",
    "Question": "Bagaimana pengaturan kenaikan pangkat prajurit TNI di daerah terpencil?",
    "Answer": "Diatur dalam keputusan Panglima untuk kondisi khusus."
  },
  {
    "Context": "Setiap prajurit berhak mendapat kenaikan pangkat/jabatan berdasarkan prestasi sesuai pola karier dan kebutuhan TNI.",
    "Question": "Apa yang dimaksud dengan \"persyaratan yang ditentukan\"?",
    "Answer": "Kualifikasi minimal seperti pendidikan, masa dinas, dan kompetensi."
  },
  {
    "Context": "Setiap prajurit berhak mendapat kenaikan pangkat/jabatan berdasarkan prestasi sesuai pola karier dan kebutuhan TNI.",
    "Question": "Bagaimana pengembangan karir prajurit siswa TNI diatur?",
    "Answer": "Termasuk dalam cakupan dengan pola khusus diatur Panglima."
  },
  {
    "Context": "Setiap prajurit berhak mendapat kenaikan pangkat/jabatan berdasarkan prestasi sesuai pola karier dan kebutuhan TNI.",
    "Question": "Apa pertimbangan utama dalam penetapan pola karier TNI?",
    "Answer": "Kebutuhan organisasi TNI dan pengembangan SDM berkelanjutan."
  },
  {
    "Context": "Setiap prajurit berhak mendapat kenaikan pangkat/jabatan berdasarkan prestasi sesuai pola karier dan kebutuhan TNI.",
    "Question": "Bagaimana sistem UU mendukung profesionalisme TNI?",
    "Answer": "Dengan menciptakan insentif untuk peningkatan kompetensi berkelanjutan."
  }
]