[
  {
    "Context": "Pasal 36 berisi rumusan Sumpah Perwira yang menyatakan: Demi Allah saya bersumpah/berjanji bahwa saya akan memenuhi kewajiban perwira dengan sebaik-baiknya terhadap bangsa Indonesia dan Negara Kesatuan Republik Indonesia yang berdasarkan Pancasila dan Undang-Undang Dasar Negara Republik Indonesia Tahun 1945; bahwa saya akan menegakkan harkat dan martabat perwira serta menjunjung tinggi Sumpah Prajurit dan Sapta Marga; bahwa saya akan memimpin anak buah dengan memberi suri teladan, membangun karsa, serta menuntun pada jalan yang lurus dan benar; bahwa saya akan rela berkorban jiwa raga untuk membela nusa dan bangsa.\n\n\n\n",
    "Question": "Apa isi Pasal 36 UU TNI?",
    "Answer": "Pasal 36 berisi rumusan Sumpah Perwira yang menyatakan: Demi Allah saya bersumpah/berjanji bahwa saya akan memenuhi kewajiban perwira dengan sebaik-baiknya terhadap bangsa Indonesia dan Negara Kesatuan Republik Indonesia yang berdasarkan Pancasila dan Undang-Undang Dasar Negara Republik Indonesia Tahun 1945; bahwa saya akan menegakkan harkat dan martabat perwira serta menjunjung tinggi Sumpah Prajurit dan Sapta Marga; bahwa saya akan memimpin anak buah dengan memberi suri teladan, membangun karsa, serta menuntun pada jalan yang lurus dan benar; bahwa saya akan rela berkorban jiwa raga untuk membela nusa dan bangsa.\n\n\n\n"
  },
  {
    "Context": "Sumpah perwira adalah pernyataan kesetiaan prajurit yang dilantik sebagai perwira kepada Negara Kesatuan Republik Indonesia. Sumpah tersebut berisi empat poin utama: (1) memenuhi kewajiban perwira terhadap bangsa Indonesia dan NKRI berdasarkan Pancasila dan UUD 1945, (2) menegakkan harkat dan martabat perwira serta menjunjung tinggi Sumpah Prajurit dan Sapta Marga, (3) memimpin anak buah dengan memberi suri teladan, membangun karsa, dan menuntun pada jalan yang lurus dan benar, serta (4) rela berkorban jiwa raga untuk membela nusa dan bangsa.",
    "Question": "Apa pengertian Sumpah Perwira menurut penjelasan Pasal 36?",
    "Answer": "Sumpah Perwira adalah pernyataan kesetiaan kepada NKRI dan tanggung jawab sebagai pemimpin yang diucapkan oleh prajurit yang dilantik sebagai perwira."
  },
  {
    "Context": "Sumpah perwira adalah pernyataan kesetiaan prajurit yang dilantik sebagai perwira kepada Negara Kesatuan Republik Indonesia. Sumpah tersebut berisi empat poin utama: (1) memenuhi kewajiban perwira terhadap bangsa Indonesia dan NKRI berdasarkan Pancasila dan UUD 1945, (2) menegakkan harkat dan martabat perwira serta menjunjung tinggi Sumpah Prajurit dan Sapta Marga, (3) memimpin anak buah dengan memberi suri teladan, membangun karsa, dan menuntun pada jalan yang lurus dan benar, serta (4) rela berkorban jiwa raga untuk membela nusa dan bangsa.",
    "Question": "Apa landasan negara yang disebutkan dalam Sumpah Perwira?",
    "Answer": "Pancasila dan Undang-Undang Dasar Negara Republik Indonesia Tahun 1945 adalah landasan negara yang disebutkan dalam Sumpah Perwira."
  },
  {
    "Context": "Sumpah perwira adalah pernyataan kesetiaan prajurit yang dilantik sebagai perwira kepada Negara Kesatuan Republik Indonesia. Sumpah tersebut berisi empat poin utama: (1) memenuhi kewajiban perwira terhadap bangsa Indonesia dan NKRI berdasarkan Pancasila dan UUD 1945, (2) menegakkan harkat dan martabat perwira serta menjunjung tinggi Sumpah Prajurit dan Sapta Marga, (3) memimpin anak buah dengan memberi suri teladan, membangun karsa, dan menuntun pada jalan yang lurus dan benar, serta (4) rela berkorban jiwa raga untuk membela nusa dan bangsa.",
    "Question": "Apa saja nilai-nilai yang harus dijunjung tinggi dalam Sumpah Perwira?",
    "Answer": "Harkat dan martabat perwira, Sumpah Prajurit, dan Sapta Marga adalah nilai-nilai yang harus dijunjung tinggi dalam Sumpah Perwira."
  },
  {
    "Context": "Sumpah perwira adalah pernyataan kesetiaan prajurit yang dilantik sebagai perwira kepada Negara Kesatuan Republik Indonesia. Sumpah tersebut berisi empat poin utama: (1) memenuhi kewajiban perwira terhadap bangsa Indonesia dan NKRI berdasarkan Pancasila dan UUD 1945, (2) menegakkan harkat dan martabat perwira serta menjunjung tinggi Sumpah Prajurit dan Sapta Marga, (3) memimpin anak buah dengan memberi suri teladan, membangun karsa, dan menuntun pada jalan yang lurus dan benar, serta (4) rela berkorban jiwa raga untuk membela nusa dan bangsa.",
    "Question": "Bagaimana tanggung jawab kepemimpinan dinyatakan dalam Sumpah Perwira?",
    "Answer": "Tanggung jawab kepemimpinan dinyatakan dengan janji memimpin anak buah melalui suri teladan, membangun karsa, dan menuntun pada jalan yang lurus dan benar."
  },
  {
    "Context": "Sumpah perwira adalah pernyataan kesetiaan prajurit yang dilantik sebagai perwira kepada Negara Kesatuan Republik Indonesia. Sumpah tersebut berisi empat poin utama: (1) memenuhi kewajiban perwira terhadap bangsa Indonesia dan NKRI berdasarkan Pancasila dan UUD 1945, (2) menegakkan harkat dan martabat perwira serta menjunjung tinggi Sumpah Prajurit dan Sapta Marga, (3) memimpin anak buah dengan memberi suri teladan, membangun karsa, dan menuntun pada jalan yang lurus dan benar, serta (4) rela berkorban jiwa raga untuk membela nusa dan bangsa.",
    "Question": "Apa komitmen pengorbanan yang tercantum dalam Sumpah Perwira?",
    "Answer": "Komitmen pengorbanan dinyatakan dengan janji untuk rela berkorban jiwa raga demi membela nusa dan bangsa."
  },
  {
    "Context": "Sumpah perwira adalah pernyataan kesetiaan prajurit yang dilantik sebagai perwira kepada Negara Kesatuan Republik Indonesia. Sumpah tersebut berisi empat poin utama: (1) memenuhi kewajiban perwira terhadap bangsa Indonesia dan NKRI berdasarkan Pancasila dan UUD 1945, (2) menegakkan harkat dan martabat perwira serta menjunjung tinggi Sumpah Prajurit dan Sapta Marga, (3) memimpin anak buah dengan memberi suri teladan, membangun karsa, dan menuntun pada jalan yang lurus dan benar, serta (4) rela berkorban jiwa raga untuk membela nusa dan bangsa.",
    "Question": "Apa hubungan antara Sumpah Perwira dengan status kepemimpinan?",
    "Answer": "Sumpah Perwira menegaskan status dan tanggung jawab perwira sebagai pemimpin dalam struktur TNI."
  },
  {
    "Context": "Sumpah perwira adalah pernyataan kesetiaan prajurit yang dilantik sebagai perwira kepada Negara Kesatuan Republik Indonesia. Sumpah tersebut berisi empat poin utama: (1) memenuhi kewajiban perwira terhadap bangsa Indonesia dan NKRI berdasarkan Pancasila dan UUD 1945, (2) menegakkan harkat dan martabat perwira serta menjunjung tinggi Sumpah Prajurit dan Sapta Marga, (3) memimpin anak buah dengan memberi suri teladan, membangun karsa, dan menuntun pada jalan yang lurus dan benar, serta (4) rela berkorban jiwa raga untuk membela nusa dan bangsa.",
    "Question": "Kapan Sumpah Perwira diucapkan menurut ketentuan UU TNI?",
    "Answer": "Sumpah Perwira diucapkan pada saat prajurit dilantik sebagai perwira."
  },
  {
    "Context": "Sumpah perwira adalah pernyataan kesetiaan prajurit yang dilantik sebagai perwira kepada Negara Kesatuan Republik Indonesia. Sumpah tersebut berisi empat poin utama: (1) memenuhi kewajiban perwira terhadap bangsa Indonesia dan NKRI berdasarkan Pancasila dan UUD 1945, (2) menegakkan harkat dan martabat perwira serta menjunjung tinggi Sumpah Prajurit dan Sapta Marga, (3) memimpin anak buah dengan memberi suri teladan, membangun karsa, dan menuntun pada jalan yang lurus dan benar, serta (4) rela berkorban jiwa raga untuk membela nusa dan bangsa.",
    "Question": "Mengapa aspek kesetiaan kepada negara ditekankan dalam Sumpah Perwira?",
    "Answer": "Kesetiaan kepada negara ditekankan karena merupakan fondasi utama dalam pelaksanaan tugas perwira sebagai pemimpin dalam institusi pertahanan negara."
  },
  {
    "Context": "Sumpah perwira adalah pernyataan kesetiaan prajurit yang dilantik sebagai perwira kepada Negara Kesatuan Republik Indonesia. Sumpah tersebut berisi empat poin utama: (1) memenuhi kewajiban perwira terhadap bangsa Indonesia dan NKRI berdasarkan Pancasila dan UUD 1945, (2) menegakkan harkat dan martabat perwira serta menjunjung tinggi Sumpah Prajurit dan Sapta Marga, (3) memimpin anak buah dengan memberi suri teladan, membangun karsa, dan menuntun pada jalan yang lurus dan benar, serta (4) rela berkorban jiwa raga untuk membela nusa dan bangsa.",
    "Question": "Apa signifikansi pencantuman Pancasila dan UUD 1945 dalam Sumpah Perwira?",
    "Answer": "Pencantuman Pancasila dan UUD 1945 menegaskan bahwa tugas perwira harus dilaksanakan dalam kerangka ideologi dan konstitusi negara."
  },
  {
    "Context": "Sumpah perwira adalah pernyataan kesetiaan prajurit yang dilantik sebagai perwira kepada Negara Kesatuan Republik Indonesia. Sumpah tersebut berisi empat poin utama: (1) memenuhi kewajiban perwira terhadap bangsa Indonesia dan NKRI berdasarkan Pancasila dan UUD 1945, (2) menegakkan harkat dan martabat perwira serta menjunjung tinggi Sumpah Prajurit dan Sapta Marga, (3) memimpin anak buah dengan memberi suri teladan, membangun karsa, dan menuntun pada jalan yang lurus dan benar, serta (4) rela berkorban jiwa raga untuk membela nusa dan bangsa.",
    "Question": "Bagaimana karakteristik kepemimpinan yang tercermin dalam Sumpah Perwira?",
    "Answer": "Karakteristik kepemimpinan yang tercermin adalah kepemimpinan melalui keteladanan, memotivasi, dan mengarahkan pada jalan yang benar."
  },
  {
    "Context": "Sumpah perwira adalah pernyataan kesetiaan prajurit yang dilantik sebagai perwira kepada Negara Kesatuan Republik Indonesia. Sumpah tersebut berisi empat poin utama: (1) memenuhi kewajiban perwira terhadap bangsa Indonesia dan NKRI berdasarkan Pancasila dan UUD 1945, (2) menegakkan harkat dan martabat perwira serta menjunjung tinggi Sumpah Prajurit dan Sapta Marga, (3) memimpin anak buah dengan memberi suri teladan, membangun karsa, dan menuntun pada jalan yang lurus dan benar, serta (4) rela berkorban jiwa raga untuk membela nusa dan bangsa.",
    "Question": "Apa kaitan antara Sumpah Perwira dengan Sumpah Prajurit?",
    "Answer": "Sumpah Perwira merupakan pelengkap Sumpah Prajurit, di mana perwira tetap terikat dan harus menjunjung tinggi Sumpah Prajurit."
  },
  {
    "Context": "Sumpah perwira adalah pernyataan kesetiaan prajurit yang dilantik sebagai perwira kepada Negara Kesatuan Republik Indonesia. Sumpah tersebut berisi empat poin utama: (1) memenuhi kewajiban perwira terhadap bangsa Indonesia dan NKRI berdasarkan Pancasila dan UUD 1945, (2) menegakkan harkat dan martabat perwira serta menjunjung tinggi Sumpah Prajurit dan Sapta Marga, (3) memimpin anak buah dengan memberi suri teladan, membangun karsa, dan menuntun pada jalan yang lurus dan benar, serta (4) rela berkorban jiwa raga untuk membela nusa dan bangsa.",
    "Question": "Bagaimana aspek pengorbanan diri dirumuskan dalam Sumpah Perwira?",
    "Answer": "Aspek pengorbanan diri dirumuskan dengan janji rela berkorban jiwa raga untuk membela nusa dan bangsa."
  },
  {
    "Context": "Sumpah perwira adalah pernyataan kesetiaan prajurit yang dilantik sebagai perwira kepada Negara Kesatuan Republik Indonesia. Sumpah tersebut berisi empat poin utama: (1) memenuhi kewajiban perwira terhadap bangsa Indonesia dan NKRI berdasarkan Pancasila dan UUD 1945, (2) menegakkan harkat dan martabat perwira serta menjunjung tinggi Sumpah Prajurit dan Sapta Marga, (3) memimpin anak buah dengan memberi suri teladan, membangun karsa, dan menuntun pada jalan yang lurus dan benar, serta (4) rela berkorban jiwa raga untuk membela nusa dan bangsa.",
    "Question": "Apa keterkaitan antara Sumpah Perwira dengan Sapta Marga?",
    "Answer": "Sumpah Perwira mengafirmasi komitmen untuk menjunjung tinggi Sapta Marga sebagai pedoman etik dan moral prajurit TNI."
  },
  {
    "Context": "Sumpah perwira adalah pernyataan kesetiaan prajurit yang dilantik sebagai perwira kepada Negara Kesatuan Republik Indonesia. Sumpah tersebut berisi empat poin utama: (1) memenuhi kewajiban perwira terhadap bangsa Indonesia dan NKRI berdasarkan Pancasila dan UUD 1945, (2) menegakkan harkat dan martabat perwira serta menjunjung tinggi Sumpah Prajurit dan Sapta Marga, (3) memimpin anak buah dengan memberi suri teladan, membangun karsa, dan menuntun pada jalan yang lurus dan benar, serta (4) rela berkorban jiwa raga untuk membela nusa dan bangsa.",
    "Question": "Apa makna \"membangun karsa\" dalam konteks Sumpah Perwira?",
    "Answer": "\"Membangun karsa\" bermakna menumbuhkan kemauan, motivasi, dan inisiatif anak buah dalam melaksanakan tugas."
  },
  {
    "Context": "Sumpah perwira adalah pernyataan kesetiaan prajurit yang dilantik sebagai perwira kepada Negara Kesatuan Republik Indonesia. Sumpah tersebut berisi empat poin utama: (1) memenuhi kewajiban perwira terhadap bangsa Indonesia dan NKRI berdasarkan Pancasila dan UUD 1945, (2) menegakkan harkat dan martabat perwira serta menjunjung tinggi Sumpah Prajurit dan Sapta Marga, (3) memimpin anak buah dengan memberi suri teladan, membangun karsa, dan menuntun pada jalan yang lurus dan benar, serta (4) rela berkorban jiwa raga untuk membela nusa dan bangsa.",
    "Question": "Mengapa aspek keteladanan ditekankan dalam Sumpah Perwira?",
    "Answer": "Aspek keteladanan ditekankan karena merupakan metode kepemimpinan yang efektif dalam organisasi militer dan menjadi dasar membangun kepercayaan anak buah."
  },
  {
    "Context": "Sumpah perwira adalah pernyataan kesetiaan prajurit yang dilantik sebagai perwira kepada Negara Kesatuan Republik Indonesia. Sumpah tersebut berisi empat poin utama: (1) memenuhi kewajiban perwira terhadap bangsa Indonesia dan NKRI berdasarkan Pancasila dan UUD 1945, (2) menegakkan harkat dan martabat perwira serta menjunjung tinggi Sumpah Prajurit dan Sapta Marga, (3) memimpin anak buah dengan memberi suri teladan, membangun karsa, dan menuntun pada jalan yang lurus dan benar, serta (4) rela berkorban jiwa raga untuk membela nusa dan bangsa.",
    "Question": "Apa perbedaan mendasar antara formulasi Sumpah Perwira dengan sumpah jabatan pada umumnya?",
    "Answer": "Perbedaan mendasar terletak pada penekanan komitmen pengorbanan jiwa raga dan aspek kepemimpinan yang spesifik dalam konteks militer."
  },
  {
    "Context": "Sumpah perwira adalah pernyataan kesetiaan prajurit yang dilantik sebagai perwira kepada Negara Kesatuan Republik Indonesia. Sumpah tersebut berisi empat poin utama: (1) memenuhi kewajiban perwira terhadap bangsa Indonesia dan NKRI berdasarkan Pancasila dan UUD 1945, (2) menegakkan harkat dan martabat perwira serta menjunjung tinggi Sumpah Prajurit dan Sapta Marga, (3) memimpin anak buah dengan memberi suri teladan, membangun karsa, dan menuntun pada jalan yang lurus dan benar, serta (4) rela berkorban jiwa raga untuk membela nusa dan bangsa.",
    "Question": "Apa filosofi yang mendasari frasa \"menuntun pada jalan yang lurus dan benar\" dalam Sumpah Perwira?",
    "Answer": "Filosofi yang mendasari frasa tersebut adalah kepemimpinan yang berorientasi pada nilai-nilai kebenaran, integritas, dan kepatuhan pada norma dan peraturan."
  },
  {
    "Context": "Sumpah perwira adalah pernyataan kesetiaan prajurit yang dilantik sebagai perwira kepada Negara Kesatuan Republik Indonesia. Sumpah tersebut berisi empat poin utama: (1) memenuhi kewajiban perwira terhadap bangsa Indonesia dan NKRI berdasarkan Pancasila dan UUD 1945, (2) menegakkan harkat dan martabat perwira serta menjunjung tinggi Sumpah Prajurit dan Sapta Marga, (3) memimpin anak buah dengan memberi suri teladan, membangun karsa, dan menuntun pada jalan yang lurus dan benar, serta (4) rela berkorban jiwa raga untuk membela nusa dan bangsa.",
    "Question": "Bagaimana Sumpah Perwira mendukung sistem pertahanan negara?",
    "Answer": "Sumpah Perwira mendukung sistem pertahanan negara dengan membentuk karakter perwira yang setia, berintegritas, dan rela berkorban demi kepentingan negara."
  },
  {
    "Context": "Sumpah perwira adalah pernyataan kesetiaan prajurit yang dilantik sebagai perwira kepada Negara Kesatuan Republik Indonesia. Sumpah tersebut berisi empat poin utama: (1) memenuhi kewajiban perwira terhadap bangsa Indonesia dan NKRI berdasarkan Pancasila dan UUD 1945, (2) menegakkan harkat dan martabat perwira serta menjunjung tinggi Sumpah Prajurit dan Sapta Marga, (3) memimpin anak buah dengan memberi suri teladan, membangun karsa, dan menuntun pada jalan yang lurus dan benar, serta (4) rela berkorban jiwa raga untuk membela nusa dan bangsa.",
    "Question": "Apa implikasi yuridis dari pengucapan Sumpah Perwira?",
    "Answer": "Implikasi yuridis pengucapan Sumpah Perwira adalah pengikatan diri secara hukum yang dapat berimplikasi pada sanksi jika dilanggar."
  }
]