[
  {
    "Context": "Pasal 39 berisikan prajurit TNI dilarang terlibat dalam: 1) kegiatan menjadi anggota partai politik, 2) kegiatan politik praktis, 3) kegiatan bisnis, dan 4) kegiatan untuk dipilih menjadi anggota legislatif dalam pemilihan umum dan jabatan politis lainnya. Ini menunjukkan bahwa undang-undang membatasi keterlibatan prajurit dalam aktivitas politik dan bisnis untuk menjaga profesionalisme dan netralitas TNI.",
    "Question": "Apa isi Pasal 39 ayat (1) UU TNI?\t",
    "Answer": "Prajurit TNI dilarang terlibat dalam kegiatan keanggotaan partai politik, politik praktis, bisnis, dan pencalonan sebagai anggota legislatif atau jabatan politis lainnya."
  },
  {
    "Context": "Prajurit TNI dilarang terlibat dalam kegiatan keanggotaan partai politik, politik praktis, bisnis, dan pencalonan sebagai anggota legislatif atau jabatan politis lainnya.",
    "Question": "Apakah prajurit boleh memiliki bisnis sampingan?",
    "Answer": "Tidak, prajurit dilarang terlibat dalam kegiatan bisnis apapun, termasuk bisnis sampingan."
  },
  {
    "Context": "Berdasarkan Pasal 39 poin 1 UU TNI, terdapat larangan eksplisit bagi prajurit untuk terlibat dalam \"kegiatan menjadi anggota partai politik\". Ini merupakan salah satu dari empat larangan yang disebutkan secara spesifik dalam pasal tersebut, yang bertujuan untuk menjaga netralitas TNI dari pengaruh politik praktis.",
    "Question": "Apa dasar hukum larangan anggota TNI untuk menjadi anggota partai politik?",
    "Answer": "Dasar hukumnya adalah Pasal 39 poin 1 UU TNI yang secara eksplisit melarang prajurit terlibat dalam kegiatan menjadi anggota partai politik."
  },
  {
    "Context": "Prajurit TNI dilarang terlibat dalam kegiatan keanggotaan partai politik, politik praktis, bisnis, dan pencalonan sebagai anggota legislatif atau jabatan politis lainnya.",
    "Question": "Bagaimana dengan keterlibatan anggota TNI dalam pemilihan umum?",
    "Answer": "Prajurit dilarang mencalonkan diri sebagai anggota legislatif atau jabatan politis lainnya dalam pemilihan umum, namun tidak disebutkan larangan untuk menggunakan hak pilih."
  },
  {
    "Context": "Prajurit TNI dilarang terlibat dalam kegiatan keanggotaan partai politik, politik praktis, bisnis, dan pencalonan sebagai anggota legislatif atau jabatan politis lainnya.",
    "Question": "Apakah larangan bisnis berlaku untuk semua pangkat di TNI?",
    "Answer": "Ya, larangan terlibat dalam kegiatan bisnis berlaku untuk semua prajurit TNI tanpa memandang pangkat atau jabatan."
  },
  {
    "Context": "Prajurit TNI dilarang terlibat dalam kegiatan keanggotaan partai politik, politik praktis, bisnis, dan pencalonan sebagai anggota legislatif atau jabatan politis lainnya.",
    "Question": "Jenis jabatan politik apa saja yang dilarang bagi anggota TNI?",
    "Answer": "Anggota TNI dilarang mencalonkan diri sebagai anggota legislatif (DPR, DPD, DPRD) dan jabatan politis lainnya seperti kepala daerah atau posisi politik yang dipilih melalui pemilu."
  },
  {
    "Context": "Prajurit TNI dilarang terlibat dalam kegiatan keanggotaan partai politik, politik praktis, bisnis, dan pencalonan sebagai anggota legislatif atau jabatan politis lainnya.",
    "Question": "Apakah investasi saham termasuk kegiatan bisnis yang dilarang?",
    "Answer": "Meskipun tidak disebutkan secara spesifik, investasi saham dapat dikategorikan sebagai kegiatan bisnis yang dilarang bagi prajurit TNI berdasarkan Pasal 39 poin 3."
  },
  {
    "Context": "Prajurit TNI dilarang terlibat dalam kegiatan keanggotaan partai politik, politik praktis, bisnis, dan pencalonan sebagai anggota legislatif atau jabatan politis lainnya.",
    "Question": "Apakah ada pengecualian terhadap larangan politik bagi prajurit?",
    "Answer": "Tidak ada pengecualian yang disebutkan dalam Pasal 39 terhadap larangan keterlibatan prajurit dalam kegiatan politik."
  },
  {
    "Context": "Prajurit TNI dilarang terlibat dalam kegiatan keanggotaan partai politik, politik praktis, bisnis, dan pencalonan sebagai anggota legislatif atau jabatan politis lainnya.",
    "Question": "Apakah prajurit TNI boleh menjadi simpatisan partai politik?",
    "Answer": "Meskipun tidak secara eksplisit disebutkan, menjadi simpatisan aktif partai politik dapat dikategorikan sebagai kegiatan politik praktis yang dilarang bagi prajurit TNI berdasarkan Pasal 39 poin 2."
  },
  {
    "Context": "Prajurit TNI dilarang terlibat dalam kegiatan keanggotaan partai politik, politik praktis, bisnis, dan pencalonan sebagai anggota legislatif atau jabatan politis lainnya.",
    "Question": "Bagaimana dengan keterlibatan anggota TNI dalam koperasi?",
    "Answer": "Pasal 39 tidak secara spesifik membahas koperasi, namun jika koperasi bersifat internal untuk kesejahteraan anggota dan bukan kegiatan bisnis komersial, mungkin tidak termasuk dalam larangan."
  },
  {
    "Context": "Prajurit TNI dilarang terlibat dalam kegiatan keanggotaan partai politik, politik praktis, bisnis, dan pencalonan sebagai anggota legislatif atau jabatan politis lainnya.",
    "Question": "Apakah anggota TNI boleh menduduki jabatan di BUMN?",
    "Answer": "Berdasarkan Pasal 39 poin 3, keterlibatan dalam BUMN dapat dikategorikan sebagai kegiatan bisnis yang dilarang, kecuali jika merupakan penugasan resmi yang diatur secara khusus."
  },
  {
    "Context": "Prajurit TNI dilarang terlibat dalam kegiatan keanggotaan partai politik, politik praktis, bisnis, dan pencalonan sebagai anggota legislatif atau jabatan politis lainnya.",
    "Question": "Apakah larangan politik dan bisnis juga berlaku untuk prajurit cadangan?",
    "Answer": "Pasal 39 tidak secara spesifik menyebutkan prajurit cadangan, perlu merujuk pada definisi \"prajurit\" dalam UU TNI untuk menentukan apakah larangan ini berlaku bagi mereka."
  },
  {
    "Context": "Prajurit TNI dilarang terlibat dalam kegiatan keanggotaan partai politik, politik praktis, bisnis, dan pencalonan sebagai anggota legislatif atau jabatan politis lainnya.",
    "Question": "Apakah anggota TNI boleh menerima hadiah dari kegiatan lomba?",
    "Answer": "Menerima hadiah dari kegiatan lomba tidak termasuk dalam kategori \"kegiatan bisnis\" yang dilarang dalam Pasal 39 poin 3 karena bersifat insidental dan bukan aktivitas ekonomi berkelanjutan."
  },
  {
    "Context": "Prajurit TNI dilarang terlibat dalam kegiatan keanggotaan partai politik, politik praktis, bisnis, dan pencalonan sebagai anggota legislatif atau jabatan politis lainnya.",
    "Question": "Apakah larangan bisnis termasuk pekerjaan sampingan non-bisnis?",
    "Answer": "Larangan spesifik untuk kegiatan bisnis/komersial."
  },
  {
    "Context": "Prajurit TNI dilarang terlibat dalam kegiatan keanggotaan partai politik, politik praktis, bisnis, dan pencalonan sebagai anggota legislatif atau jabatan politis lainnya.",
    "Question": "Apa implikasi larangan Pasal 39 terhadap reformasi TNI?",
    "Answer": "Mempertegas pemisahan TNI dari ranah politik dan bisnis sebagai bagian reformasi."
  }
]