[
  {
    "Context": "(1) Angkatan dipimpin oleh seorang Kepala Staf Angkatan dan berkedudukan di bawah Panglima serta bertanggung jawab kepada Panglima.",
    "Question": "Apa isi pokok Pasal 14 ayat (1)?",
    "Answer": "(1) Angkatan dipimpin oleh seorang Kepala Staf Angkatan dan berkedudukan di bawah Panglima serta bertanggung jawab kepada Panglima."
  },
  {
    "Context": "(2) Kepala Staf Angkatan diangkat dan diberhentikan oleh Presiden atas usul Panglima.",
    "Question": "Apa isi pokok Pasal 14 ayat (2)?",
    "Answer": "(2) Kepala Staf Angkatan diangkat dan diberhentikan oleh Presiden atas usul Panglima."
  },
  {
    "Context": "(3) Kepala Staf Angkatan sebagaimana dimaksud pada ayat (2) diangkat dari Perwira Tinggi aktif dari angkatan yang bersangkutan dengan memperhatikan jenjang kepangkatan dan karier.",
    "Question": "Apa isi pokok Pasal 14 ayat (3)?",
    "Answer": "(3) Kepala Staf Angkatan sebagaimana dimaksud pada ayat (2) diangkat dari Perwira Tinggi aktif dari angkatan yang bersangkutan dengan memperhatikan jenjang kepangkatan dan karier."
  },
  {
    "Context": "(4) Tata cara pengangkatan dan pemberhentian Kepala Staf Angkatan sebagaimana dimaksud pada ayat (2) dan ayat (3) diatur dengan keputusan Presiden.",
    "Question": "Apa isi pokok Pasal 14 ayat (4)?",
    "Answer": "(4) Tata cara pengangkatan dan pemberhentian Kepala Staf Angkatan sebagaimana dimaksud pada ayat (2) dan ayat (3) diatur dengan keputusan Presiden."
  },
  {
    "Context": "(1) Angkatan dipimpin oleh seorang Kepala Staf Angkatan dan berkedudukan di bawah Panglima serta bertanggung jawab kepada Panglima.",
    "Question": "Siapakah posisi yang memimpin setiap Angkatan TNI?",
    "Answer": "Kepala Staf Angkatan."
  },
  {
    "Context": "(1) Angkatan dipimpin oleh seorang Kepala Staf Angkatan dan berkedudukan di bawah Panglima serta bertanggung jawab kepada Panglima.",
    "Question": "Kepada siapa Kepala Staf Angkatan bertanggung jawab?",
    "Answer": "Kepada Panglima TNI."
  },
  {
    "Context": "(2) Kepala Staf Angkatan diangkat dan diberhentikan oleh Presiden atas usul Panglima.",
    "Question": "Siapa yang memiliki kewenangan mengangkat Kepala Staf Angkatan?",
    "Answer": "Presiden atas usul Panglima TNI."
  },
  {
    "Context": "(3) Kepala Staf Angkatan sebagaimana dimaksud pada ayat (2) diangkat dari Perwira Tinggi aktif dari angkatan yang bersangkutan dengan memperhatikan jenjang kepangkatan dan karier.",
    "Question": "Dari mana sumber calon Kepala Staf Angkatan dipilih?",
    "Answer": "Dari Perwira Tinggi aktif angkatan yang bersangkutan."
  },
  {
    "Context": "(3) Kepala Staf Angkatan sebagaimana dimaksud pada ayat (2) diangkat dari Perwira Tinggi aktif dari angkatan yang bersangkutan dengan memperhatikan jenjang kepangkatan dan karier.",
    "Question": "Apa yang dipertimbangkan sebelum mengangkat Kepala Staf Angkatan?",
    "Answer": "Jenjang kepangkatan dan karier perwira tinggi tersebut."
  },
  {
    "Context": "(4) Tata cara pengangkatan dan pemberhentian Kepala Staf Angkatan sebagaimana dimaksud pada ayat (2) dan ayat (3) diatur dengan keputusan Presiden.",
    "Question": "Melalui apa tata cara pengangkatan Kepala Staf Angkatan diatur?",
    "Answer": "Melalui Keputusan Presiden."
  },
  {
    "Context": "(1) Angkatan dipimpin oleh seorang Kepala Staf Angkatan dan berkedudukan di bawah Panglima serta bertanggung jawab kepada Panglima. (2) Kepala Staf Angkatan diangkat dan diberhentikan oleh Presiden atas usul Panglima. (3) Kepala Staf Angkatan sebagaimana dimaksud pada ayat (2) diangkat dari Perwira Tinggi aktif dari angkatan yang bersangkutan dengan memperhatikan jenjang kepangkatan dan karier. (4) Tata cara pengangkatan dan pemberhentian Kepala Staf Angkatan sebagaimana dimaksud pada ayat (2) dan ayat (3) diatur dengan keputusan Presiden.",
    "Question": "Apa perbedaan tanggung jawab Panglima dan Kepala Staf Angkatan?",
    "Answer": "Panglima memimpin seluruh TNI, sementara Kepala Staf memimpin satu Angkatan dan melapor kepada Panglima."
  },
  {
    "Context": "(1) Angkatan dipimpin oleh seorang Kepala Staf Angkatan dan berkedudukan di bawah Panglima serta bertanggung jawab kepada Panglima. (2) Kepala Staf Angkatan diangkat dan diberhentikan oleh Presiden atas usul Panglima. (3) Kepala Staf Angkatan sebagaimana dimaksud pada ayat (2) diangkat dari Perwira Tinggi aktif dari angkatan yang bersangkutan dengan memperhatikan jenjang kepangkatan dan karier. (4) Tata cara pengangkatan dan pemberhentian Kepala Staf Angkatan sebagaimana dimaksud pada ayat (2) dan ayat (3) diatur dengan keputusan Presiden.",
    "Question": "Mengapa Kepala Staf Angkatan harus berada di bawah Panglima?",
    "Answer": "Untuk menjaga rantai komando terpadu dan efektivitas operasi gabungan."
  },
  {
    "Context": "(1) Angkatan dipimpin oleh seorang Kepala Staf Angkatan dan berkedudukan di bawah Panglima serta bertanggung jawab kepada Panglima. (2) Kepala Staf Angkatan diangkat dan diberhentikan oleh Presiden atas usul Panglima. (3) Kepala Staf Angkatan sebagaimana dimaksud pada ayat (2) diangkat dari Perwira Tinggi aktif dari angkatan yang bersangkutan dengan memperhatikan jenjang kepangkatan dan karier. (4) Tata cara pengangkatan dan pemberhentian Kepala Staf Angkatan sebagaimana dimaksud pada ayat (2) dan ayat (3) diatur dengan keputusan Presiden.",
    "Question": "Apa yang dimaksud 'usul Panglima' dalam ayat (2)?",
    "Answer": "Panglima merekomendasikan calon sesuai kebutuhan organisasi kepada Presiden."
  },
  {
    "Context": "(1) Angkatan dipimpin oleh seorang Kepala Staf Angkatan dan berkedudukan di bawah Panglima serta bertanggung jawab kepada Panglima. (2) Kepala Staf Angkatan diangkat dan diberhentikan oleh Presiden atas usul Panglima. (3) Kepala Staf Angkatan sebagaimana dimaksud pada ayat (2) diangkat dari Perwira Tinggi aktif dari angkatan yang bersangkutan dengan memperhatikan jenjang kepangkatan dan karier. (4) Tata cara pengangkatan dan pemberhentian Kepala Staf Angkatan sebagaimana dimaksud pada ayat (2) dan ayat (3) diatur dengan keputusan Presiden.",
    "Question": "Bagaimana proses evaluasi calon Kepala Staf sebelum diusulkan?",
    "Answer": "Melalui penilaian rekam jejak, prestasi, dan ketersediaan jabatan."
  },
  {
    "Context": "(1) Angkatan dipimpin oleh seorang Kepala Staf Angkatan dan berkedudukan di bawah Panglima serta bertanggung jawab kepada Panglima. (2) Kepala Staf Angkatan diangkat dan diberhentikan oleh Presiden atas usul Panglima. (3) Kepala Staf Angkatan sebagaimana dimaksud pada ayat (2) diangkat dari Perwira Tinggi aktif dari angkatan yang bersangkutan dengan memperhatikan jenjang kepangkatan dan karier. (4) Tata cara pengangkatan dan pemberhentian Kepala Staf Angkatan sebagaimana dimaksud pada ayat (2) dan ayat (3) diatur dengan keputusan Presiden.",
    "Question": "Apa manfaat mempertimbangkan jenjang kepangkatan?",
    "Answer": "Memberi penghargaan karier dan memastikan calon memiliki pengalaman cukup."
  },
  {
    "Context": "(1) Angkatan dipimpin oleh seorang Kepala Staf Angkatan dan berkedudukan di bawah Panglima serta bertanggung jawab kepada Panglima. (2) Kepala Staf Angkatan diangkat dan diberhentikan oleh Presiden atas usul Panglima. (3) Kepala Staf Angkatan sebagaimana dimaksud pada ayat (2) diangkat dari Perwira Tinggi aktif dari angkatan yang bersangkutan dengan memperhatikan jenjang kepangkatan dan karier. (4) Tata cara pengangkatan dan pemberhentian Kepala Staf Angkatan sebagaimana dimaksud pada ayat (2) dan ayat (3) diatur dengan keputusan Presiden.",
    "Question": "Bagaimana Keputusan Presiden dilaksanakan di internal TNI?",
    "Answer": "Melalui surat perintah Panglima dan upacara serah terima jabatan."
  },
  {
    "Context": "(1) Angkatan dipimpin oleh seorang Kepala Staf Angkatan dan berkedudukan di bawah Panglima serta bertanggung jawab kepada Panglima. (2) Kepala Staf Angkatan diangkat dan diberhentikan oleh Presiden atas usul Panglima. (3) Kepala Staf Angkatan sebagaimana dimaksud pada ayat (2) diangkat dari Perwira Tinggi aktif dari angkatan yang bersangkutan dengan memperhatikan jenjang kepangkatan dan karier. (4) Tata cara pengangkatan dan pemberhentian Kepala Staf Angkatan sebagaimana dimaksud pada ayat (2) dan ayat (3) diatur dengan keputusan Presiden.",
    "Question": "Apakah DPR terlibat dalam pengangkatan Kepala Staf Angkatan?",
    "Answer": "Tidak, pengangkatan cukup oleh Presiden atas usul Panglima."
  },
  {
    "Context": "(1) Angkatan dipimpin oleh seorang Kepala Staf Angkatan dan berkedudukan di bawah Panglima serta bertanggung jawab kepada Panglima. (2) Kepala Staf Angkatan diangkat dan diberhentikan oleh Presiden atas usul Panglima. (3) Kepala Staf Angkatan sebagaimana dimaksud pada ayat (2) diangkat dari Perwira Tinggi aktif dari angkatan yang bersangkutan dengan memperhatikan jenjang kepangkatan dan karier. (4) Tata cara pengangkatan dan pemberhentian Kepala Staf Angkatan sebagaimana dimaksud pada ayat (2) dan ayat (3) diatur dengan keputusan Presiden.",
    "Question": "Kenapa perlu Keputusan Presiden terpisah untuk tata cara?",
    "Answer": "Agar prosedur detail dapat diperbarui tanpa mengubah undang‑undang."
  },
  {
    "Context": "(1) Angkatan dipimpin oleh seorang Kepala Staf Angkatan dan berkedudukan di bawah Panglima serta bertanggung jawab kepada Panglima. (2) Kepala Staf Angkatan diangkat dan diberhentikan oleh Presiden atas usul Panglima. (3) Kepala Staf Angkatan sebagaimana dimaksud pada ayat (2) diangkat dari Perwira Tinggi aktif dari angkatan yang bersangkutan dengan memperhatikan jenjang kepangkatan dan karier. (4) Tata cara pengangkatan dan pemberhentian Kepala Staf Angkatan sebagaimana dimaksud pada ayat (2) dan ayat (3) diatur dengan keputusan Presiden.",
    "Question": "Apa istilah lain untuk Kepala Staf Angkatan?",
    "Answer": "Kepala Staf TNI AD/AL/AU sesuai angkatan."
  },
  {
    "Context": "(1) Angkatan dipimpin oleh seorang Kepala Staf Angkatan dan berkedudukan di bawah Panglima serta bertanggung jawab kepada Panglima. (2) Kepala Staf Angkatan diangkat dan diberhentikan oleh Presiden atas usul Panglima. (3) Kepala Staf Angkatan sebagaimana dimaksud pada ayat (2) diangkat dari Perwira Tinggi aktif dari angkatan yang bersangkutan dengan memperhatikan jenjang kepangkatan dan karier. (4) Tata cara pengangkatan dan pemberhentian Kepala Staf Angkatan sebagaimana dimaksud pada ayat (2) dan ayat (3) diatur dengan keputusan Presiden.",
    "Question": "Bagaimana masa jabatan Kepala Staf Angkatan diatur?",
    "Answer": "Tidak disebut di pasal; biasanya mengikuti ketentuan pensiun atau keputusan Presiden."
  },
  {
    "Context": "(1) Angkatan dipimpin oleh seorang Kepala Staf Angkatan dan berkedudukan di bawah Panglima serta bertanggung jawab kepada Panglima. (2) Kepala Staf Angkatan diangkat dan diberhentikan oleh Presiden atas usul Panglima. (3) Kepala Staf Angkatan sebagaimana dimaksud pada ayat (2) diangkat dari Perwira Tinggi aktif dari angkatan yang bersangkutan dengan memperhatikan jenjang kepangkatan dan karier. (4) Tata cara pengangkatan dan pemberhentian Kepala Staf Angkatan sebagaimana dimaksud pada ayat (2) dan ayat (3) diatur dengan keputusan Presiden.",
    "Question": "Jika Kepala Staf Angkatan meninggal dunia, apa langkah Presiden?",
    "Answer": "Presiden, atas usul Panglima, mengangkat pejabat baru mengikuti tata cara Keputusan Presiden."
  },
  {
    "Context": "(1) Angkatan dipimpin oleh seorang Kepala Staf Angkatan dan berkedudukan di bawah Panglima serta bertanggung jawab kepada Panglima. (2) Kepala Staf Angkatan diangkat dan diberhentikan oleh Presiden atas usul Panglima. (3) Kepala Staf Angkatan sebagaimana dimaksud pada ayat (2) diangkat dari Perwira Tinggi aktif dari angkatan yang bersangkutan dengan memperhatikan jenjang kepangkatan dan karier. (4) Tata cara pengangkatan dan pemberhentian Kepala Staf Angkatan sebagaimana dimaksud pada ayat (2) dan ayat (3) diatur dengan keputusan Presiden.",
    "Question": "Dapatkah perwira non‑aktif menjadi Kepala Staf Angkatan?",
    "Answer": "Tidak, harus Perwira Tinggi aktif sesuai ayat (3)."
  },
  {
    "Context": "(1) Angkatan dipimpin oleh seorang Kepala Staf Angkatan dan berkedudukan di bawah Panglima serta bertanggung jawab kepada Panglima. (2) Kepala Staf Angkatan diangkat dan diberhentikan oleh Presiden atas usul Panglima. (3) Kepala Staf Angkatan sebagaimana dimaksud pada ayat (2) diangkat dari Perwira Tinggi aktif dari angkatan yang bersangkutan dengan memperhatikan jenjang kepangkatan dan karier. (4) Tata cara pengangkatan dan pemberhentian Kepala Staf Angkatan sebagaimana dimaksud pada ayat (2) dan ayat (3) diatur dengan keputusan Presiden.",
    "Question": "Bagaimana upaya menjaga profesionalitas dalam pemilihan Kepala Staf?",
    "Answer": "Dengan seleksi berbasis merit, rekam jejak, dan kebutuhan organisasi."
  },
  {
    "Context": "(1) Angkatan dipimpin oleh seorang Kepala Staf Angkatan dan berkedudukan di bawah Panglima serta bertanggung jawab kepada Panglima. (2) Kepala Staf Angkatan diangkat dan diberhentikan oleh Presiden atas usul Panglima. (3) Kepala Staf Angkatan sebagaimana dimaksud pada ayat (2) diangkat dari Perwira Tinggi aktif dari angkatan yang bersangkutan dengan memperhatikan jenjang kepangkatan dan karier. (4) Tata cara pengangkatan dan pemberhentian Kepala Staf Angkatan sebagaimana dimaksud pada ayat (2) dan ayat (3) diatur dengan keputusan Presiden.",
    "Question": "Apa contoh Keputusan Presiden terkait pengangkatan Kepala Staf?",
    "Answer": "Keppres Nomor XX/TPA/20XX tentang Pengangkatan Kepala Staf Angkatan Darat."
  },
  {
    "Context": "(1) Angkatan dipimpin oleh seorang Kepala Staf Angkatan dan berkedudukan di bawah Panglima serta bertanggung jawab kepada Panglima. (2) Kepala Staf Angkatan diangkat dan diberhentikan oleh Presiden atas usul Panglima. (3) Kepala Staf Angkatan sebagaimana dimaksud pada ayat (2) diangkat dari Perwira Tinggi aktif dari angkatan yang bersangkutan dengan memperhatikan jenjang kepangkatan dan karier. (4) Tata cara pengangkatan dan pemberhentian Kepala Staf Angkatan sebagaimana dimaksud pada ayat (2) dan ayat (3) diatur dengan keputusan Presiden.",
    "Question": "Siapa yang menjalankan tugas jika posisi Kepala Staf kosong sementara?",
    "Answer": "Pejabat sementara ditunjuk Panglima sampai Presiden menetapkan kepala staf definitif."
  },
  {
    "Context": "(1) Angkatan dipimpin oleh seorang Kepala Staf Angkatan dan berkedudukan di bawah Panglima serta bertanggung jawab kepada Panglima. (2) Kepala Staf Angkatan diangkat dan diberhentikan oleh Presiden atas usul Panglima. (3) Kepala Staf Angkatan sebagaimana dimaksud pada ayat (2) diangkat dari Perwira Tinggi aktif dari angkatan yang bersangkutan dengan memperhatikan jenjang kepangkatan dan karier. (4) Tata cara pengangkatan dan pemberhentian Kepala Staf Angkatan sebagaimana dimaksud pada ayat (2) dan ayat (3) diatur dengan keputusan Presiden.",
    "Question": "Mengapa penting ada jenjang karier yang jelas?",
    "Answer": "Untuk memotivasi perwira dan menjaga kesinambungan kepemimpinan."
  },
  {
    "Context": "(1) Angkatan dipimpin oleh seorang Kepala Staf Angkatan dan berkedudukan di bawah Panglima serta bertanggung jawab kepada Panglima. (2) Kepala Staf Angkatan diangkat dan diberhentikan oleh Presiden atas usul Panglima. (3) Kepala Staf Angkatan sebagaimana dimaksud pada ayat (2) diangkat dari Perwira Tinggi aktif dari angkatan yang bersangkutan dengan memperhatikan jenjang kepangkatan dan karier. (4) Tata cara pengangkatan dan pemberhentian Kepala Staf Angkatan sebagaimana dimaksud pada ayat (2) dan ayat (3) diatur dengan keputusan Presiden.",
    "Question": "Bagaimana peran Sekretariat Militer Presiden dalam proses ini?",
    "Answer": "Menyiapkan administrasi Keputusan Presiden tentang pengangkatan."
  },
  {
    "Context": "(1) Angkatan dipimpin oleh seorang Kepala Staf Angkatan dan berkedudukan di bawah Panglima serta bertanggung jawab kepada Panglima. (2) Kepala Staf Angkatan diangkat dan diberhentikan oleh Presiden atas usul Panglima. (3) Kepala Staf Angkatan sebagaimana dimaksud pada ayat (2) diangkat dari Perwira Tinggi aktif dari angkatan yang bersangkutan dengan memperhatikan jenjang kepangkatan dan karier. (4) Tata cara pengangkatan dan pemberhentian Kepala Staf Angkatan sebagaimana dimaksud pada ayat (2) dan ayat (3) diatur dengan keputusan Presiden.",
    "Question": "Bagaimana proses serah terima jabatan Kepala Staf?",
    "Answer": "Dilakukan upacara militer dan penandatanganan memori serah terima."
  },
  {
    "Context": "(1) Angkatan dipimpin oleh seorang Kepala Staf Angkatan dan berkedudukan di bawah Panglima serta bertanggung jawab kepada Panglima. (2) Kepala Staf Angkatan diangkat dan diberhentikan oleh Presiden atas usul Panglima. (3) Kepala Staf Angkatan sebagaimana dimaksud pada ayat (2) diangkat dari Perwira Tinggi aktif dari angkatan yang bersangkutan dengan memperhatikan jenjang kepangkatan dan karier. (4) Tata cara pengangkatan dan pemberhentian Kepala Staf Angkatan sebagaimana dimaksud pada ayat (2) dan ayat (3) diatur dengan keputusan Presiden.",
    "Question": "Apakah Kepala Staf Angkatan dapat diangkat menjadi Panglima?",
    "Answer": "Ya, sesuai Pasal 13 ayat (4)."
  },
  {
    "Context": "(1) Angkatan dipimpin oleh seorang Kepala Staf Angkatan dan berkedudukan di bawah Panglima serta bertanggung jawab kepada Panglima. (2) Kepala Staf Angkatan diangkat dan diberhentikan oleh Presiden atas usul Panglima. (3) Kepala Staf Angkatan sebagaimana dimaksud pada ayat (2) diangkat dari Perwira Tinggi aktif dari angkatan yang bersangkutan dengan memperhatikan jenjang kepangkatan dan karier. (4) Tata cara pengangkatan dan pemberhentian Kepala Staf Angkatan sebagaimana dimaksud pada ayat (2) dan ayat (3) diatur dengan keputusan Presiden.",
    "Question": "Bagaimana hubungan Kepala Staf Angkatan dengan Menteri Pertahanan?",
    "Answer": "Kepala Staf menyampaikan kebutuhan angkatan melalui Panglima ke Menhan."
  },
  {
    "Context": "(1) Angkatan dipimpin oleh seorang Kepala Staf Angkatan dan berkedudukan di bawah Panglima serta bertanggung jawab kepada Panglima. (2) Kepala Staf Angkatan diangkat dan diberhentikan oleh Presiden atas usul Panglima. (3) Kepala Staf Angkatan sebagaimana dimaksud pada ayat (2) diangkat dari Perwira Tinggi aktif dari angkatan yang bersangkutan dengan memperhatikan jenjang kepangkatan dan karier. (4) Tata cara pengangkatan dan pemberhentian Kepala Staf Angkatan sebagaimana dimaksud pada ayat (2) dan ayat (3) diatur dengan keputusan Presiden.",
    "Question": "Apa kriteria utama calon Kepala Staf Angkatan?",
    "Answer": "Integritas, kompetensi strategis, dan rekam operasi."
  },
  {
    "Context": "(1) Angkatan dipimpin oleh seorang Kepala Staf Angkatan dan berkedudukan di bawah Panglima serta bertanggung jawab kepada Panglima. (2) Kepala Staf Angkatan diangkat dan diberhentikan oleh Presiden atas usul Panglima. (3) Kepala Staf Angkatan sebagaimana dimaksud pada ayat (2) diangkat dari Perwira Tinggi aktif dari angkatan yang bersangkutan dengan memperhatikan jenjang kepangkatan dan karier. (4) Tata cara pengangkatan dan pemberhentian Kepala Staf Angkatan sebagaimana dimaksud pada ayat (2) dan ayat (3) diatur dengan keputusan Presiden.",
    "Question": "Bagaimana pasal ini mendukung prinsip supremasi sipil?",
    "Answer": "Karena keputusan akhir tetap di tangan Presiden."
  },
  {
    "Context": "(1) Angkatan dipimpin oleh seorang Kepala Staf Angkatan dan berkedudukan di bawah Panglima serta bertanggung jawab kepada Panglima. (2) Kepala Staf Angkatan diangkat dan diberhentikan oleh Presiden atas usul Panglima. (3) Kepala Staf Angkatan sebagaimana dimaksud pada ayat (2) diangkat dari Perwira Tinggi aktif dari angkatan yang bersangkutan dengan memperhatikan jenjang kepangkatan dan karier. (4) Tata cara pengangkatan dan pemberhentian Kepala Staf Angkatan sebagaimana dimaksud pada ayat (2) dan ayat (3) diatur dengan keputusan Presiden.",
    "Question": "Apakah penilaian kesehatan fisik diperlukan?",
    "Answer": "Ya, untuk memastikan kesiapan menjalankan tugas."
  },
  {
    "Context": "(1) Angkatan dipimpin oleh seorang Kepala Staf Angkatan dan berkedudukan di bawah Panglima serta bertanggung jawab kepada Panglima. (2) Kepala Staf Angkatan diangkat dan diberhentikan oleh Presiden atas usul Panglima. (3) Kepala Staf Angkatan sebagaimana dimaksud pada ayat (2) diangkat dari Perwira Tinggi aktif dari angkatan yang bersangkutan dengan memperhatikan jenjang kepangkatan dan karier. (4) Tata cara pengangkatan dan pemberhentian Kepala Staf Angkatan sebagaimana dimaksud pada ayat (2) dan ayat (3) diatur dengan keputusan Presiden.",
    "Question": "Apa yang terjadi jika Presiden menolak usul Panglima?",
    "Answer": "Panglima mengajukan nama lain sesuai kebutuhan."
  },
  {
    "Context": "(1) Angkatan dipimpin oleh seorang Kepala Staf Angkatan dan berkedudukan di bawah Panglima serta bertanggung jawab kepada Panglima. (2) Kepala Staf Angkatan diangkat dan diberhentikan oleh Presiden atas usul Panglima. (3) Kepala Staf Angkatan sebagaimana dimaksud pada ayat (2) diangkat dari Perwira Tinggi aktif dari angkatan yang bersangkutan dengan memperhatikan jenjang kepangkatan dan karier. (4) Tata cara pengangkatan dan pemberhentian Kepala Staf Angkatan sebagaimana dimaksud pada ayat (2) dan ayat (3) diatur dengan keputusan Presiden.",
    "Question": "Bagaimana peran Lembaga Pendidikan TNI dalam menyiapkan calon?",
    "Answer": "Memberi pendidikan strategis dan kepemimpinan tingkat tinggi."
  },
  {
    "Context": "(1) Angkatan dipimpin oleh seorang Kepala Staf Angkatan dan berkedudukan di bawah Panglima serta bertanggung jawab kepada Panglima. (2) Kepala Staf Angkatan diangkat dan diberhentikan oleh Presiden atas usul Panglima. (3) Kepala Staf Angkatan sebagaimana dimaksud pada ayat (2) diangkat dari Perwira Tinggi aktif dari angkatan yang bersangkutan dengan memperhatikan jenjang kepangkatan dan karier. (4) Tata cara pengangkatan dan pemberhentian Kepala Staf Angkatan sebagaimana dimaksud pada ayat (2) dan ayat (3) diatur dengan keputusan Presiden.",
    "Question": "Apakah ada syarat minimum masa dinas?",
    "Answer": "Tidak dicantumkan, namun bergantung jenjang kepangkatan."
  },
  {
    "Context": "(1) Angkatan dipimpin oleh seorang Kepala Staf Angkatan dan berkedudukan di bawah Panglima serta bertanggung jawab kepada Panglima. (2) Kepala Staf Angkatan diangkat dan diberhentikan oleh Presiden atas usul Panglima. (3) Kepala Staf Angkatan sebagaimana dimaksud pada ayat (2) diangkat dari Perwira Tinggi aktif dari angkatan yang bersangkutan dengan memperhatikan jenjang kepangkatan dan karier. (4) Tata cara pengangkatan dan pemberhentian Kepala Staf Angkatan sebagaimana dimaksud pada ayat (2) dan ayat (3) diatur dengan keputusan Presiden.",
    "Question": "Bagaimana Kepala Staf Angkatan berkoordinasi dalam operasi gabungan?",
    "Answer": "Melalui rapat Kogabwilhan dan arahan Panglima."
  },
  {
    "Context": "(1) Angkatan dipimpin oleh seorang Kepala Staf Angkatan dan berkedudukan di bawah Panglima serta bertanggung jawab kepada Panglima. (2) Kepala Staf Angkatan diangkat dan diberhentikan oleh Presiden atas usul Panglima. (3) Kepala Staf Angkatan sebagaimana dimaksud pada ayat (2) diangkat dari Perwira Tinggi aktif dari angkatan yang bersangkutan dengan memperhatikan jenjang kepangkatan dan karier. (4) Tata cara pengangkatan dan pemberhentian Kepala Staf Angkatan sebagaimana dimaksud pada ayat (2) dan ayat (3) diatur dengan keputusan Presiden.",
    "Question": "Apa konsekuensi hukum jika pengangkatan tidak sesuai Keppres tata cara?",
    "Answer": "Dapat dibatalkan karena tidak sah prosedural."
  },
  {
    "Context": "(1) Angkatan dipimpin oleh seorang Kepala Staf Angkatan dan berkedudukan di bawah Panglima serta bertanggung jawab kepada Panglima. (2) Kepala Staf Angkatan diangkat dan diberhentikan oleh Presiden atas usul Panglima. (3) Kepala Staf Angkatan sebagaimana dimaksud pada ayat (2) diangkat dari Perwira Tinggi aktif dari angkatan yang bersangkutan dengan memperhatikan jenjang kepangkatan dan karier. (4) Tata cara pengangkatan dan pemberhentian Kepala Staf Angkatan sebagaimana dimaksud pada ayat (2) dan ayat (3) diatur dengan keputusan Presiden.",
    "Question": "Bagaimana pengawasan publik atas proses pengangkatan?",
    "Answer": "Publikasi Keppres dan peliputan media pada upacara pelantikan."
  },
  {
    "Context": "(1) Angkatan dipimpin oleh seorang Kepala Staf Angkatan dan berkedudukan di bawah Panglima serta bertanggung jawab kepada Panglima. (2) Kepala Staf Angkatan diangkat dan diberhentikan oleh Presiden atas usul Panglima. (3) Kepala Staf Angkatan sebagaimana dimaksud pada ayat (2) diangkat dari Perwira Tinggi aktif dari angkatan yang bersangkutan dengan memperhatikan jenjang kepangkatan dan karier. (4) Tata cara pengangkatan dan pemberhentian Kepala Staf Angkatan sebagaimana dimaksud pada ayat (2) dan ayat (3) diatur dengan keputusan Presiden.",
    "Question": "Apa dampak pasal ini pada reformasi struktural TNI?",
    "Answer": "Menegaskan rantai komando dan mekanisme sipil dalam suksesi."
  },
  {
    "Context": "(1) Angkatan dipimpin oleh seorang Kepala Staf Angkatan dan berkedudukan di bawah Panglima serta bertanggung jawab kepada Panglima. (2) Kepala Staf Angkatan diangkat dan diberhentikan oleh Presiden atas usul Panglima. (3) Kepala Staf Angkatan sebagaimana dimaksud pada ayat (2) diangkat dari Perwira Tinggi aktif dari angkatan yang bersangkutan dengan memperhatikan jenjang kepangkatan dan karier. (4) Tata cara pengangkatan dan pemberhentian Kepala Staf Angkatan sebagaimana dimaksud pada ayat (2) dan ayat (3) diatur dengan keputusan Presiden.",
    "Question": "Bagaimana Kepala Staf Angkatan bertanggung jawab atas pembinaan kekuatan?",
    "Answer": "Dengan merencanakan modernisasi alutsista dan pelatihan personel."
  },
  {
    "Context": "(1) Angkatan dipimpin oleh seorang Kepala Staf Angkatan dan berkedudukan di bawah Panglima serta bertanggung jawab kepada Panglima. (2) Kepala Staf Angkatan diangkat dan diberhentikan oleh Presiden atas usul Panglima. (3) Kepala Staf Angkatan sebagaimana dimaksud pada ayat (2) diangkat dari Perwira Tinggi aktif dari angkatan yang bersangkutan dengan memperhatikan jenjang kepangkatan dan karier. (4) Tata cara pengangkatan dan pemberhentian Kepala Staf Angkatan sebagaimana dimaksud pada ayat (2) dan ayat (3) diatur dengan keputusan Presiden.",
    "Question": "Apa perbedaan jabatan Kepala Staf dan Wakil Kepala Staf?",
    "Answer": "Kepala Staf memimpin angkatan, Wakil membantu pelaksanaan tugas harian."
  },
  {
    "Context": "(1) Angkatan dipimpin oleh seorang Kepala Staf Angkatan dan berkedudukan di bawah Panglima serta bertanggung jawab kepada Panglima. (2) Kepala Staf Angkatan diangkat dan diberhentikan oleh Presiden atas usul Panglima. (3) Kepala Staf Angkatan sebagaimana dimaksud pada ayat (2) diangkat dari Perwira Tinggi aktif dari angkatan yang bersangkutan dengan memperhatikan jenjang kepangkatan dan karier. (4) Tata cara pengangkatan dan pemberhentian Kepala Staf Angkatan sebagaimana dimaksud pada ayat (2) dan ayat (3) diatur dengan keputusan Presiden.",
    "Question": "Apakah pasal ini menyebut batas usia Kepala Staf?",
    "Answer": "Tidak, batas usia diatur peraturan lain."
  },
  {
    "Context": "(1) Angkatan dipimpin oleh seorang Kepala Staf Angkatan dan berkedudukan di bawah Panglima serta bertanggung jawab kepada Panglima. (2) Kepala Staf Angkatan diangkat dan diberhentikan oleh Presiden atas usul Panglima. (3) Kepala Staf Angkatan sebagaimana dimaksud pada ayat (2) diangkat dari Perwira Tinggi aktif dari angkatan yang bersangkutan dengan memperhatikan jenjang kepangkatan dan karier. (4) Tata cara pengangkatan dan pemberhentian Kepala Staf Angkatan sebagaimana dimaksud pada ayat (2) dan ayat (3) diatur dengan keputusan Presiden.",
    "Question": "Bagaimana proses pencabutan Keppres pengangkatan?",
    "Answer": "Presiden mengeluarkan Keppres baru yang mencabut Keppres sebelumnya."
  },
  {
    "Context": "(1) Angkatan dipimpin oleh seorang Kepala Staf Angkatan dan berkedudukan di bawah Panglima serta bertanggung jawab kepada Panglima. (2) Kepala Staf Angkatan diangkat dan diberhentikan oleh Presiden atas usul Panglima. (3) Kepala Staf Angkatan sebagaimana dimaksud pada ayat (2) diangkat dari Perwira Tinggi aktif dari angkatan yang bersangkutan dengan memperhatikan jenjang kepangkatan dan karier. (4) Tata cara pengangkatan dan pemberhentian Kepala Staf Angkatan sebagaimana dimaksud pada ayat (2) dan ayat (3) diatur dengan keputusan Presiden.",
    "Question": "Apa arti 'Perwira Tinggi' menurut peraturan TNI?",
    "Answer": "Perwira TNI berpangkat minimal Brigadir Jenderal/ Laksamana Pertama/ Marsekal Pertama ke atas."
  },
  {
    "Context": "(1) Angkatan dipimpin oleh seorang Kepala Staf Angkatan dan berkedudukan di bawah Panglima serta bertanggung jawab kepada Panglima. (2) Kepala Staf Angkatan diangkat dan diberhentikan oleh Presiden atas usul Panglima. (3) Kepala Staf Angkatan sebagaimana dimaksud pada ayat (2) diangkat dari Perwira Tinggi aktif dari angkatan yang bersangkutan dengan memperhatikan jenjang kepangkatan dan karier. (4) Tata cara pengangkatan dan pemberhentian Kepala Staf Angkatan sebagaimana dimaksud pada ayat (2) dan ayat (3) diatur dengan keputusan Presiden.",
    "Question": "Bagaimana evaluasi kinerja Kepala Staf dilakukan?",
    "Answer": "Melalui penilaian Panglima dan laporan internal kinerja angkatan."
  },
  {
    "Context": "(1) Angkatan dipimpin oleh seorang Kepala Staf Angkatan dan berkedudukan di bawah Panglima serta bertanggung jawab kepada Panglima. (2) Kepala Staf Angkatan diangkat dan diberhentikan oleh Presiden atas usul Panglima. (3) Kepala Staf Angkatan sebagaimana dimaksud pada ayat (2) diangkat dari Perwira Tinggi aktif dari angkatan yang bersangkutan dengan memperhatikan jenjang kepangkatan dan karier. (4) Tata cara pengangkatan dan pemberhentian Kepala Staf Angkatan sebagaimana dimaksud pada ayat (2) dan ayat (3) diatur dengan keputusan Presiden.",
    "Question": "Mengapa koordinasi Panglima penting dalam pengusulan Kepala Staf?",
    "Answer": "Agar calon sejalan dengan strategi gabungan TNI."
  },
  {
    "Context": "(1) Angkatan dipimpin oleh seorang Kepala Staf Angkatan dan berkedudukan di bawah Panglima serta bertanggung jawab kepada Panglima. (2) Kepala Staf Angkatan diangkat dan diberhentikan oleh Presiden atas usul Panglima. (3) Kepala Staf Angkatan sebagaimana dimaksud pada ayat (2) diangkat dari Perwira Tinggi aktif dari angkatan yang bersangkutan dengan memperhatikan jenjang kepangkatan dan karier. (4) Tata cara pengangkatan dan pemberhentian Kepala Staf Angkatan sebagaimana dimaksud pada ayat (2) dan ayat (3) diatur dengan keputusan Presiden.",
    "Question": "Apa hubungan pasal ini dengan manajemen talenta TNI?",
    "Answer": "Menjadi mekanisme puncak karier perwira melalui jabatan Kepala Staf."
  },
  {
    "Context": "(1) Angkatan dipimpin oleh seorang Kepala Staf Angkatan dan berkedudukan di bawah Panglima serta bertanggung jawab kepada Panglima. (2) Kepala Staf Angkatan diangkat dan diberhentikan oleh Presiden atas usul Panglima. (3) Kepala Staf Angkatan sebagaimana dimaksud pada ayat (2) diangkat dari Perwira Tinggi aktif dari angkatan yang bersangkutan dengan memperhatikan jenjang kepangkatan dan karier. (4) Tata cara pengangkatan dan pemberhentian Kepala Staf Angkatan sebagaimana dimaksud pada ayat (2) dan ayat (3) diatur dengan keputusan Presiden.",
    "Question": "Bagaimana pergantian Kepala Staf mempengaruhi kesiapan operasi?",
    "Answer": "Proses serah terima yang cepat dan terencana meminimalkan dampak pada kesiapan."
  },
  {
    "Context": "(1) Angkatan dipimpin oleh seorang Kepala Staf Angkatan dan berkedudukan di bawah Panglima serta bertanggung jawab kepada Panglima. (2) Kepala Staf Angkatan diangkat dan diberhentikan oleh Presiden atas usul Panglima. (3) Kepala Staf Angkatan sebagaimana dimaksud pada ayat (2) diangkat dari Perwira Tinggi aktif dari angkatan yang bersangkutan dengan memperhatikan jenjang kepangkatan dan karier. (4) Tata cara pengangkatan dan pemberhentian Kepala Staf Angkatan sebagaimana dimaksud pada ayat (2) dan ayat (3) diatur dengan keputusan Presiden.",
    "Question": "Apakah kepala staf dapat merangkap jabatan lain?",
    "Answer": "Secara umum tidak, agar fokus memimpin angkatan, kecuali penugasan khusus Presiden."
  }
]