[
  {
    "Context": "(1) Organisasi TNI terdiri atas Markas Besar TNI yang membawahkan Markas Besar TNI Angkatan Darat, Markas Besar TNI Angkatan Laut, dan Markas Besar TNI Angkatan Udara. (2) Markas Besar TNI terdiri atas unsur pimpinan, unsur pembantu pimpinan, unsur pelayanan, badan pelaksana pusat, dan Komando Utama Operasi. (3) Markas Besar Angkatan terdiri atas unsur pimpinan, unsur pembantu pimpinan, unsur pelayanan, badan pelaksana pusat, dan Komando Utama Pembinaan. (4) Susunan organisasi TNI sebagaimana dimaksud pada ayat (1), diatur lebih lanjut dengan Keputusan Presiden.",
    "Question": "Apa inti ketentuan Pasal 12 tentang organisasi TNI?",
    "Answer": "Pasal 12 mengatur struktur organisasi TNI mulai dari Mabes TNI hingga Mabes tiap Angkatan, lengkap dengan unsur-unsurnya dan penetapan susunan organisasi melalui Keputusan Presiden."
  },
  {
    "Context": "(1) Organisasi TNI terdiri atas Markas Besar TNI yang membawahkan Markas Besar TNI Angkatan Darat, Markas Besar TNI Angkatan Laut, dan Markas Besar TNI Angkatan Udara.",
    "Question": "Apa saja markas yang berada di bawah Markas Besar TNI menurut ayat (1)?",
    "Answer": "Markas Besar TNI Angkatan Darat, Markas Besar TNI Angkatan Laut, dan Markas Besar TNI Angkatan Udara."
  },
  {
    "Context": "(2) Markas Besar TNI terdiri atas unsur pimpinan, unsur pembantu pimpinan, unsur pelayanan, badan pelaksana pusat, dan Komando Utama Operasi.",
    "Question": "Sebutkan unsur organisasi yang terdapat di Markas Besar TNI ayat (2)!",
    "Answer": "Unsur pimpinan, unsur pembantu pimpinan, unsur pelayanan, badan pelaksana pusat, dan Komando Utama Operasi."
  },
  {
    "Context": "(3) Markas Besar Angkatan terdiri atas unsur pimpinan, unsur pembantu pimpinan, unsur pelayanan, badan pelaksana pusat, dan Komando Utama Pembinaan.",
    "Question": "Apa saja unsur yang terdapat di Markas Besar Angkatan menurut ayat (3)?",
    "Answer": "Unsur pimpinan, unsur pembantu pimpinan, unsur pelayanan, badan pelaksana pusat, dan Komando Utama Pembinaan."
  },
  {
    "Context": "(4) Susunan organisasi TNI sebagaimana dimaksud pada ayat (1), diatur lebih lanjut dengan Keputusan Presiden.",
    "Question": "Bagaimana susunan organisasi TNI ditetapkan?",
    "Answer": "Susunan organisasi TNI ditetapkan lebih lanjut melalui Keputusan Presiden."
  },
  {
    "Context": "(1) Organisasi TNI terdiri atas Markas Besar TNI yang membawahkan Markas Besar TNI Angkatan Darat, Markas Besar TNI Angkatan Laut, dan Markas Besar TNI Angkatan Udara. (2) Markas Besar TNI terdiri atas unsur pimpinan, unsur pembantu pimpinan, unsur pelayanan, badan pelaksana pusat, dan Komando Utama Operasi. (3) Markas Besar Angkatan terdiri atas unsur pimpinan, unsur pembantu pimpinan, unsur pelayanan, badan pelaksana pusat, dan Komando Utama Pembinaan. (4) Susunan organisasi TNI sebagaimana dimaksud pada ayat (1), diatur lebih lanjut dengan Keputusan Presiden.",
    "Question": "Mengapa organisasi TNI dibagi menjadi Mabes TNI dan Mabes Angkatan?",
    "Answer": "Untuk memudahkan komando terpadu di tingkat TNI dan pembinaan spesifik di tiap angkatan."
  },
  {
    "Context": "(1) Organisasi TNI terdiri atas Markas Besar TNI yang membawahkan Markas Besar TNI Angkatan Darat, Markas Besar TNI Angkatan Laut, dan Markas Besar TNI Angkatan Udara. (2) Markas Besar TNI terdiri atas unsur pimpinan, unsur pembantu pimpinan, unsur pelayanan, badan pelaksana pusat, dan Komando Utama Operasi. (3) Markas Besar Angkatan terdiri atas unsur pimpinan, unsur pembantu pimpinan, unsur pelayanan, badan pelaksana pusat, dan Komando Utama Pembinaan. (4) Susunan organisasi TNI sebagaimana dimaksud pada ayat (1), diatur lebih lanjut dengan Keputusan Presiden.",
    "Question": "Apa fungsi unsur pimpinan di Mabes TNI?",
    "Answer": "Memberikan arahan strategis, kebijakan, dan pengendalian tertinggi bagi seluruh TNI."
  },
  {
    "Context": "(1) Organisasi TNI terdiri atas Markas Besar TNI yang membawahkan Markas Besar TNI Angkatan Darat, Markas Besar TNI Angkatan Laut, dan Markas Besar TNI Angkatan Udara. (2) Markas Besar TNI terdiri atas unsur pimpinan, unsur pembantu pimpinan, unsur pelayanan, badan pelaksana pusat, dan Komando Utama Operasi. (3) Markas Besar Angkatan terdiri atas unsur pimpinan, unsur pembantu pimpinan, unsur pelayanan, badan pelaksana pusat, dan Komando Utama Pembinaan. (4) Susunan organisasi TNI sebagaimana dimaksud pada ayat (1), diatur lebih lanjut dengan Keputusan Presiden.",
    "Question": "Apa peran unsur pembantu pimpinan?",
    "Answer": "Mendukung pimpinan dalam perencanaan, koordinasi, dan pengawasan."
  },
  {
    "Context": "(1) Organisasi TNI terdiri atas Markas Besar TNI yang membawahkan Markas Besar TNI Angkatan Darat, Markas Besar TNI Angkatan Laut, dan Markas Besar TNI Angkatan Udara. (2) Markas Besar TNI terdiri atas unsur pimpinan, unsur pembantu pimpinan, unsur pelayanan, badan pelaksana pusat, dan Komando Utama Operasi. (3) Markas Besar Angkatan terdiri atas unsur pimpinan, unsur pembantu pimpinan, unsur pelayanan, badan pelaksana pusat, dan Komando Utama Pembinaan. (4) Susunan organisasi TNI sebagaimana dimaksud pada ayat (1), diatur lebih lanjut dengan Keputusan Presiden.",
    "Question": "Mengapa ada perbedaan Komando Utama Operasi dan Komando Utama Pembinaan?",
    "Answer": "Komando Utama Operasi fokus tindakan operasi gabungan, sedangkan Pembinaan fokus pengembangan kekuatan tiap angkatan."
  },
  {
    "Context": "(1) Organisasi TNI terdiri atas Markas Besar TNI yang membawahkan Markas Besar TNI Angkatan Darat, Markas Besar TNI Angkatan Laut, dan Markas Besar TNI Angkatan Udara. (2) Markas Besar TNI terdiri atas unsur pimpinan, unsur pembantu pimpinan, unsur pelayanan, badan pelaksana pusat, dan Komando Utama Operasi. (3) Markas Besar Angkatan terdiri atas unsur pimpinan, unsur pembantu pimpinan, unsur pelayanan, badan pelaksana pusat, dan Komando Utama Pembinaan. (4) Susunan organisasi TNI sebagaimana dimaksud pada ayat (1), diatur lebih lanjut dengan Keputusan Presiden.",
    "Question": "Siapa Kepala Staf Umum TNI dan di mana posisinya dalam struktur?",
    "Answer": "Kepala Staf Umum TNI berada dalam unsur pembantu pimpinan di Mabes TNI."
  },
  {
    "Context": "(1) Organisasi TNI terdiri atas Markas Besar TNI yang membawahkan Markas Besar TNI Angkatan Darat, Markas Besar TNI Angkatan Laut, dan Markas Besar TNI Angkatan Udara. (2) Markas Besar TNI terdiri atas unsur pimpinan, unsur pembantu pimpinan, unsur pelayanan, badan pelaksana pusat, dan Komando Utama Operasi. (3) Markas Besar Angkatan terdiri atas unsur pimpinan, unsur pembantu pimpinan, unsur pelayanan, badan pelaksana pusat, dan Komando Utama Pembinaan. (4) Susunan organisasi TNI sebagaimana dimaksud pada ayat (1), diatur lebih lanjut dengan Keputusan Presiden.",
    "Question": "Apa contoh badan pelaksana pusat di Mabes TNI?",
    "Answer": "Pusat Perhubungan TNI, Pusat Kesehatan TNI, dan Pusat Intelijen TNI."
  },
  {
    "Context": "(1) Organisasi TNI terdiri atas Markas Besar TNI yang membawahkan Markas Besar TNI Angkatan Darat, Markas Besar TNI Angkatan Laut, dan Markas Besar TNI Angkatan Udara. (2) Markas Besar TNI terdiri atas unsur pimpinan, unsur pembantu pimpinan, unsur pelayanan, badan pelaksana pusat, dan Komando Utama Operasi. (3) Markas Besar Angkatan terdiri atas unsur pimpinan, unsur pembantu pimpinan, unsur pelayanan, badan pelaksana pusat, dan Komando Utama Pembinaan. (4) Susunan organisasi TNI sebagaimana dimaksud pada ayat (1), diatur lebih lanjut dengan Keputusan Presiden.",
    "Question": "Bagaimana unsur pelayanan mendukung tugas Mabes TNI?",
    "Answer": "Dengan menyediakan dukungan administrasi, logistik, dan layanan umum."
  },
  {
    "Context": "(1) Organisasi TNI terdiri atas Markas Besar TNI yang membawahkan Markas Besar TNI Angkatan Darat, Markas Besar TNI Angkatan Laut, dan Markas Besar TNI Angkatan Udara. (2) Markas Besar TNI terdiri atas unsur pimpinan, unsur pembantu pimpinan, unsur pelayanan, badan pelaksana pusat, dan Komando Utama Operasi. (3) Markas Besar Angkatan terdiri atas unsur pimpinan, unsur pembantu pimpinan, unsur pelayanan, badan pelaksana pusat, dan Komando Utama Pembinaan. (4) Susunan organisasi TNI sebagaimana dimaksud pada ayat (1), diatur lebih lanjut dengan Keputusan Presiden.",
    "Question": "Apa perbedaan unsur struktur di Mabes TNI dan di Mabes Angkatan?",
    "Answer": "Jenis Komando Utama berbeda: Operasi di Mabes TNI, Pembinaan di Mabes Angkatan."
  },
  {
    "Context": "(1) Organisasi TNI terdiri atas Markas Besar TNI yang membawahkan Markas Besar TNI Angkatan Darat, Markas Besar TNI Angkatan Laut, dan Markas Besar TNI Angkatan Udara. (2) Markas Besar TNI terdiri atas unsur pimpinan, unsur pembantu pimpinan, unsur pelayanan, badan pelaksana pusat, dan Komando Utama Operasi. (3) Markas Besar Angkatan terdiri atas unsur pimpinan, unsur pembantu pimpinan, unsur pelayanan, badan pelaksana pusat, dan Komando Utama Pembinaan. (4) Susunan organisasi TNI sebagaimana dimaksud pada ayat (1), diatur lebih lanjut dengan Keputusan Presiden.",
    "Question": "Mengapa struktur organisasi diatur dengan Keputusan Presiden?",
    "Answer": "Agar bersifat resmi, mengikat, dan dapat disesuaikan sesuai kebutuhan pertahanan."
  },
  {
    "Context": "(1) Organisasi TNI terdiri atas Markas Besar TNI yang membawahkan Markas Besar TNI Angkatan Darat, Markas Besar TNI Angkatan Laut, dan Markas Besar TNI Angkatan Udara. (2) Markas Besar TNI terdiri atas unsur pimpinan, unsur pembantu pimpinan, unsur pelayanan, badan pelaksana pusat, dan Komando Utama Operasi. (3) Markas Besar Angkatan terdiri atas unsur pimpinan, unsur pembantu pimpinan, unsur pelayanan, badan pelaksana pusat, dan Komando Utama Pembinaan. (4) Susunan organisasi TNI sebagaimana dimaksud pada ayat (1), diatur lebih lanjut dengan Keputusan Presiden.",
    "Question": "Bagaimana proses perubahan struktur organisasi TNI?",
    "Answer": "Diusulkan Mabes TNI melalui Kementerian Pertahanan dan ditetapkan melalui Keputusan Presiden."
  },
  {
    "Context": "(2) Markas Besar TNI terdiri atas unsur pimpinan, unsur pembantu pimpinan, unsur pelayanan, badan pelaksana pusat, dan Komando Utama Operasi.",
    "Question": "Apa tugas Komando Utama Operasi?",
    "Answer": "Melaksanakan operasi militer gabungan untuk menegakkan kedaulatan dan menjaga keamanan nasional."
  },
  {
    "Context": "(3) Markas Besar Angkatan terdiri atas unsur pimpinan, unsur pembantu pimpinan, unsur pelayanan, badan pelaksana pusat, dan Komando Utama Pembinaan.",
    "Question": "Apa tugas Komando Utama Pembinaan?",
    "Answer": "Melaksanakan pembinaan kekuatan, kemampuan, dan kesiapan tempur masing-masing angkatan."
  },
  {
    "Context": "(2) Markas Besar TNI terdiri atas unsur pimpinan, unsur pembantu pimpinan, unsur pelayanan, badan pelaksana pusat, dan Komando Utama Operasi.",
    "Question": "Bagaimana koordinasi antarunsur di Mabes TNI berlangsung?",
    "Answer": "Melalui rapat staf, sistem komando kontrol, dan instruksi Panglima TNI."
  },
  {
    "Context": "(3) Markas Besar Angkatan terdiri atas unsur pimpinan, unsur pembantu pimpinan, unsur pelayanan, badan pelaksana pusat, dan Komando Utama Pembinaan.",
    "Question": "Siapa yang memimpin Komando Utama Pembinaan?",
    "Answer": "Kepala Staf Angkatan masing-masing memimpin komando pembinaan di angkatannya."
  },
  {
    "Context": "(1) Organisasi TNI terdiri atas Markas Besar TNI yang membawahkan Markas Besar TNI Angkatan Darat, Markas Besar TNI Angkatan Laut, dan Markas Besar TNI Angkatan Udara.",
    "Question": "Siapa yang memimpin Markas Besar TNI?",
    "Answer": "Panglima TNI."
  },
  {
    "Context": "(1) Organisasi TNI terdiri atas Markas Besar TNI yang membawahkan Markas Besar TNI Angkatan Darat, Markas Besar TNI Angkatan Laut, dan Markas Besar TNI Angkatan Udara.",
    "Question": "Bagaimana hubungan Markas Besar TNI dengan Kementerian Pertahanan?",
    "Answer": "Mabes TNI melaksanakan kebijakan yang ditetapkan Kementerian Pertahanan."
  },
  {
    "Context": "(2) Markas Besar TNI terdiri atas unsur pimpinan, unsur pembantu pimpinan, unsur pelayanan, badan pelaksana pusat, dan Komando Utama Operasi.",
    "Question": "Apa fungsi badan pelaksana pusat di Mabes TNI?",
    "Answer": "Memberikan dukungan teknis dan administratif lintas matra."
  },
  {
    "Context": "(3) Markas Besar Angkatan terdiri atas unsur pimpinan, unsur pembantu pimpinan, unsur pelayanan, badan pelaksana pusat, dan Komando Utama Pembinaan.",
    "Question": "Mengapa diperlukan unsur pelayanan di Mabes Angkatan?",
    "Answer": "Untuk memastikan kebutuhan administrasi dan logistik internal angkatan terpenuhi."
  },
  {
    "Context": "(4) Susunan organisasi TNI sebagaimana dimaksud pada ayat (1), diatur lebih lanjut dengan Keputusan Presiden.",
    "Question": "Apa wewenang Presiden terkait susunan organisasi TNI?",
    "Answer": "Menetapkan, mengubah, dan menyempurnakan struktur organisasi TNI melalui Keputusan Presiden."
  },
  {
    "Context": "(2) Markas Besar TNI terdiri atas unsur pimpinan, unsur pembantu pimpinan, unsur pelayanan, badan pelaksana pusat, dan Komando Utama Operasi.",
    "Question": "Apa contoh Komando Utama Operasi?",
    "Answer": "Komando Gabungan Wilayah Pertahanan (Kogabwilhan)."
  },
  {
    "Context": "(1) Organisasi TNI terdiri atas Markas Besar TNI yang membawahkan Markas Besar TNI Angkatan Darat, Markas Besar TNI Angkatan Laut, dan Markas Besar TNI Angkatan Udara. (2) Markas Besar TNI terdiri atas unsur pimpinan, unsur pembantu pimpinan, unsur pelayanan, badan pelaksana pusat, dan Komando Utama Operasi. (3) Markas Besar Angkatan terdiri atas unsur pimpinan, unsur pembantu pimpinan, unsur pelayanan, badan pelaksana pusat, dan Komando Utama Pembinaan. (4) Susunan organisasi TNI sebagaimana dimaksud pada ayat (1), diatur lebih lanjut dengan Keputusan Presiden.",
    "Question": "Bagaimana organisasi TNI beradaptasi jika ada ancaman baru di siber?",
    "Answer": "Struktur dapat diubah melalui Keputusan Presiden untuk menambah badan pelaksana pusat siber."
  },
  {
    "Context": "(1) Organisasi TNI terdiri atas Markas Besar TNI yang membawahkan Markas Besar TNI Angkatan Darat, Markas Besar TNI Angkatan Laut, dan Markas Besar TNI Angkatan Udara. (2) Markas Besar TNI terdiri atas unsur pimpinan, unsur pembantu pimpinan, unsur pelayanan, badan pelaksana pusat, dan Komando Utama Operasi. (3) Markas Besar Angkatan terdiri atas unsur pimpinan, unsur pembantu pimpinan, unsur pelayanan, badan pelaksana pusat, dan Komando Utama Pembinaan. (4) Susunan organisasi TNI sebagaimana dimaksud pada ayat (1), diatur lebih lanjut dengan Keputusan Presiden.",
    "Question": "Apa dampak reorganisasi Mabes TNI terhadap efektivitas komando?",
    "Answer": "Reorganisasi dapat meningkatkan kecepatan pengambilan keputusan dan interoperabilitas."
  },
  {
    "Context": "(1) Organisasi TNI terdiri atas Markas Besar TNI yang membawahkan Markas Besar TNI Angkatan Darat, Markas Besar TNI Angkatan Laut, dan Markas Besar TNI Angkatan Udara. (2) Markas Besar TNI terdiri atas unsur pimpinan, unsur pembantu pimpinan, unsur pelayanan, badan pelaksana pusat, dan Komando Utama Operasi. (3) Markas Besar Angkatan terdiri atas unsur pimpinan, unsur pembantu pimpinan, unsur pelayanan, badan pelaksana pusat, dan Komando Utama Pembinaan. (4) Susunan organisasi TNI sebagaimana dimaksud pada ayat (1), diatur lebih lanjut dengan Keputusan Presiden.",
    "Question": "Mengapa penting adanya badan pelaksana pusat di tingkat Mabes?",
    "Answer": "Untuk menyatukan dukungan teknis dan meminimalkan duplikasi di tiap angkatan."
  },
  {
    "Context": "(1) Organisasi TNI terdiri atas Markas Besar TNI yang membawahkan Markas Besar TNI Angkatan Darat, Markas Besar TNI Angkatan Laut, dan Markas Besar TNI Angkatan Udara. (2) Markas Besar TNI terdiri atas unsur pimpinan, unsur pembantu pimpinan, unsur pelayanan, badan pelaksana pusat, dan Komando Utama Operasi. (3) Markas Besar Angkatan terdiri atas unsur pimpinan, unsur pembantu pimpinan, unsur pelayanan, badan pelaksana pusat, dan Komando Utama Pembinaan. (4) Susunan organisasi TNI sebagaimana dimaksud pada ayat (1), diatur lebih lanjut dengan Keputusan Presiden.",
    "Question": "Bagaimana unsur pelayanan berkontribusi saat operasi penanggulangan bencana?",
    "Answer": "Menyediakan logistik, kesehatan, dan transportasi bagi satuan yang dikerahkan."
  },
  {
    "Context": "(1) Organisasi TNI terdiri atas Markas Besar TNI yang membawahkan Markas Besar TNI Angkatan Darat, Markas Besar TNI Angkatan Laut, dan Markas Besar TNI Angkatan Udara. (2) Markas Besar TNI terdiri atas unsur pimpinan, unsur pembantu pimpinan, unsur pelayanan, badan pelaksana pusat, dan Komando Utama Operasi. (3) Markas Besar Angkatan terdiri atas unsur pimpinan, unsur pembantu pimpinan, unsur pelayanan, badan pelaksana pusat, dan Komando Utama Pembinaan. (4) Susunan organisasi TNI sebagaimana dimaksud pada ayat (1), diatur lebih lanjut dengan Keputusan Presiden.",
    "Question": "Apa peran Panglima TNI dalam merekomendasikan perubahan organisasi?",
    "Answer": "Memberikan masukan strategis kepada Presiden terkait kebutuhan struktur baru."
  },
  {
    "Context": "(1) Organisasi TNI terdiri atas Markas Besar TNI yang membawahkan Markas Besar TNI Angkatan Darat, Markas Besar TNI Angkatan Laut, dan Markas Besar TNI Angkatan Udara. (2) Markas Besar TNI terdiri atas unsur pimpinan, unsur pembantu pimpinan, unsur pelayanan, badan pelaksana pusat, dan Komando Utama Operasi. (3) Markas Besar Angkatan terdiri atas unsur pimpinan, unsur pembantu pimpinan, unsur pelayanan, badan pelaksana pusat, dan Komando Utama Pembinaan. (4) Susunan organisasi TNI sebagaimana dimaksud pada ayat (1), diatur lebih lanjut dengan Keputusan Presiden.",
    "Question": "Bagaimana struktur organisasi TNI menjamin supremasi sipil?",
    "Answer": "Karena penetapannya melalui keputusan Presiden sebagai kepala pemerintahan sipil."
  },
  {
    "Context": "(1) Organisasi TNI terdiri atas Markas Besar TNI yang membawahkan Markas Besar TNI Angkatan Darat, Markas Besar TNI Angkatan Laut, dan Markas Besar TNI Angkatan Udara. (2) Markas Besar TNI terdiri atas unsur pimpinan, unsur pembantu pimpinan, unsur pelayanan, badan pelaksana pusat, dan Komando Utama Operasi. (3) Markas Besar Angkatan terdiri atas unsur pimpinan, unsur pembantu pimpinan, unsur pelayanan, badan pelaksana pusat, dan Komando Utama Pembinaan. (4) Susunan organisasi TNI sebagaimana dimaksud pada ayat (1), diatur lebih lanjut dengan Keputusan Presiden.",
    "Question": "Apa mekanisme evaluasi kinerja badan pelaksana pusat?",
    "Answer": "Audit internal, laporan kinerja, dan inspeksi Panglima TNI."
  },
  {
    "Context": "(1) Organisasi TNI terdiri atas Markas Besar TNI yang membawahkan Markas Besar TNI Angkatan Darat, Markas Besar TNI Angkatan Laut, dan Markas Besar TNI Angkatan Udara. (2) Markas Besar TNI terdiri atas unsur pimpinan, unsur pembantu pimpinan, unsur pelayanan, badan pelaksana pusat, dan Komando Utama Operasi. (3) Markas Besar Angkatan terdiri atas unsur pimpinan, unsur pembantu pimpinan, unsur pelayanan, badan pelaksana pusat, dan Komando Utama Pembinaan. (4) Susunan organisasi TNI sebagaimana dimaksud pada ayat (1), diatur lebih lanjut dengan Keputusan Presiden.",
    "Question": "Mengapa ada keseimbangan antara fungsi operasional dan pembinaan?",
    "Answer": "Agar TNI siap bertempur sekaligus terus meningkatkan kemampuan jangka panjang."
  },
  {
    "Context": "(1) Organisasi TNI terdiri atas Markas Besar TNI yang membawahkan Markas Besar TNI Angkatan Darat, Markas Besar TNI Angkatan Laut, dan Markas Besar TNI Angkatan Udara. (2) Markas Besar TNI terdiri atas unsur pimpinan, unsur pembantu pimpinan, unsur pelayanan, badan pelaksana pusat, dan Komando Utama Operasi. (3) Markas Besar Angkatan terdiri atas unsur pimpinan, unsur pembantu pimpinan, unsur pelayanan, badan pelaksana pusat, dan Komando Utama Pembinaan. (4) Susunan organisasi TNI sebagaimana dimaksud pada ayat (1), diatur lebih lanjut dengan Keputusan Presiden.",
    "Question": "Bagaimana unsur pelayanan mendukung kesejahteraan prajurit?",
    "Answer": "Dengan pengelolaan administrasi, kesehatan, dan fasilitas sosial."
  },
  {
    "Context": "(1) Organisasi TNI terdiri atas Markas Besar TNI yang membawahkan Markas Besar TNI Angkatan Darat, Markas Besar TNI Angkatan Laut, dan Markas Besar TNI Angkatan Udara. (2) Markas Besar TNI terdiri atas unsur pimpinan, unsur pembantu pimpinan, unsur pelayanan, badan pelaksana pusat, dan Komando Utama Operasi. (3) Markas Besar Angkatan terdiri atas unsur pimpinan, unsur pembantu pimpinan, unsur pelayanan, badan pelaksana pusat, dan Komando Utama Pembinaan. (4) Susunan organisasi TNI sebagaimana dimaksud pada ayat (1), diatur lebih lanjut dengan Keputusan Presiden.",
    "Question": "Contoh perubahan struktur yang pernah dibuat Presiden?",
    "Answer": "Pembentukan Kogabwilhan pada 2019 sebagai Komando Utama Operasi gabungan."
  },
  {
    "Context": "(1) Organisasi TNI terdiri atas Markas Besar TNI yang membawahkan Markas Besar TNI Angkatan Darat, Markas Besar TNI Angkatan Laut, dan Markas Besar TNI Angkatan Udara. (2) Markas Besar TNI terdiri atas unsur pimpinan, unsur pembantu pimpinan, unsur pelayanan, badan pelaksana pusat, dan Komando Utama Operasi. (3) Markas Besar Angkatan terdiri atas unsur pimpinan, unsur pembantu pimpinan, unsur pelayanan, badan pelaksana pusat, dan Komando Utama Pembinaan. (4) Susunan organisasi TNI sebagaimana dimaksud pada ayat (1), diatur lebih lanjut dengan Keputusan Presiden.",
    "Question": "Bagaimana organisasi TNI memastikan interoperabilitas tiga matra?",
    "Answer": "Melalui Komando Utama Operasi dan badan koordinasi di Mabes TNI."
  },
  {
    "Context": "(1) Organisasi TNI terdiri atas Markas Besar TNI yang membawahkan Markas Besar TNI Angkatan Darat, Markas Besar TNI Angkatan Laut, dan Markas Besar TNI Angkatan Udara. (2) Markas Besar TNI terdiri atas unsur pimpinan, unsur pembantu pimpinan, unsur pelayanan, badan pelaksana pusat, dan Komando Utama Operasi. (3) Markas Besar Angkatan terdiri atas unsur pimpinan, unsur pembantu pimpinan, unsur pelayanan, badan pelaksana pusat, dan Komando Utama Pembinaan. (4) Susunan organisasi TNI sebagaimana dimaksud pada ayat (1), diatur lebih lanjut dengan Keputusan Presiden.",
    "Question": "Apa tantangan utama dalam menata organisasi TNI?",
    "Answer": "Menyesuaikan struktur dengan ancaman mutakhir tanpa menambah birokrasi berlebihan."
  },
  {
    "Context": "(1) Organisasi TNI terdiri atas Markas Besar TNI yang membawahkan Markas Besar TNI Angkatan Darat, Markas Besar TNI Angkatan Laut, dan Markas Besar TNI Angkatan Udara. (2) Markas Besar TNI terdiri atas unsur pimpinan, unsur pembantu pimpinan, unsur pelayanan, badan pelaksana pusat, dan Komando Utama Operasi. (3) Markas Besar Angkatan terdiri atas unsur pimpinan, unsur pembantu pimpinan, unsur pelayanan, badan pelaksana pusat, dan Komando Utama Pembinaan. (4) Susunan organisasi TNI sebagaimana dimaksud pada ayat (1), diatur lebih lanjut dengan Keputusan Presiden.",
    "Question": "Bagaimana teknologi informasi mempengaruhi struktur organisasi TNI?",
    "Answer": "Mendorong pembentukan pusat siber dan integrasi sistem komando digital."
  },
  {
    "Context": "(1) Organisasi TNI terdiri atas Markas Besar TNI yang membawahkan Markas Besar TNI Angkatan Darat, Markas Besar TNI Angkatan Laut, dan Markas Besar TNI Angkatan Udara. (2) Markas Besar TNI terdiri atas unsur pimpinan, unsur pembantu pimpinan, unsur pelayanan, badan pelaksana pusat, dan Komando Utama Operasi. (3) Markas Besar Angkatan terdiri atas unsur pimpinan, unsur pembantu pimpinan, unsur pelayanan, badan pelaksana pusat, dan Komando Utama Pembinaan. (4) Susunan organisasi TNI sebagaimana dimaksud pada ayat (1), diatur lebih lanjut dengan Keputusan Presiden.",
    "Question": "Bagaimana unsur pembantu pimpinan mendukung Panglima TNI?",
    "Answer": "Dengan analisis strategis, perencanaan operasi, dan koordinasi antar matra."
  },
  {
    "Context": "(1) Organisasi TNI terdiri atas Markas Besar TNI yang membawahkan Markas Besar TNI Angkatan Darat, Markas Besar TNI Angkatan Laut, dan Markas Besar TNI Angkatan Udara. (2) Markas Besar TNI terdiri atas unsur pimpinan, unsur pembantu pimpinan, unsur pelayanan, badan pelaksana pusat, dan Komando Utama Operasi. (3) Markas Besar Angkatan terdiri atas unsur pimpinan, unsur pembantu pimpinan, unsur pelayanan, badan pelaksana pusat, dan Komando Utama Pembinaan. (4) Susunan organisasi TNI sebagaimana dimaksud pada ayat (1), diatur lebih lanjut dengan Keputusan Presiden.",
    "Question": "Apa peranan Inspektorat Jenderal dalam struktur Mabes TNI?",
    "Answer": "Melakukan pengawasan dan pemeriksaan internal untuk memastikan akuntabilitas."
  },
  {
    "Context": "(1) Organisasi TNI terdiri atas Markas Besar TNI yang membawahkan Markas Besar TNI Angkatan Darat, Markas Besar TNI Angkatan Laut, dan Markas Besar TNI Angkatan Udara. (2) Markas Besar TNI terdiri atas unsur pimpinan, unsur pembantu pimpinan, unsur pelayanan, badan pelaksana pusat, dan Komando Utama Operasi. (3) Markas Besar Angkatan terdiri atas unsur pimpinan, unsur pembantu pimpinan, unsur pelayanan, badan pelaksana pusat, dan Komando Utama Pembinaan. (4) Susunan organisasi TNI sebagaimana dimaksud pada ayat (1), diatur lebih lanjut dengan Keputusan Presiden.",
    "Question": "Bagaimana unsur pelayanan mendukung modernisasi alutsista?",
    "Answer": "Dengan proses pengadaan, pemeliharaan, dan distribusi suku cadang pusat."
  },
  {
    "Context": "(1) Organisasi TNI terdiri atas Markas Besar TNI yang membawahkan Markas Besar TNI Angkatan Darat, Markas Besar TNI Angkatan Laut, dan Markas Besar TNI Angkatan Udara. (2) Markas Besar TNI terdiri atas unsur pimpinan, unsur pembantu pimpinan, unsur pelayanan, badan pelaksana pusat, dan Komando Utama Operasi. (3) Markas Besar Angkatan terdiri atas unsur pimpinan, unsur pembantu pimpinan, unsur pelayanan, badan pelaksana pusat, dan Komando Utama Pembinaan. (4) Susunan organisasi TNI sebagaimana dimaksud pada ayat (1), diatur lebih lanjut dengan Keputusan Presiden.",
    "Question": "Apa implikasi Komando Utama Operasi lintas matra?",
    "Answer": "Memungkinkan pengerahan gabungan yang cepat dan sinergis."
  },
  {
    "Context": "(1) Organisasi TNI terdiri atas Markas Besar TNI yang membawahkan Markas Besar TNI Angkatan Darat, Markas Besar TNI Angkatan Laut, dan Markas Besar TNI Angkatan Udara. (2) Markas Besar TNI terdiri atas unsur pimpinan, unsur pembantu pimpinan, unsur pelayanan, badan pelaksana pusat, dan Komando Utama Operasi. (3) Markas Besar Angkatan terdiri atas unsur pimpinan, unsur pembantu pimpinan, unsur pelayanan, badan pelaksana pusat, dan Komando Utama Pembinaan. (4) Susunan organisasi TNI sebagaimana dimaksud pada ayat (1), diatur lebih lanjut dengan Keputusan Presiden.",
    "Question": "Bagaimana organisasi TNI mendukung tugas OMSP?",
    "Answer": "Struktur fleksibel dengan Komando Operasi untuk penanggulangan teror, bencana, dan SAR."
  },
  {
    "Context": "(1) Organisasi TNI terdiri atas Markas Besar TNI yang membawahkan Markas Besar TNI Angkatan Darat, Markas Besar TNI Angkatan Laut, dan Markas Besar TNI Angkatan Udara. (2) Markas Besar TNI terdiri atas unsur pimpinan, unsur pembantu pimpinan, unsur pelayanan, badan pelaksana pusat, dan Komando Utama Operasi. (3) Markas Besar Angkatan terdiri atas unsur pimpinan, unsur pembantu pimpinan, unsur pelayanan, badan pelaksana pusat, dan Komando Utama Pembinaan. (4) Susunan organisasi TNI sebagaimana dimaksud pada ayat (1), diatur lebih lanjut dengan Keputusan Presiden.",
    "Question": "Siapa yang berada di unsur pimpinan Mabes Angkatan?",
    "Answer": "Kepala Staf Angkatan dan jajaran pembantu utamanya."
  },
  {
    "Context": "(1) Organisasi TNI terdiri atas Markas Besar TNI yang membawahkan Markas Besar TNI Angkatan Darat, Markas Besar TNI Angkatan Laut, dan Markas Besar TNI Angkatan Udara. (2) Markas Besar TNI terdiri atas unsur pimpinan, unsur pembantu pimpinan, unsur pelayanan, badan pelaksana pusat, dan Komando Utama Operasi. (3) Markas Besar Angkatan terdiri atas unsur pimpinan, unsur pembantu pimpinan, unsur pelayanan, badan pelaksana pusat, dan Komando Utama Pembinaan. (4) Susunan organisasi TNI sebagaimana dimaksud pada ayat (1), diatur lebih lanjut dengan Keputusan Presiden.",
    "Question": "Mengapa badan pelaksana pusat perlu lintas angkatan?",
    "Answer": "Untuk efisiensi dan standarisasi dukungan teknis seluruh TNI."
  },
  {
    "Context": "(1) Organisasi TNI terdiri atas Markas Besar TNI yang membawahkan Markas Besar TNI Angkatan Darat, Markas Besar TNI Angkatan Laut, dan Markas Besar TNI Angkatan Udara. (2) Markas Besar TNI terdiri atas unsur pimpinan, unsur pembantu pimpinan, unsur pelayanan, badan pelaksana pusat, dan Komando Utama Operasi. (3) Markas Besar Angkatan terdiri atas unsur pimpinan, unsur pembantu pimpinan, unsur pelayanan, badan pelaksana pusat, dan Komando Utama Pembinaan. (4) Susunan organisasi TNI sebagaimana dimaksud pada ayat (1), diatur lebih lanjut dengan Keputusan Presiden.",
    "Question": "Bagaimana struktur ini memastikan akuntabilitas keuangan?",
    "Answer": "Dengan jalur laporan ke Panglima dan pengawasan Inspektorat dan BPK."
  },
  {
    "Context": "(1) Organisasi TNI terdiri atas Markas Besar TNI yang membawahkan Markas Besar TNI Angkatan Darat, Markas Besar TNI Angkatan Laut, dan Markas Besar TNI Angkatan Udara. (2) Markas Besar TNI terdiri atas unsur pimpinan, unsur pembantu pimpinan, unsur pelayanan, badan pelaksana pusat, dan Komando Utama Operasi. (3) Markas Besar Angkatan terdiri atas unsur pimpinan, unsur pembantu pimpinan, unsur pelayanan, badan pelaksana pusat, dan Komando Utama Pembinaan. (4) Susunan organisasi TNI sebagaimana dimaksud pada ayat (1), diatur lebih lanjut dengan Keputusan Presiden.",
    "Question": "Apa manfaat pemisahan Badan Pelaksana Pusat dari Komando Operasi?",
    "Answer": "Memperjelas fungsi dukungan strategis dan fungsi tempur operasional."
  },
  {
    "Context": "(1) Organisasi TNI terdiri atas Markas Besar TNI yang membawahkan Markas Besar TNI Angkatan Darat, Markas Besar TNI Angkatan Laut, dan Markas Besar TNI Angkatan Udara. (2) Markas Besar TNI terdiri atas unsur pimpinan, unsur pembantu pimpinan, unsur pelayanan, badan pelaksana pusat, dan Komando Utama Operasi. (3) Markas Besar Angkatan terdiri atas unsur pimpinan, unsur pembantu pimpinan, unsur pelayanan, badan pelaksana pusat, dan Komando Utama Pembinaan. (4) Susunan organisasi TNI sebagaimana dimaksud pada ayat (1), diatur lebih lanjut dengan Keputusan Presiden.",
    "Question": "Bagaimana peran Sekretariat Jenderal TNI dalam unsur pelayanan?",
    "Answer": "Mengelola administrasi umum, kepegawaian, dan keuangan Mabes TNI."
  },
  {
    "Context": "(1) Organisasi TNI terdiri atas Markas Besar TNI yang membawahkan Markas Besar TNI Angkatan Darat, Markas Besar TNI Angkatan Laut, dan Markas Besar TNI Angkatan Udara. (2) Markas Besar TNI terdiri atas unsur pimpinan, unsur pembantu pimpinan, unsur pelayanan, badan pelaksana pusat, dan Komando Utama Operasi. (3) Markas Besar Angkatan terdiri atas unsur pimpinan, unsur pembantu pimpinan, unsur pelayanan, badan pelaksana pusat, dan Komando Utama Pembinaan. (4) Susunan organisasi TNI sebagaimana dimaksud pada ayat (1), diatur lebih lanjut dengan Keputusan Presiden.",
    "Question": "Apa yang dimaksud interoperabilitas dalam konteks Mabes TNI?",
    "Answer": "Kemampuan sistem, prosedur, dan personel tiga matra bekerja bersama secara efektif."
  },
  {
    "Context": "(1) Organisasi TNI terdiri atas Markas Besar TNI yang membawahkan Markas Besar TNI Angkatan Darat, Markas Besar TNI Angkatan Laut, dan Markas Besar TNI Angkatan Udara. (2) Markas Besar TNI terdiri atas unsur pimpinan, unsur pembantu pimpinan, unsur pelayanan, badan pelaksana pusat, dan Komando Utama Operasi. (3) Markas Besar Angkatan terdiri atas unsur pimpinan, unsur pembantu pimpinan, unsur pelayanan, badan pelaksana pusat, dan Komando Utama Pembinaan. (4) Susunan organisasi TNI sebagaimana dimaksud pada ayat (1), diatur lebih lanjut dengan Keputusan Presiden.",
    "Question": "Bagaimana susunan organisasi diulas jika situasi geopolitik berubah?",
    "Answer": "Melalui kajian strategis Kemenhan dan rekomendasi Panglima untuk keputusan Presiden."
  }
]