[
  {
    "Context": "Tugas pokok TNI adalah menegakkan kedaulatan negara, mempertahankan keutuhan wilayah Negara Kesatuan Republik Indonesia yang berdasarkan Pancasila dan UUD 1945, serta melindungi segenap bangsa dan seluruh tumpah darah Indonesia dari ancaman dan gangguan terhadap keutuhan bangsa dan negara.",
    "Question": "Apa tugas pokok TNI menurut Pasal 7 ayat (1)?",
    "Answer": "Tugas pokok TNI adalah menegakkan kedaulatan, mempertahankan keutuhan wilayah NKRI, dan melindungi seluruh bangsa dari ancaman."
  },
  {
    "Context": "Tugas pokok TNI adalah menegakkan kedaulatan negara, mempertahankan keutuhan wilayah Negara Kesatuan Republik Indonesia yang berdasarkan Pancasila dan UUD 1945, serta melindungi segenap bangsa dan seluruh tumpah darah Indonesia dari ancaman dan gangguan terhadap keutuhan bangsa dan negara.",
    "Question": "Mengapa TNI harus mempertahankan keutuhan wilayah NKRI?",
    "Answer": "Karena menjaga keutuhan wilayah memastikan kedaulatan dan kesatuan nasional tetap terpelihara."
  },
  {
    "Context": "Tugas pokok TNI adalah menegakkan kedaulatan negara, mempertahankan keutuhan wilayah Negara Kesatuan Republik Indonesia yang berdasarkan Pancasila dan UUD 1945, serta melindungi segenap bangsa dan seluruh tumpah darah Indonesia dari ancaman dan gangguan terhadap keutuhan bangsa dan negara.",
    "Question": "Apa makna 'melindungi segenap bangsa' dalam konteks tugas TNI?",
    "Answer": "Maknanya TNI bertanggung jawab melindungi seluruh rakyat Indonesia tanpa kecuali dari ancaman dan gangguan."
  },
  {
    "Context": "Tugas pokok sebagaimana dimaksud pada ayat (1) dilakukan dengan operasi militer untuk perang dan operasi militer selain perang (OMSP).",
    "Question": "Bagaimana cara TNI melaksanakan tugas pokok menurut ayat (2)?",
    "Answer": "TNI melaksanakan tugas pokok melalui operasi militer untuk perang dan operasi militer selain perang (OMSP)."
  },
  {
    "Context": "Tugas pokok sebagaimana dimaksud pada ayat (1) dilakukan dengan operasi militer untuk perang dan operasi militer selain perang (OMSP).",
    "Question": "Apa perbedaan operasi militer untuk perang dan OMSP?",
    "Answer": "Operasi militer untuk perang menghadapi kekuatan bersenjata negara lain, sedangkan OMSP menangani tugas non‑perang seperti penanggulangan terorisme dan bantuan bencana."
  },
  {
    "Context": "Operasi militer selain perang (OMSP) meliputi 14 tugas, antara lain 1. mengatasi gerakan separatis bersenjata; 2. mengatasi pemberontakan bersenjata; 3. mengatasi aksi terorisme; 4. mengamankan wilayah perbatasan; 5. mengamankan objek vital nasional yang bersifat strategis; 6. melaksanakan tugas perdamaian dunia sesuai dengan kebijakan politik luar negeri; 7. mengamankan Presiden dan Wakil Presiden beserta keluarganya; 8. memberdayakan wilayah pertahanan dan kekuatan pendukungnya secara dini sesuai dengan sistem pertahanan semesta; 9. membantu tugas pemerintahan di daerah; 10. membantu Kepolisian Negara Republik Indonesia dalam rangka tugas keamanan dan ketertiban masyarakat; 11. membantu mengamankan tamu negara setingkat kepala negara dan perwakilan pemerintah asing di Indonesia; 12. membantu menanggulangi akibat bencana alam, pengungsian, dan pemberian bantuan kemanusiaan; 13. membantu pencarian dan pertolongan dalam kecelakaan (search and rescue); 14. membantu pemerintah dalam pengamanan pelayaran dan penerbangan terhadap pembajakan, perompakan, dan penyelundupan.",
    "Question": "Sebutkan secara singkat apa saja yang termasuk OMSP?",
    "Answer": "OMSP mencakup 14 tugas antara lain menanggulangi separatisme bersenjata, terorisme, menjaga perbatasan, hingga bantuan kemanusiaan."
  },
  {
    "Context": "1. mengatasi gerakan separatis bersenjata",
    "Question": "Apa tujuan TNI mengatasi gerakan separatis bersenjata menurut Pasal 7 ayat (2)?",
    "Answer": "Tujuannya memastikan keamanan nasional dengan mengatasi gerakan separatis bersenjata agar stabilitas dan keutuhan negara terjaga."
  },
  {
    "Context": "2. mengatasi pemberontakan bersenjata",
    "Question": "Apa tujuan TNI mengatasi pemberontakan bersenjata menurut Pasal 7 ayat (2)?",
    "Answer": "Tujuannya memastikan keamanan nasional dengan mengatasi pemberontakan bersenjata agar stabilitas dan keutuhan negara terjaga."
  },
  {
    "Context": "3. mengatasi aksi terorisme",
    "Question": "Apa tujuan TNI mengatasi aksi terorisme menurut Pasal 7 ayat (2)?",
    "Answer": "Tujuannya memastikan keamanan nasional dengan mengatasi aksi terorisme agar stabilitas dan keutuhan negara terjaga."
  },
  {
    "Context": "4. mengamankan wilayah perbatasan",
    "Question": "Apa tujuan TNI mengamankan wilayah perbatasan menurut Pasal 7 ayat (2)?",
    "Answer": "Tujuannya memastikan keamanan nasional dengan mengamankan wilayah perbatasan agar stabilitas dan keutuhan negara terjaga."
  },
  {
    "Context": "5. mengamankan objek vital nasional yang bersifat strategis",
    "Question": "Apa tujuan TNI mengamankan objek vital nasional strategis menurut Pasal 7 ayat (2)?",
    "Answer": "Tujuannya memastikan keamanan nasional dengan mengamankan objek vital nasional strategis agar stabilitas dan keutuhan negara terjaga."
  },
  {
    "Context": "6. melaksanakan tugas perdamaian dunia sesuai dengan kebijakan politik luar negeri",
    "Question": "Apa tujuan TNI melaksanakan tugas perdamaian dunia menurut Pasal 7 ayat (2)?",
    "Answer": "Tujuannya memastikan keamanan nasional dengan melaksanakan tugas perdamaian dunia agar stabilitas dan keutuhan negara terjaga."
  },
  {
    "Context": "7. mengamankan Presiden dan Wakil Presiden beserta keluarganya",
    "Question": "Apa tujuan TNI mengamankan Presiden dan Wakil Presiden menurut Pasal 7 ayat (2)?",
    "Answer": "Tujuannya memastikan keamanan nasional dengan mengamankan Presiden dan Wakil Presiden agar stabilitas dan keutuhan negara terjaga."
  },
  {
    "Context": "8. memberdayakan wilayah pertahanan dan kekuatan pendukungnya secara dini sesuai dengan sistem pertahanan semesta",
    "Question": "Apa tujuan TNI memberdayakan wilayah pertahanan secara dini menurut Pasal 7 ayat (2)?",
    "Answer": "Tujuannya memastikan keamanan nasional dengan memberdayakan wilayah pertahanan secara dini agar stabilitas dan keutuhan negara terjaga."
  },
  {
    "Context": "9. membantu tugas pemerintahan di daerah",
    "Question": "Apa tujuan TNI membantu tugas pemerintahan di daerah menurut Pasal 7 ayat (2)?",
    "Answer": "Tujuannya memastikan keamanan nasional dengan membantu tugas pemerintahan di daerah agar stabilitas dan keutuhan negara terjaga."
  },
  {
    "Context": "10. membantu Kepolisian Negara Republik Indonesia dalam rangka tugas keamanan dan ketertiban masyarakat",
    "Question": "Apa tujuan TNI membantu Kepolisian dalam tugas Kamtibmas menurut Pasal 7 ayat (2)?",
    "Answer": "Tujuannya memastikan keamanan nasional dengan membantu Kepolisian dalam tugas Kamtibmas agar stabilitas dan keutuhan negara terjaga."
  },
  {
    "Context": "11. membantu mengamankan tamu negara setingkat kepala negara dan perwakilan pemerintah asing di Indonesia",
    "Question": "Apa tujuan TNI mengamankan tamu negara menurut Pasal 7 ayat (2)?",
    "Answer": "Tujuannya memastikan keamanan nasional dengan mengamankan tamu negara agar stabilitas dan keutuhan negara terjaga."
  },
  {
    "Context": "12. membantu menanggulangi akibat bencana alam, pengungsian, dan pemberian bantuan kemanusiaan",
    "Question": "Apa tujuan TNI menanggulangi bencana dan bantuan kemanusiaan menurut Pasal 7 ayat (2)?",
    "Answer": "Tujuannya memastikan keamanan nasional dengan menanggulangi bencana dan bantuan kemanusiaan agar stabilitas dan keutuhan negara terjaga."
  },
  {
    "Context": "13. membantu pencarian dan pertolongan dalam kecelakaan (search and rescue)",
    "Question": "Apa tujuan TNI melakukan search and rescue menurut Pasal 7 ayat (2)?",
    "Answer": "Tujuannya memastikan keamanan nasional dengan melakukan search and rescue agar stabilitas dan keutuhan negara terjaga."
  },
  {
    "Context": "14. membantu pemerintah dalam pengamanan pelayaran dan penerbangan terhadap pembajakan, perompakan, dan penyelundupan",
    "Question": "Apa tujuan TNI mengamankan pelayaran dan penerbangan menurut Pasal 7 ayat (2)?",
    "Answer": "Tujuannya memastikan keamanan nasional dengan mengamankan pelayaran dan penerbangan agar stabilitas dan keutuhan negara terjaga."
  },
  {
    "Context": "1. mengatasi gerakan separatis bersenjata",
    "Question": "Bagaimana TNI mengatasi gerakan separatis bersenjata?",
    "Answer": "TNI melakukan operasi intelijen, dialog, dan tindakan militer terukur untuk meredam separatisme tanpa menimbulkan kerusakan berlebihan."
  },
  {
    "Context": "3. mengatasi aksi terorisme",
    "Question": "Mengapa pemberantasan terorisme termasuk OMSP?",
    "Answer": "Karena terorisme mengancam keamanan nasional namun tidak selalu melibatkan perang antarnegara, sehingga ditangani melalui OMSP."
  },
  {
    "Context": "4. mengamankan wilayah perbatasan",
    "Question": "Apa bentuk kegiatan TNI dalam pengamanan wilayah perbatasan?",
    "Answer": "TNI menggelar patroli, membangun pos penjagaan, dan bekerja sama dengan aparat sipil guna mencegah pelanggaran batas."
  },
  {
    "Context": "6. melaksanakan tugas perdamaian dunia sesuai dengan kebijakan politik luar negeri",
    "Question": "Sebutkan contoh partisipasi TNI dalam tugas perdamaian dunia!",
    "Answer": "Contohnya pengiriman pasukan Garuda sebagai bagian misi perdamaian PBB di berbagai negara."
  },
  {
    "Context": "12. membantu menanggulangi akibat bencana alam, pengungsian, dan pemberian bantuan kemanusiaan",
    "Question": "Bagaimana kontribusi TNI saat terjadi bencana alam?",
    "Answer": "TNI menyediakan evakuasi, layanan medis darurat, distribusi logistik, dan pembangunan fasilitas sementara."
  },
  {
    "Context": "13. membantu pencarian dan pertolongan dalam kecelakaan (search and rescue)",
    "Question": "Apa saja sarana TNI dalam operasi SAR?",
    "Answer": "TNI menggunakan helikopter, kapal, dan tim darat terlatih untuk menemukan serta menolong korban kecelakaan."
  },
  {
    "Context": "14. membantu pemerintah dalam pengamanan pelayaran dan penerbangan terhadap pembajakan, perompakan, dan penyelundupan",
    "Question": "Bagaimana TNI mendukung keamanan pelayaran nasional?",
    "Answer": "TNI AL mengintensifkan patroli laut, sedangkan TNI AU memantau ruang udara guna mencegah pembajakan dan penyelundupan."
  },
  {
    "Context": "10. membantu Kepolisian Negara Republik Indonesia dalam rangka tugas keamanan dan ketertiban masyarakat",
    "Question": "Dalam kondisi apa TNI dapat membantu Polri?",
    "Answer": "TNI dapat dilibatkan saat situasi keamanan melampaui kapasitas Polri, berdasarkan permintaan resmi dan aturan hukum."
  },
  {
    "Context": "5. mengamankan objek vital nasional yang bersifat strategis",
    "Question": "Apa contoh objek vital nasional strategis yang diamankan TNI?",
    "Answer": "Contohnya instalasi energi, pelabuhan utama, dan fasilitas komunikasi strategis."
  },
  {
    "Context": "7. mengamankan Presiden dan Wakil Presiden beserta keluarganya",
    "Question": "Mengapa pengamanan Presiden termasuk tugas TNI?",
    "Answer": "Karena kepala negara adalah simbol kedaulatan dan kontinuitas pemerintahan sehingga membutuhkan pengamanan tingkat tinggi."
  },
  {
    "Context": "8. memberdayakan wilayah pertahanan dan kekuatan pendukungnya secara dini",
    "Question": "Apa yang dimaksud pemberdayaan wilayah pertahanan secara dini?",
    "Answer": "Yaitu membangun kesiapan masyarakat dan infrastruktur pertahanan sebelum terjadi ancaman."
  }
]