[
  {
    "Context": "(1) Dalam pengerahan dan penggunaan kekuatan militer, TNI berkedudukan di bawah Presiden.",
    "Question": "Apa yang dimaksud dengan kedudukan TNI di bawah Presiden menurut Pasal 3 ayat (1)?",
    "Answer": "Pasal 3 ayat (1) menegaskan bahwa dalam pengerahan dan penggunaan kekuatan militer, TNI berada langsung di bawah komando Presiden."
  },
  {
    "Context": "(1) Dalam pengerahan dan penggunaan kekuatan militer, TNI berkedudukan di bawah Presiden.",
    "Question": "Siapakah yang memegang wewenang atas pengerahan kekuatan militer TNI?",
    "Answer": "Presiden memegang wewenang atas pengerahan dan penggunaan kekuatan militer TNI."
  },
  {
    "Context": "(1) Dalam pengerahan dan penggunaan kekuatan militer, TNI berkedudukan di bawah Presiden.",
    "Question": "Mengapa TNI berada di bawah Presiden dalam pengerahan kekuatan militer?",
    "Answer": "Agar keputusan penggunaan kekuatan militer tetap berada di tangan otoritas sipil tertinggi sesuai prinsip supremasi sipil."
  },
  {
    "Context": "(1) Dalam pengerahan dan penggunaan kekuatan militer, TNI berkedudukan di bawah Presiden.",
    "Question": "Apa yang dimaksud dengan 'pengerahan dan penggunaan kekuatan militer' dalam Pasal 3 ayat (1)?",
    "Answer": "Istilah tersebut mencakup keputusan untuk mengaktifkan, menugaskan, dan mengoperasikan satuan TNI dalam rangka pertahanan negara."
  },
  {
    "Context": "(1) Dalam pengerahan dan penggunaan kekuatan militer, TNI berkedudukan di bawah Presiden.",
    "Question": "Bagaimana proses penetapan operasi militer sesuai ayat (1)?",
    "Answer": "Operasi militer ditetapkan melalui perintah Presiden setelah mempertimbangkan rekomendasi Panglima TNI dan kementerian terkait."
  },
  {
    "Context": "(2) Dalam kebijakan dan strategi pertahanan serta dukungan administrasi, TNI di bawah koordinasi Departemen Pertahanan.",
    "Question": "Menurut Pasal 3 ayat (2), dalam urusan apa TNI dikoordinasikan oleh Departemen Pertahanan?",
    "Answer": "TNI dikoordinasikan oleh Departemen Pertahanan dalam kebijakan, strategi pertahanan, dan dukungan administrasi."
  },
  {
    "Context": "(2) Dalam kebijakan dan strategi pertahanan serta dukungan administrasi, TNI di bawah koordinasi Departemen Pertahanan.",
    "Question": "Apa peran Departemen Pertahanan dalam kebijakan pertahanan?",
    "Answer": "Departemen Pertahanan merumuskan kebijakan dan strategi pertahanan serta memastikan dukungan administrasi bagi TNI."
  },
  {
    "Context": "(2) Dalam kebijakan dan strategi pertahanan serta dukungan administrasi, TNI di bawah koordinasi Departemen Pertahanan.",
    "Question": "Mengapa dukungan administrasi TNI dikoordinasikan dengan Departemen Pertahanan?",
    "Answer": "Agar perencanaan anggaran, logistik, dan sumber daya pertahanan terpadu di bawah kementerian yang bertanggung jawab di bidang pertahanan."
  },
  {
    "Context": "(1) Dalam pengerahan dan penggunaan kekuatan militer, TNI berkedudukan di bawah Presiden. (2) Dalam kebijakan dan strategi pertahanan serta dukungan administrasi, TNI di bawah koordinasi Departemen Pertahanan.",
    "Question": "Apa perbedaan kedudukan TNI dalam ayat (1) dan ayat (2)?",
    "Answer": "Ayat (1) menempatkan TNI di bawah Presiden untuk operasi militer, sedangkan ayat (2) menempatkan TNI di bawah koordinasi Departemen Pertahanan untuk kebijakan, strategi, dan administrasi."
  },
  {
    "Context": "(2) Dalam kebijakan dan strategi pertahanan serta dukungan administrasi, TNI di bawah koordinasi Departemen Pertahanan.",
    "Question": "Siapa yang berperan dalam urusan kebijakan pertahanan TNI?",
    "Answer": "Departemen Pertahanan berperan melalui koordinasi kebijakan dan strategi pertahanan."
  },
  {
    "Context": "(1) Dalam pengerahan dan penggunaan kekuatan militer, TNI berkedudukan di bawah Presiden. (2) Dalam kebijakan dan strategi pertahanan serta dukungan administrasi, TNI di bawah koordinasi Departemen Pertahanan.",
    "Question": "Bagaimana hubungan Presiden dan Departemen Pertahanan menurut Pasal 3?",
    "Answer": "Presiden memimpin pengerahan kekuatan militer, sementara Departemen Pertahanan mengoordinasikan kebijakan pertahanan dan administrasi TNI."
  },
  {
    "Context": "(1) Dalam pengerahan dan penggunaan kekuatan militer, TNI berkedudukan di bawah Presiden.",
    "Question": "Jika terjadi situasi darurat militer, kepada siapa TNI harus melapor?",
    "Answer": "TNI melapor dan menunggu arahan langsung dari Presiden."
  },
  {
    "Context": "(2) Dalam kebijakan dan strategi pertahanan serta dukungan administrasi, TNI di bawah koordinasi Departemen Pertahanan.",
    "Question": "Dalam penyusunan anggaran pertahanan, ayat mana yang menjadi dasar koordinasi TNI dengan Departemen Pertahanan?",
    "Answer": "Ayat (2) menjadi dasar koordinasi dalam dukungan administrasi termasuk anggaran."
  },
  {
    "Context": "(1) Dalam pengerahan dan penggunaan kekuatan militer, TNI berkedudukan di bawah Presiden. (2) Dalam kebijakan dan strategi pertahanan serta dukungan administrasi, TNI di bawah koordinasi Departemen Pertahanan.",
    "Question": "Bagaimana Pasal 3 mencerminkan prinsip supremasi sipil atas militer?",
    "Answer": "Dengan menempatkan kekuatan militer di bawah Presiden dan kebijakan strategis di bawah kementerian sipil, Pasal 3 menegakkan kontrol sipil atas TNI."
  },
  {
    "Context": "(1) Dalam pengerahan dan penggunaan kekuatan militer, TNI berkedudukan di bawah Presiden.",
    "Question": "Apakah Pasal 3 mengizinkan TNI memutuskan strategi pertahanan sendiri?",
    "Answer": "Tidak, strategi pertahanan dirumuskan bersama Departemen Pertahanan sebagaimana diatur pada ayat (2)."
  },
  {
    "Context": "(2) Dalam kebijakan dan strategi pertahanan serta dukungan administrasi, TNI di bawah koordinasi Departemen Pertahanan.",
    "Question": "Bagaimana mekanisme koordinasi administrasi antara TNI dan Departemen Pertahanan?",
    "Answer": "Melalui perencanaan bersama, sistem pelaporan, dan penetapan kebutuhan logistik yang disetujui oleh Departemen Pertahanan."
  },
  {
    "Context": "(1) Dalam pengerahan dan penggunaan kekuatan militer, TNI berkedudukan di bawah Presiden. (2) Dalam kebijakan dan strategi pertahanan serta dukungan administrasi, TNI di bawah koordinasi Departemen Pertahanan.",
    "Question": "Mengapa penting memisahkan wewenang operasional dan kebijakan sebagaimana di Pasal 3?",
    "Answer": "PemIsahan ini mencegah konflik kepentingan dan memastikan keputusan militer diambil secara terkontrol dan akuntabel."
  },
  {
    "Context": "(1) Dalam pengerahan dan penggunaan kekuatan militer, TNI berkedudukan di bawah Presiden.",
    "Question": "Apa tanggung jawab utama Presiden sesuai ayat (1)?",
    "Answer": "Presiden bertanggung jawab atas pengerahan dan penggunaan kekuatan militer TNI."
  },
  {
    "Context": "(2) Dalam kebijakan dan strategi pertahanan serta dukungan administrasi, TNI di bawah koordinasi Departemen Pertahanan.",
    "Question": "Jelaskan singkat peran Departemen Pertahanan sebagai koordinator dalam ayat (2).",
    "Answer": "Departemen Pertahanan mengoordinasikan penyusunan kebijakan pertahanan, strategi, dan dukungan administrasi bagi TNI."
  },
  {
    "Context": "(1) Dalam pengerahan dan penggunaan kekuatan militer, TNI berkedudukan di bawah Presiden. (2) Dalam kebijakan dan strategi pertahanan serta dukungan administrasi, TNI di bawah koordinasi Departemen Pertahanan.",
    "Question": "Bagaimana Pasal 3 membantu menjaga transparansi penggunaan anggaran pertahanan?",
    "Answer": "Dengan menempatkan dukungan administrasi di bawah Departemen Pertahanan, proses anggaran dipantau kementerian sipil dan diawasi Presiden."
  }
]