[
  {
    "Context": "1. memimpin Angkatan dalam pembinaan kekuatan dan kesiapan operasional Angkatan;",
    "Question": "Apa isi tugas Kepala Staf Angkatan nomor 1?",
    "Answer": "1. memimpin Angkatan dalam pembinaan kekuatan dan kesiapan operasional Angkatan"
  },
  {
    "Context": "2. membantu Panglima dalam menyusun kebijakan tentang pengembangan postur, doktrin, dan strategi serta operasi militer sesuai dengan matra masing‑masing;",
    "Question": "Apa isi tugas Kepala Staf Angkatan nomor 2?",
    "Answer": "2. membantu Panglima dalam menyusun kebijakan tentang pengembangan postur, doktrin, dan strategi serta operasi militer sesuai dengan matra masing‑masing"
  },
  {
    "Context": "3. membantu Panglima dalam penggunaan komponen pertahanan negara sesuai dengan kebutuhan Angkatan;",
    "Question": "Apa isi tugas Kepala Staf Angkatan nomor 3?",
    "Answer": "3. membantu Panglima dalam penggunaan komponen pertahanan negara sesuai dengan kebutuhan Angkatan"
  },
  {
    "Context": "4. melaksanakan tugas lain sesuai dengan matra masing‑masing yang diberikan oleh Panglima.",
    "Question": "Apa isi tugas Kepala Staf Angkatan nomor 4?",
    "Answer": "4. melaksanakan tugas lain sesuai dengan matra masing‑masing yang diberikan oleh Panglima."
  },
  {
    "Context": "Pasal 16",
    "Question": "Berapa jumlah tugas Kepala Staf Angkatan menurut Pasal 16?",
    "Answer": "Terdapat 4 tugas dan kewajiban."
  },
  {
    "Context": "Pasal 16",
    "Question": "Apa peran umum Kepala Staf Angkatan?",
    "Answer": "Memimpin pembinaan angkatan dan membantu Panglima dalam kebijakan serta penggunaan kekuatan."
  },
  {
    "Context": "1. memimpin Angkatan dalam pembinaan kekuatan dan kesiapan operasional Angkatan;",
    "Question": "Apa yang dimaksud pembinaan kekuatan Angkatan?",
    "Answer": "Proses meningkatkan kemampuan personel, alutsista, dan organisasi angkatan."
  },
  {
    "Context": "1. memimpin Angkatan dalam pembinaan kekuatan dan kesiapan operasional Angkatan;",
    "Question": "Mengapa kesiapan operasional penting?",
    "Answer": "Agar Angkatan siap dikerahkan setiap saat menghadapi ancaman."
  },
  {
    "Context": "2. membantu Panglima dalam menyusun kebijakan tentang pengembangan postur, doktrin, dan strategi serta operasi militer sesuai dengan matra masing‑masing;",
    "Question": "Apa itu pengembangan postur Angkatan?",
    "Answer": "Penataan struktur, jumlah, dan penyebaran satuan sesuai kebutuhan strategis."
  },
  {
    "Context": "2. membantu Panglima dalam menyusun kebijakan tentang pengembangan postur, doktrin, dan strategi serta operasi militer sesuai dengan matra masing‑masing;",
    "Question": "Mengapa doktrin perlu disesuaikan tiap matra?",
    "Answer": "Karena karakteristik operasi darat, laut, udara berbeda."
  },
  {
    "Context": "3. membantu Panglima dalam penggunaan komponen pertahanan negara sesuai dengan kebutuhan Angkatan;",
    "Question": "Apa contoh komponen pertahanan negara?",
    "Answer": "Komponen utama TNI, cadangan, dan pendukung seperti industri pertahanan."
  },
  {
    "Context": "3. membantu Panglima dalam penggunaan komponen pertahanan negara sesuai dengan kebutuhan Angkatan;",
    "Question": "Bagaimana Kepala Staf menilai kebutuhan Angkatan?",
    "Answer": "Melalui analisis ancaman, kekuatan yang ada, dan rencana operasi."
  },
  {
    "Context": "4. melaksanakan tugas lain sesuai dengan matra masing‑masing yang diberikan oleh Panglima.",
    "Question": "Contoh tugas lain yang bisa diberikan Panglima?",
    "Answer": "Penugasan memimpin misi perdamaian atau koordinasi latihan multinasional."
  },
  {
    "Context": "4. melaksanakan tugas lain sesuai dengan matra masing‑masing yang diberikan oleh Panglima.",
    "Question": "Bagaimana tugas lain menyesuaikan matra?",
    "Answer": "Tugas diberikan sesuai spesialisasi, misalnya Angkatan Laut memimpin operasi maritim."
  },
  {
    "Context": "Pasal 16",
    "Question": "Bagaimana Kepala Staf memastikan kesiapan operasional di masa damai?",
    "Answer": "Dengan latihan rutin, pemeliharaan alutsista, dan evaluasi kesiapsiagaan."
  },
  {
    "Context": "Pasal 16",
    "Question": "Jika ada ancaman laut, tugas mana yang dominan dilaksanakan Kepala Staf AL?",
    "Answer": "Tugas 1 untuk kesiapan operasional AL dan tugas 2 membantu Panglima strategi maritim."
  },
  {
    "Context": "Pasal 16",
    "Question": "Bagaimana proses penyusunan doktrin baru pada Angkatan Udara?",
    "Answer": "Kepala Staf AU membentuk tim penelitian, uji konsep, dan mengesahkan bersama Panglima."
  },
  {
    "Context": "Pasal 16",
    "Question": "Apa langkah Kepala Staf saat komponen cadangan dimobilisasi?",
    "Answer": "Menyelaraskan kebutuhan Angkatan dan mengintegrasikan cadangan ke satuan operasi."
  },
  {
    "Context": "Pasal 16",
    "Question": "Bagaimana koordinasi antara Kepala Staf dan Panglima dalam operasi gabungan?",
    "Answer": "Kepala Staf memberi masukan matra, menyiapkan pasukan, dan mengikuti arahan Panglima."
  },
  {
    "Context": "Pasal 16",
    "Question": "Mengapa penting tugas 3 dalam konteks pertahanan semesta?",
    "Answer": "Agar penggunaan cadangan dan pendukung tepat sasaran sesuai kebutuhan angkatan."
  },
  {
    "Context": "Pasal 16",
    "Question": "Bagaimana contoh pengembangan postur matra darat?",
    "Answer": "Menambah brigade di wilayah perbatasan sesuai ancaman darat."
  },
  {
    "Context": "Pasal 16",
    "Question": "Apa indikator keberhasilan pembinaan kekuatan?",
    "Answer": "Pencapaian target kesiapan personel, kelayakan alutsista, dan hasil latihan."
  },
  {
    "Context": "Pasal 16",
    "Question": "Bagaimana Kepala Staf menjaga sinergi dengan Kementerian Pertahanan?",
    "Answer": "Memberi data kebutuhan alat, personel, dan rencana modernisasi."
  },
  {
    "Context": "Pasal 16",
    "Question": "Apa hubungan tugas 2 dengan Rencana Strategis Pertahanan?",
    "Answer": "Kepala Staf menyelaraskan postur, doktrin, dan strategi dengan Renstra yang ditetapkan."
  },
  {
    "Context": "Pasal 16",
    "Question": "Bagaimana Kepala Staf menyusun prioritas modernisasi?",
    "Answer": "Dengan metode capability based planning mengacu ancaman."
  },
  {
    "Context": "Pasal 16",
    "Question": "Apa peran pusat doktrin, pendidikan, dan latihan Angkatan?",
    "Answer": "Mendukung Kepala Staf merumuskan dan mengimplementasi doktrin."
  },
  {
    "Context": "Pasal 16",
    "Question": "Mengapa penggunaan komponen pendukung harus sesuai kebutuhan matra?",
    "Answer": "Agar efisien dan tepat guna di lingkungan operasi spesifik."
  },
  {
    "Context": "Pasal 16",
    "Question": "Bagaimana Kepala Staf melaporkan perkembangan kekuatan ke Panglima?",
    "Answer": "Melalui laporan periodik kesiapan dan rapat evaluasi."
  },
  {
    "Context": "Pasal 16",
    "Question": "Apa tantangan Kepala Staf dalam pembinaan ketika anggaran terbatas?",
    "Answer": "Menyeimbangkan modernisasi, pelatihan, dan pemeliharaan dengan dana terbatas."
  }
]