[
  {
    "Context": "TNI berfungsi sebagai penangkal terhadap setiap bentuk ancaman militer dan ancaman bersenjata dari luar dan dalam negeri terhadap kedaulatan, keutuhan wilayah, dan keselamatan bangsa.",
    "Question": "Apa arti fungsi penangkal TNI menurut Pasal 6 ayat (1) huruf a?",
    "Answer": "Fungsi penangkal berarti TNI bertugas mencegah setiap ancaman militer atau bersenjata, baik dari luar maupun dalam negeri, agar tidak mengganggu kedaulatan, keutuhan wilayah, dan keselamatan bangsa."
  },
  {
    "Context": "TNI berfungsi sebagai penangkal terhadap setiap bentuk ancaman militer dan ancaman bersenjata dari luar dan dalam negeri terhadap kedaulatan, keutuhan wilayah, dan keselamatan bangsa.",
    "Question": "Ancaman apa saja yang dimaksud dalam huruf a Pasal 6 ayat (1)?",
    "Answer": "Ancaman meliputi ancaman militer dari kekuatan negara lain maupun ancaman bersenjata dari kelompok dalam negeri ataupun luar negeri."
  },
  {
    "Context": "TNI berfungsi sebagai penangkal terhadap setiap bentuk ancaman militer dan ancaman bersenjata dari luar dan dalam negeri terhadap kedaulatan, keutuhan wilayah, dan keselamatan bangsa.",
    "Question": "Mengapa pencegahan ancaman penting bagi TNI?",
    "Answer": "Pencegahan melindungi kedaulatan dan keselamatan bangsa sebelum konflik meningkat sehingga mengurangi kerugian."
  },
  {
    "Context": "TNI berfungsi sebagai penangkal terhadap setiap bentuk ancaman militer dan ancaman bersenjata dari luar dan dalam negeri terhadap kedaulatan, keutuhan wilayah, dan keselamatan bangsa.",
    "Question": "Bagaimana TNI dapat melaksanakan fungsi penangkal pada masa damai?",
    "Answer": "TNI meningkatkan kesiapsiagaan, patroli, latihan bersama, dan pengawasan wilayah perbatasan untuk mencegah ancaman muncul."
  },
  {
    "Context": "TNI berfungsi sebagai penindak terhadap setiap bentuk ancaman sebagaimana dimaksud pada ayat (1) huruf a.",
    "Question": "Apa yang dimaksud fungsi penindak TNI menurut Pasal 6 ayat (1) huruf b?",
    "Answer": "Fungsi penindak adalah peran TNI untuk bertindak menghadapi dan mengalahkan ancaman yang telah muncul demi memulihkan keamanan."
  },
  {
    "Context": "TNI berfungsi sebagai penindak terhadap setiap bentuk ancaman sebagaimana dimaksud pada ayat (1) huruf a.",
    "Question": "Kapan TNI melaksanakan fungsi penindak?",
    "Answer": "Ketika ancaman militer atau bersenjata nyata terjadi dan tidak dapat lagi dicegah, TNI bertindak sesuai aturan perundang‑undangan."
  },
  {
    "Context": "TNI berfungsi sebagai penindak terhadap setiap bentuk ancaman sebagaimana dimaksud pada ayat (1) huruf a.",
    "Question": "Sebutkan contoh tindakan penindak TNI!",
    "Answer": "Contohnya operasi militer menumpas pemberontakan bersenjata atau menahan agresi asing di perbatasan."
  },
  {
    "Context": "TNI berfungsi sebagai pemulih terhadap kondisi keamanan negara yang terganggu akibat kekacauan keamanan.",
    "Question": "Apa yang dimaksud fungsi pemulih TNI menurut Pasal 6 ayat (1) huruf c?",
    "Answer": "Fungsi pemulih adalah tugas TNI memulihkan kondisi keamanan negara yang terganggu akibat kekacauan sehingga stabilitas kembali terjaga."
  },
  {
    "Context": "TNI berfungsi sebagai pemulih terhadap kondisi keamanan negara yang terganggu akibat kekacauan keamanan.",
    "Question": "Dalam situasi apa fungsi pemulih dilaksanakan?",
    "Answer": "Fungsi pemulih dilakukan setelah ancaman berhasil ditindak atau ketika kerusuhan mengancam keamanan nasional."
  },
  {
    "Context": "TNI berfungsi sebagai pemulih terhadap kondisi keamanan negara yang terganggu akibat kekacauan keamanan.",
    "Question": "Bagaimana TNI memulihkan kondisi keamanan?",
    "Answer": "TNI menegakkan ketertiban, membantu aparat sipil, serta merehabilitasi fasilitas strategis dan layanan publik."
  },
  {
    "Context": "(1) TNI berfungsi sebagai penangkal terhadap setiap bentuk ancaman militer dan ancaman bersenjata dari luar dan dalam negeri terhadap kedaulatan, keutuhan wilayah, dan keselamatan bangsa. TNI berfungsi sebagai penindak terhadap setiap bentuk ancaman sebagaimana dimaksud pada ayat (1) huruf a. TNI berfungsi sebagai pemulih terhadap kondisi keamanan negara yang terganggu akibat kekacauan keamanan. (2) Dalam melaksanakan fungsi sebagaimana dimaksud pada ayat (1), TNI merupakan komponen utama sistem pertahanan negara.",
    "Question": "Sebutkan tiga fungsi utama TNI menurut Pasal 6 ayat (1)!",
    "Answer": "Tiga fungsi utama TNI: penangkal, penindak, dan pemulih."
  },
  {
    "Context": "(1) TNI berfungsi sebagai penangkal terhadap setiap bentuk ancaman militer dan ancaman bersenjata dari luar dan dalam negeri terhadap kedaulatan, keutuhan wilayah, dan keselamatan bangsa. TNI berfungsi sebagai penindak terhadap setiap bentuk ancaman sebagaimana dimaksud pada ayat (1) huruf a. TNI berfungsi sebagai pemulih terhadap kondisi keamanan negara yang terganggu akibat kekacauan keamanan. (2) Dalam melaksanakan fungsi sebagaimana dimaksud pada ayat (1), TNI merupakan komponen utama sistem pertahanan negara.",
    "Question": "Apa perbedaan fungsi penangkal dan penindak?",
    "Answer": "Penangkal bersifat pencegahan sebelum ancaman terjadi, sedangkan penindak adalah tindakan langsung menghadapi ancaman yang sudah terjadi."
  },
  {
    "Context": "(1) TNI berfungsi sebagai penangkal terhadap setiap bentuk ancaman militer dan ancaman bersenjata dari luar dan dalam negeri terhadap kedaulatan, keutuhan wilayah, dan keselamatan bangsa. TNI berfungsi sebagai penindak terhadap setiap bentuk ancaman sebagaimana dimaksud pada ayat (1) huruf a. TNI berfungsi sebagai pemulih terhadap kondisi keamanan negara yang terganggu akibat kekacauan keamanan. (2) Dalam melaksanakan fungsi sebagaimana dimaksud pada ayat (1), TNI merupakan komponen utama sistem pertahanan negara.",
    "Question": "Apa perbedaan fungsi penindak dan pemulih?",
    "Answer": "Penindak bertujuan meniadakan ancaman, sementara pemulih memulihkan kondisi keamanan setelah ancaman teratasi."
  },
  {
    "Context": "Dalam melaksanakan fungsi sebagaimana dimaksud pada ayat (1), TNI merupakan komponen utama sistem pertahanan negara.",
    "Question": "Menurut Pasal 6 ayat (2), apa kedudukan TNI dalam sistem pertahanan negara?",
    "Answer": "TNI merupakan komponen utama sistem pertahanan negara."
  },
  {
    "Context": "Dalam melaksanakan fungsi sebagaimana dimaksud pada ayat (1), TNI merupakan komponen utama sistem pertahanan negara.",
    "Question": "Mengapa TNI disebut komponen utama dalam sistem pertahanan?",
    "Answer": "Karena TNI memiliki kewenangan dan kemampuan inti untuk melaksanakan pertahanan militer negara."
  },
  {
    "Context": "Dalam melaksanakan fungsi sebagaimana dimaksud pada ayat (1), TNI merupakan komponen utama sistem pertahanan negara.",
    "Question": "Apa arti 'sistem pertahanan negara' dalam ayat (2)?",
    "Answer": "Sistem pertahanan negara adalah rangkaian upaya terpadu yang melibatkan komponen utama, cadangan, dan pendukung guna melindungi NKRI."
  },
  {
    "Context": "TNI berfungsi sebagai penangkal terhadap setiap bentuk ancaman militer dan ancaman bersenjata dari luar dan dalam negeri terhadap kedaulatan, keutuhan wilayah, dan keselamatan bangsa.",
    "Question": "Bagaimana TNI melindungi keutuhan wilayah melalui fungsi penangkal?",
    "Answer": "Dengan kehadiran patroli laut, udara, dan darat, TNI mencegah pelanggaran wilayah serta intimidasi militer asing."
  },
  {
    "Context": "TNI berfungsi sebagai penindak terhadap setiap bentuk ancaman sebagaimana dimaksud pada ayat (1) huruf a.",
    "Question": "Apa yang dimaksud 'ancaman militer' dalam konteks Pasal 6?",
    "Answer": "Ancaman militer adalah tindakan agresif kekuatan bersenjata negara lain terhadap NKRI."
  },
  {
    "Context": "TNI berfungsi sebagai penindak terhadap setiap bentuk ancaman sebagaimana dimaksud pada ayat (1) huruf a.",
    "Question": "Apa yang dimaksud 'ancaman bersenjata' dalam Pasal 6?",
    "Answer": "Ancaman bersenjata adalah aksi kekerasan bersenjata dari kelompok non‑negara yang membahayakan kedaulatan atau keselamatan bangsa."
  },
  {
    "Context": "TNI berfungsi sebagai penangkal terhadap setiap bentuk ancaman militer dan ancaman bersenjata dari luar dan dalam negeri terhadap kedaulatan, keutuhan wilayah, dan keselamatan bangsa.",
    "Question": "Mengapa fungsi penangkal mencakup ancaman dari dalam dan luar negeri?",
    "Answer": "Karena ancaman terhadap kedaulatan dapat timbul baik dari aktor luar negeri maupun kelompok domestik, sehingga keduanya harus dicegah."
  },
  {
    "Context": "TNI berfungsi sebagai pemulih terhadap kondisi keamanan negara yang terganggu akibat kekacauan keamanan.",
    "Question": "Apa tujuan akhir fungsi pemulih?",
    "Answer": "Tujuannya mengembalikan stabilitas dan rasa aman masyarakat setelah gangguan keamanan terjadi."
  },
  {
    "Context": "(1) TNI berfungsi sebagai penangkal terhadap setiap bentuk ancaman militer dan ancaman bersenjata dari luar dan dalam negeri terhadap kedaulatan, keutuhan wilayah, dan keselamatan bangsa. TNI berfungsi sebagai penindak terhadap setiap bentuk ancaman sebagaimana dimaksud pada ayat (1) huruf a. TNI berfungsi sebagai pemulih terhadap kondisi keamanan negara yang terganggu akibat kekacauan keamanan. (2) Dalam melaksanakan fungsi sebagaimana dimaksud pada ayat (1), TNI merupakan komponen utama sistem pertahanan negara.",
    "Question": "Bagaimana ketiga fungsi TNI saling berkesinambungan?",
    "Answer": "Penangkal mencegah, penindak mengatasi ancaman, dan pemulih menstabilkan situasi pasca‑ancaman, menciptakan siklus pertahanan komprehensif."
  },
  {
    "Context": "TNI berfungsi sebagai penangkal terhadap setiap bentuk ancaman militer dan ancaman bersenjata dari luar dan dalam negeri terhadap kedaulatan, keutuhan wilayah, dan keselamatan bangsa.",
    "Question": "Sebutkan contoh kegiatan pencegahan ancaman bersenjata di dalam negeri!",
    "Answer": "Contohnya operasi intelijen dan pembinaan teritorial untuk mengurangi potensi gerakan bersenjata."
  },
  {
    "Context": "TNI berfungsi sebagai penindak terhadap setiap bentuk ancaman sebagaimana dimaksud pada ayat (1) huruf a.",
    "Question": "Apa yang menjadi dasar hukum TNI bertindak sebagai penindak?",
    "Answer": "Dasar hukumnya adalah Pasal 6 ayat (1) huruf b serta peraturan perundang‑undangan yang mengatur operasi militer."
  },
  {
    "Context": "TNI berfungsi sebagai pemulih terhadap kondisi keamanan negara yang terganggu akibat kekacauan keamanan.",
    "Question": "Siapa yang dibantu TNI saat menjalankan fungsi pemulih?",
    "Answer": "TNI dapat membantu aparat penegak hukum, pemerintah daerah, dan lembaga terkait memulihkan keamanan."
  },
  {
    "Context": "Dalam melaksanakan fungsi sebagaimana dimaksud pada ayat (1), TNI merupakan komponen utama sistem pertahanan negara.",
    "Question": "Bagaimana hubungan TNI dengan komponen cadangan dan pendukung?",
    "Answer": "Sebagai komponen utama, TNI memimpin dan mengoordinasikan komponen cadangan dan pendukung dalam sistem pertahanan negara."
  },
  {
    "Context": "TNI berfungsi sebagai penindak terhadap setiap bentuk ancaman sebagaimana dimaksud pada ayat (1) huruf a.",
    "Question": "Apa prioritas TNI saat bertindak menindak ancaman?",
    "Answer": "Prioritasnya meniadakan ancaman dengan kerugian minimal bagi masyarakat dan infrastruktur."
  },
  {
    "Context": "(1) TNI berfungsi sebagai penangkal terhadap setiap bentuk ancaman militer dan ancaman bersenjata dari luar dan dalam negeri terhadap kedaulatan, keutuhan wilayah, dan keselamatan bangsa. TNI berfungsi sebagai penindak terhadap setiap bentuk ancaman sebagaimana dimaksud pada ayat (1) huruf a. TNI berfungsi sebagai pemulih terhadap kondisi keamanan negara yang terganggu akibat kekacauan keamanan. (2) Dalam melaksanakan fungsi sebagaimana dimaksud pada ayat (1), TNI merupakan komponen utama sistem pertahanan negara.",
    "Question": "Bagaimana Pasal 6 memperkuat prinsip pertahanan semesta?",
    "Answer": "Dengan menetapkan TNI sebagai komponen utama dan menguraikan fungsi penangkal, penindak, dan pemulih dalam satu sistem pertahanan nasional."
  },
  {
    "Context": "TNI berfungsi sebagai penangkal terhadap setiap bentuk ancaman militer dan ancaman bersenjata dari luar dan dalam negeri terhadap kedaulatan, keutuhan wilayah, dan keselamatan bangsa.",
    "Question": "Apa kaitan fungsi penangkal dengan diplomasi pertahanan?",
    "Answer": "Kehadiran militer yang kuat memperkuat posisi diplomasi dan mencegah niat agresor sebelum konflik terjadi."
  },
  {
    "Context": "TNI berfungsi sebagai pemulih terhadap kondisi keamanan negara yang terganggu akibat kekacauan keamanan.",
    "Question": "Bagaimana keberhasilan fungsi penindak berpengaruh pada fungsi pemulih?",
    "Answer": "Keberhasilan penindak yang efektif mempermudah proses pemulihan karena ancaman segera dinetralisir."
  }
]