[
  {
    "Context": "(1) Prajurit adalah insan prajurit yang:\na. beriman dan bertakwa kepada Tuhan Yang Maha Esa;\nb. setia kepada Negara Kesatuan Republik Indonesia yang berdasarkan Pancasila dan Undang-Undang Dasar Negara Republik Indonesia Tahun 1945;\nc. bermoral dan tunduk pada hukum serta peraturan perundang-undangan;\nd. berdisiplin serta taat kepada atasan; dan\ne. bertanggung jawab dan melaksanakan kewajibannya sebagai tentara.",
    "Question": "Apa makna poin a dalam Pasal 25 ayat (1)?",
    "Answer": "Beriman dan bertakwa artinya prajurit memiliki keyakinan dan pengabdian kepada Tuhan Yang Maha Esa."
  },
  {
    "Context": "(1) Prajurit adalah insan prajurit yang:\na. beriman dan bertakwa kepada Tuhan Yang Maha Esa;\nb. setia kepada Negara Kesatuan Republik Indonesia yang berdasarkan Pancasila dan Undang-Undang Dasar Negara Republik Indonesia Tahun 1945;\nc. bermoral dan tunduk pada hukum serta peraturan perundang-undangan;\nd. berdisiplin serta taat kepada atasan; dan\ne. bertanggung jawab dan melaksanakan kewajibannya sebagai tentara.",
    "Question": "Apa makna poin b dalam Pasal 25 ayat (1)?",
    "Answer": "Setia kepada NKRI artinya prajurit menjunjung tinggi kedaulatan dan ideologi Pancasila serta UUD 1945."
  },
  {
    "Context": "(1) Prajurit adalah insan prajurit yang:\na. beriman dan bertakwa kepada Tuhan Yang Maha Esa;\nb. setia kepada Negara Kesatuan Republik Indonesia yang berdasarkan Pancasila dan Undang-Undang Dasar Negara Republik Indonesia Tahun 1945;\nc. bermoral dan tunduk pada hukum serta peraturan perundang-undangan;\nd. berdisiplin serta taat kepada atasan; dan\ne. bertanggung jawab dan melaksanakan kewajibannya sebagai tentara.",
    "Question": "Apa makna poin c dalam Pasal 25 ayat (1)?",
    "Answer": "Bermoral dan tunduk pada hukum berarti prajurit memegang nilai etika dan patuh terhadap peraturan perundang-undangan."
  },
  {
    "Context": "(1) Prajurit adalah insan prajurit yang:\na. beriman dan bertakwa kepada Tuhan Yang Maha Esa;\nb. setia kepada Negara Kesatuan Republik Indonesia yang berdasarkan Pancasila dan Undang-Undang Dasar Negara Republik Indonesia Tahun 1945;\nc. bermoral dan tunduk pada hukum serta peraturan perundang-undangan;\nd. berdisiplin serta taat kepada atasan; dan\ne. bertanggung jawab dan melaksanakan kewajibannya sebagai tentara.",
    "Question": "Apa makna poin d dalam Pasal 25 ayat (1)?",
    "Answer": "Berdisiplin serta taat kepada atasan artinya prajurit menjalankan perintah dengan tertib dan hormat."
  },
  {
    "Context": "(1) Prajurit adalah insan prajurit yang:\na. beriman dan bertakwa kepada Tuhan Yang Maha Esa;\nb. setia kepada Negara Kesatuan Republik Indonesia yang berdasarkan Pancasila dan Undang-Undang Dasar Negara Republik Indonesia Tahun 1945;\nc. bermoral dan tunduk pada hukum serta peraturan perundang-undangan;\nd. berdisiplin serta taat kepada atasan; dan\ne. bertanggung jawab dan melaksanakan kewajibannya sebagai tentara.",
    "Question": "Apa makna poin e dalam Pasal 25 ayat (1)?",
    "Answer": "Bertanggung jawab dan melaksanakan kewajibannya sebagai tentara artinya prajurit memenuhi tugas dan tanggung jawab profesionalnya."
  },
  {
    "Context": "(2) Prajurit sebagaimana dimaksud pada ayat (1), diwajibkan mengucapkan Sumpah Prajurit.",
    "Question": "Apa kewajiban prajurit menurut Pasal 25 ayat (2)?",
    "Answer": "Diwajibkan mengucapkan Sumpah Prajurit sebagai komitmen pengabdian dan etika militer."
  },
  {
    "Context": "(2) Prajurit sebagaimana dimaksud pada ayat (1), diwajibkan mengucapkan Sumpah Prajurit.",
    "Question": "Apa itu Sumpah Prajurit?",
    "Answer": "Sumpah Prajurit adalah janji resmi yang diucapkan prajurit untuk setia dan menjalankan tugas dengan baik."
  },
  {
    "Context": "(1) Prajurit dikelompokkan dalam golongan kepangkatan perwira, bintara, dan tamtama.",
    "Question": "Bagaimana pengelompokan kepangkatan prajurit menurut Pasal 26 ayat (1)?",
    "Answer": "Dikelompokkan dalam tiga golongan: perwira, bintara, dan tamtama."
  },
  {
    "Context": "(1) Prajurit dikelompokkan dalam golongan kepangkatan perwira, bintara, dan tamtama.",
    "Question": "Sebutkan tiga golongan kepangkatan prajurit!",
    "Answer": "Perwira, bintara, dan tamtama."
  },
  {
    "Context": "(2) Golongan kepangkatan sebagaimana dimaksud pada ayat (1), diatur lebih lanjut dengan keputusan Panglima.",
    "Question": "Siapa yang mengatur lebih lanjut golongan kepangkatan?",
    "Answer": "Keputusan Panglima TNI."
  },
  {
    "Context": "(2) Golongan kepangkatan sebagaimana dimaksud pada ayat (1), diatur lebih lanjut dengan keputusan Panglima.",
    "Question": "Melalui apa pengelompokan kepangkatan diatur lebih lanjut?",
    "Answer": "Dengan Keputusan Panglima TNI."
  },
  {
    "Context": "(1) Prajurit adalah insan prajurit yang:\na. beriman dan bertakwa kepada Tuhan Yang Maha Esa;\nb. setia kepada Negara Kesatuan Republik Indonesia yang berdasarkan Pancasila dan Undang-Undang Dasar Negara Republik Indonesia Tahun 1945;\nc. bermoral dan tunduk pada hukum serta peraturan perundang-undangan;\nd. berdisiplin serta taat kepada atasan; dan\ne. bertanggung jawab dan melaksanakan kewajibannya sebagai tentara. (2) Prajurit sebagaimana dimaksud pada ayat (1), diwajibkan mengucapkan Sumpah Prajurit. (1) Prajurit dikelompokkan dalam golongan kepangkatan perwira, bintara, dan tamtama. (2) Golongan kepangkatan sebagaimana dimaksud pada ayat (1), diatur lebih lanjut dengan keputusan Panglima.",
    "Question": "Apa hubungan Pasal 25 dan Pasal 26?",
    "Answer": "Pasal 25 menetapkan nilai dan sumpah prajurit, sedangkan Pasal 26 mengatur struktur golongan kepangkatan."
  },
  {
    "Context": "(1) Prajurit adalah insan prajurit yang:\na. beriman dan bertakwa kepada Tuhan Yang Maha Esa;\nb. setia kepada Negara Kesatuan Republik Indonesia yang berdasarkan Pancasila dan Undang-Undang Dasar Negara Republik Indonesia Tahun 1945;\nc. bermoral dan tunduk pada hukum serta peraturan perundang-undangan;\nd. berdisiplin serta taat kepada atasan; dan\ne. bertanggung jawab dan melaksanakan kewajibannya sebagai tentara. (2) Prajurit sebagaimana dimaksud pada ayat (1), diwajibkan mengucapkan Sumpah Prajurit. (1) Prajurit dikelompokkan dalam golongan kepangkatan perwira, bintara, dan tamtama. (2) Golongan kepangkatan sebagaimana dimaksud pada ayat (1), diatur lebih lanjut dengan keputusan Panglima.",
    "Question": "Mengapa sumpah prajurit penting sebelum menggunakan pangkat?",
    "Answer": "Sumpah mempertegas komitmen moral sebelum prajurit memegang pangkat dan tanggung jawab."
  },
  {
    "Context": "(1) Prajurit adalah insan prajurit yang:\na. beriman dan bertakwa kepada Tuhan Yang Maha Esa;\nb. setia kepada Negara Kesatuan Republik Indonesia yang berdasarkan Pancasila dan Undang-Undang Dasar Negara Republik Indonesia Tahun 1945;\nc. bermoral dan tunduk pada hukum serta peraturan perundang-undangan;\nd. berdisiplin serta taat kepada atasan; dan\ne. bertanggung jawab dan melaksanakan kewajibannya sebagai tentara. (2) Prajurit sebagaimana dimaksud pada ayat (1), diwajibkan mengucapkan Sumpah Prajurit. (1) Prajurit dikelompokkan dalam golongan kepangkatan perwira, bintara, dan tamtama. (2) Golongan kepangkatan sebagaimana dimaksud pada ayat (1), diatur lebih lanjut dengan keputusan Panglima.",
    "Question": "Bagaimana nilai (bermoral dan disiplin) mendukung struktur kepangkatan?",
    "Answer": "Nilai tersebut menjamin setiap golongan pangkat menjalankan tugas sesuai standar etika dan disiplin."
  },
  {
    "Context": "(1) Prajurit adalah insan prajurit yang:\na. beriman dan bertakwa kepada Tuhan Yang Maha Esa;\nb. setia kepada Negara Kesatuan Republik Indonesia yang berdasarkan Pancasila dan Undang-Undang Dasar Negara Republik Indonesia Tahun 1945;\nc. bermoral dan tunduk pada hukum serta peraturan perundang-undangan;\nd. berdisiplin serta taat kepada atasan; dan\ne. bertanggung jawab dan melaksanakan kewajibannya sebagai tentara.",
    "Question": "Mengapa prajurit harus tunduk pada hukum?",
    "Answer": "Agar tindakan militer selalu sesuai peraturan dan mencegah penyalahgunaan kekuasaan."
  },
  {
    "Context": "(1) Prajurit adalah insan prajurit yang:\na. beriman dan bertakwa kepada Tuhan Yang Maha Esa;\nb. setia kepada Negara Kesatuan Republik Indonesia yang berdasarkan Pancasila dan Undang-Undang Dasar Negara Republik Indonesia Tahun 1945;\nc. bermoral dan tunduk pada hukum serta peraturan perundang-undangan;\nd. berdisiplin serta taat kepada atasan; dan\ne. bertanggung jawab dan melaksanakan kewajibannya sebagai tentara.",
    "Question": "Apa arti 'insan prajurit' pada ayat (1)?",
    "Answer": "Menggambarkan prajurit sebagai manusia seutuhnya dengan nilai spiritual dan moral."
  },
  {
    "Context": "(1) Prajurit dikelompokkan dalam golongan kepangkatan perwira, bintara, dan tamtama.",
    "Question": "Apa peran masing-masing golongan pangkat?",
    "Answer": "Perwira memimpin, bintara melaksanakan, tamtama mendukung dengan tugas dasar operasi."
  },
  {
    "Context": "(1) Prajurit adalah insan prajurit yang:\na. beriman dan bertakwa kepada Tuhan Yang Maha Esa;\nb. setia kepada Negara Kesatuan Republik Indonesia yang berdasarkan Pancasila dan Undang-Undang Dasar Negara Republik Indonesia Tahun 1945;\nc. bermoral dan tunduk pada hukum serta peraturan perundang-undangan;\nd. berdisiplin serta taat kepada atasan; dan\ne. bertanggung jawab dan melaksanakan kewajibannya sebagai tentara. (2) Prajurit sebagaimana dimaksud pada ayat (1), diwajibkan mengucapkan Sumpah Prajurit. (1) Prajurit dikelompokkan dalam golongan kepangkatan perwira, bintara, dan tamtama. (2) Golongan kepangkatan sebagaimana dimaksud pada ayat (1), diatur lebih lanjut dengan keputusan Panglima.",
    "Question": "Bagaimana proses pengucapan Sumpah Prajurit dijalankan?",
    "Answer": "Dilakukan dalam upacara resmi TNI, dipimpin pejabat militer senior."
  },
  {
    "Context": "(1) Prajurit adalah insan prajurit yang:\na. beriman dan bertakwa kepada Tuhan Yang Maha Esa;\nb. setia kepada Negara Kesatuan Republik Indonesia yang berdasarkan Pancasila dan Undang-Undang Dasar Negara Republik Indonesia Tahun 1945;\nc. bermoral dan tunduk pada hukum serta peraturan perundang-undangan;\nd. berdisiplin serta taat kepada atasan; dan\ne. bertanggung jawab dan melaksanakan kewajibannya sebagai tentara. (2) Prajurit sebagaimana dimaksud pada ayat (1), diwajibkan mengucapkan Sumpah Prajurit. (1) Prajurit dikelompokkan dalam golongan kepangkatan perwira, bintara, dan tamtama. (2) Golongan kepangkatan sebagaimana dimaksud pada ayat (1), diatur lebih lanjut dengan keputusan Panglima.",
    "Question": "Apa yang terjadi jika prajurit melanggar sumpah?",
    "Answer": "Dapat dikenai sanksi disiplin militer sesuai peraturan."
  },
  {
    "Context": "(1) Prajurit adalah insan prajurit yang:\na. beriman dan bertakwa kepada Tuhan Yang Maha Esa;\nb. setia kepada Negara Kesatuan Republik Indonesia yang berdasarkan Pancasila dan Undang-Undang Dasar Negara Republik Indonesia Tahun 1945;\nc. bermoral dan tunduk pada hukum serta peraturan perundang-undangan;\nd. berdisiplin serta taat kepada atasan; dan\ne. bertanggung jawab dan melaksanakan kewajibannya sebagai tentara. (2) Prajurit sebagaimana dimaksud pada ayat (1), diwajibkan mengucapkan Sumpah Prajurit. (1) Prajurit dikelompokkan dalam golongan kepangkatan perwira, bintara, dan tamtama. (2) Golongan kepangkatan sebagaimana dimaksud pada ayat (1), diatur lebih lanjut dengan keputusan Panglima.",
    "Question": "Bagaimana Keputusan Panglima memengaruhi jenjang karier?",
    "Answer": "Menentukan kriteria dan persyaratan promosi dalam setiap golongan pangkat."
  },
  {
    "Context": "(1) Prajurit adalah insan prajurit yang:\na. beriman dan bertakwa kepada Tuhan Yang Maha Esa;\nb. setia kepada Negara Kesatuan Republik Indonesia yang berdasarkan Pancasila dan Undang-Undang Dasar Negara Republik Indonesia Tahun 1945;\nc. bermoral dan tunduk pada hukum serta peraturan perundang-undangan;\nd. berdisiplin serta taat kepada atasan; dan\ne. bertanggung jawab dan melaksanakan kewajibannya sebagai tentara.",
    "Question": "Mengapa setia pada Pancasila menjadi syarat prajurit?",
    "Answer": "Karena Pancasila adalah dasar negara dan ideologi yang dipertahankan oleh TNI."
  },
  {
    "Context": "(1) Prajurit dikelompokkan dalam golongan kepangkatan perwira, bintara, dan tamtama.",
    "Question": "Apakah tamtama termasuk perwira?",
    "Answer": "Tidak, tamtama adalah golongan prajurit berpangkat terendah."
  },
  {
    "Context": "(2) Golongan kepangkatan sebagaimana dimaksud pada ayat (1), diatur lebih lanjut dengan keputusan Panglima.",
    "Question": "Bisakah Keputusan Panglima diubah?",
    "Answer": "Ya, Panglima dapat mengubahnya sesuai kebutuhan organisasi."
  },
  {
    "Context": "(2) Prajurit sebagaimana dimaksud pada ayat (1), diwajibkan mengucapkan Sumpah Prajurit.",
    "Question": "Apakah ada teks resmi Sumpah Prajurit?",
    "Answer": "Teks resmi diatur dalam peraturan pelaksana TNI."
  },
  {
    "Context": "(1) Prajurit adalah insan prajurit yang:\na. beriman dan bertakwa kepada Tuhan Yang Maha Esa;\nb. setia kepada Negara Kesatuan Republik Indonesia yang berdasarkan Pancasila dan Undang-Undang Dasar Negara Republik Indonesia Tahun 1945;\nc. bermoral dan tunduk pada hukum serta peraturan perundang-undangan;\nd. berdisiplin serta taat kepada atasan; dan\ne. bertanggung jawab dan melaksanakan kewajibannya sebagai tentara. (2) Prajurit sebagaimana dimaksud pada ayat (1), diwajibkan mengucapkan Sumpah Prajurit. (1) Prajurit dikelompokkan dalam golongan kepangkatan perwira, bintara, dan tamtama. (2) Golongan kepangkatan sebagaimana dimaksud pada ayat (1), diatur lebih lanjut dengan keputusan Panglima.",
    "Question": "Apa manfaat struktur pangkat yang jelas?",
    "Answer": "Memudahkan komando, koordinasi, dan tanggung jawab dalam operasi militer."
  }
]