[
  {
    "Context": "Prajurit terdiri atas Prajurit Sukarela dan Prajurit Wajib.",
    "Question": "Apa yang dimaksud dengan Prajurit Sukarela menurut Pasal 22?",
    "Answer": "Prajurit Sukarela adalah warga negara yang mengabdikan diri dalam dinas keprajuritan atas kemauan sendiri."
  },
  {
    "Context": "Prajurit terdiri atas Prajurit Sukarela dan Prajurit Wajib.",
    "Question": "Apa yang dimaksud dengan Prajurit Wajib menurut Pasal 22?",
    "Answer": "Prajurit Wajib adalah warga negara yang wajib mengabdikan diri dalam dinas keprajuritan berdasarkan peraturan perundang-undangan."
  },
  {
    "Context": "Prajurit terdiri atas Prajurit Sukarela dan Prajurit Wajib.",
    "Question": "Apa perbedaan utama antara Prajurit Sukarela dan Prajurit Wajib?",
    "Answer": "Prajurit Sukarela bergabung secara sukarela, sedangkan Prajurit Wajib bertugas karena kewajiban hukum."
  },
  {
    "Context": "Prajurit terdiri atas Prajurit Sukarela dan Prajurit Wajib.",
    "Question": "Siapa saja yang dapat menjadi Prajurit Sukarela?",
    "Answer": "Setiap warga negara Indonesia yang memenuhi syarat dan memilih secara sukarela untuk mengabdi."
  },
  {
    "Context": "Prajurit terdiri atas Prajurit Sukarela dan Prajurit Wajib.",
    "Question": "Siapa yang termasuk Prajurit Wajib?",
    "Answer": "Warga negara yang dipanggil atau ditetapkan oleh peraturan untuk menjalani dinas keprajuritan."
  },
  {
    "Context": "Prajurit terdiri atas Prajurit Sukarela dan Prajurit Wajib.",
    "Question": "Bagaimana mekanisme pendaftaran Prajurit Sukarela?",
    "Answer": "Calon mendaftar ke instansi TNI, mengikuti seleksi, dan diangkat setelah memenuhi persyaratan."
  },
  {
    "Context": "Prajurit terdiri atas Prajurit Sukarela dan Prajurit Wajib.",
    "Question": "Apa landasan hukum bagi Prajurit Wajib?",
    "Answer": "Peraturan perundang-undangan yang mewajibkan warga negara menjalani dinas keprajuritan."
  },
  {
    "Context": "Prajurit terdiri atas Prajurit Sukarela dan Prajurit Wajib.",
    "Question": "Bagaimana hak Prajurit Sukarela selama dinas?",
    "Answer": "Memiliki hak yang sama atas fasilitas, penghasilan, dan perlindungan sebagaimana Prajurit Wajib."
  },
  {
    "Context": "Prajurit terdiri atas Prajurit Sukarela dan Prajurit Wajib.",
    "Question": "Apakah Prajurit Wajib bisa memilih menjadi Prajurit Sukarela setelah masa tugas?",
    "Answer": "Mereka dapat mendaftar kembali sebagai Prajurit Sukarela setelah menyelesaikan kewajiban layanan wajib."
  },
  {
    "Context": "Prajurit terdiri atas Prajurit Sukarela dan Prajurit Wajib.",
    "Question": "Bagaimana tanggung jawab Prajurit Sukarela dan Wajib terhadap negara?",
    "Answer": "Keduanya bertanggung jawab mempertahankan kedaulatan dan keutuhan wilayah NKRI."
  }
]