[
  {
    "Context": "Angkatan Udara bertugas melaksanakan tugas TNI matra udara di bidang pertahanan. Angkatan Udara bertugas menegakkan hukum dan menjaga keamanan di wilayah udara yurisdiksi nasional sesuai ketentuan hukum nasional dan hukum internasional yang telah diratifikasi. Angkatan Udara bertugas melaksanakan tugas TNI dalam pembangunan dan pengembangan kekuatan matra udara. Angkatan Udara bertugas melaksanakan pemberdayaan wilayah pertahanan udara.",
    "Question": "Sebutkan empat tugas utama Angkatan Udara menurut Pasal 10!",
    "Answer": "(a) Pertahanan matra udara, (b) penegakan hukum & keamanan udara, (c) pembangunan & pengembangan kekuatan matra udara, (d) pemberdayaan wilayah pertahanan udara."
  },
  {
    "Context": "Angkatan Udara bertugas melaksanakan tugas TNI matra udara di bidang pertahanan.",
    "Question": "Apa fokus tugas huruf a Pasal 10?",
    "Answer": "Fokusnya adalah melaksanakan pertahanan negara pada matra udara."
  },
  {
    "Context": "Angkatan Udara bertugas menegakkan hukum dan menjaga keamanan di wilayah udara yurisdiksi nasional sesuai ketentuan hukum nasional dan hukum internasional yang telah diratifikasi.",
    "Question": "Apa arti penegakan hukum di wilayah udara?",
    "Answer": "Penegakan hukum mencakup upaya AU memastikan aktivitas di ruang udara Indonesia mematuhi hukum nasional dan internasional."
  },
  {
    "Context": "Angkatan Udara bertugas melaksanakan tugas TNI dalam pembangunan dan pengembangan kekuatan matra udara.",
    "Question": "Apa yang dimaksud pembangunan dan pengembangan kekuatan matra udara?",
    "Answer": "Yaitu meningkatkan organisasi, personel, alutsista, dan doktrin Angkatan Udara."
  },
  {
    "Context": "Angkatan Udara bertugas melaksanakan pemberdayaan wilayah pertahanan udara.",
    "Question": "Apa tujuan pemberdayaan wilayah pertahanan udara?",
    "Answer": "Menyiapkan wilayah dan sumber daya udara agar siap mendukung pertahanan nasional."
  },
  {
    "Context": "Angkatan Udara bertugas melaksanakan tugas TNI matra udara di bidang pertahanan.",
    "Question": "Mengapa pertahanan udara penting bagi Indonesia?",
    "Answer": "Karena kedaulatan udara menentukan keamanan nasional dan melindungi wilayah dari ancaman udara."
  },
  {
    "Context": "Angkatan Udara bertugas melaksanakan tugas TNI matra udara di bidang pertahanan.",
    "Question": "Bagaimana AU melaksanakan pertahanan udara?",
    "Answer": "Dengan pesawat tempur, radar, rudal penangkis serangan udara, dan satuan komando pertahanan."
  },
  {
    "Context": "Angkatan Udara bertugas melaksanakan tugas TNI matra udara di bidang pertahanan.",
    "Question": "Contoh operasi pertahanan udara?",
    "Answer": "Patroli udara terpantau (CAP), scramble jet tempur menghadang pesawat asing tak berizin."
  },
  {
    "Context": "Angkatan Udara bertugas melaksanakan tugas TNI matra udara di bidang pertahanan.",
    "Question": "Apa yang dimaksud Air Defence Identification Zone (ADIZ)?",
    "Answer": "Zona identifikasi di udara tempat AU mengidentifikasi dan mengontrol pesawat yang masuk."
  },
  {
    "Context": "Angkatan Udara bertugas melaksanakan tugas TNI matra udara di bidang pertahanan.",
    "Question": "Siapa yang memimpin Komando Pertahanan Udara Nasional?",
    "Answer": "Kepala Staf Angkatan Udara melalui struktur Kogabwilhan dan Kohanudnas."
  },
  {
    "Context": "Angkatan Udara bertugas menegakkan hukum dan menjaga keamanan di wilayah udara yurisdiksi nasional sesuai ketentuan hukum nasional dan hukum internasional yang telah diratifikasi.",
    "Question": "Kegiatan apa saja untuk menegakkan hukum udara?",
    "Answer": "Intercept pesawat, pemeriksaan izin terbang, dan penindakan pelanggaran wilayah."
  },
  {
    "Context": "Angkatan Udara bertugas menegakkan hukum dan menjaga keamanan di wilayah udara yurisdiksi nasional sesuai ketentuan hukum nasional dan hukum internasional yang telah diratifikasi.",
    "Question": "Mengapa hukum internasional penting pada tugas huruf b?",
    "Answer": "Karena ruang udara diatur konvensi ICAO dan Chicago Convention yang sudah diratifikasi."
  },
  {
    "Context": "Angkatan Udara bertugas menegakkan hukum dan menjaga keamanan di wilayah udara yurisdiksi nasional sesuai ketentuan hukum nasional dan hukum internasional yang telah diratifikasi.",
    "Question": "Apa sanksi bagi pelanggaran wilayah udara?",
    "Answer": "Peringatan, pendaratan paksa, hingga tindakan pertahanan sesuai hukum."
  },
  {
    "Context": "Angkatan Udara bertugas menegakkan hukum dan menjaga keamanan di wilayah udara yurisdiksi nasional sesuai ketentuan hukum nasional dan hukum internasional yang telah diratifikasi.",
    "Question": "Bagaimana AU bekerja sama dengan AirNav Indonesia?",
    "Answer": "Dengan pertukaran data penerbangan dan koordinasi pemanduan lalu lintas udara."
  },
  {
    "Context": "Angkatan Udara bertugas menegakkan hukum dan menjaga keamanan di wilayah udara yurisdiksi nasional sesuai ketentuan hukum nasional dan hukum internasional yang telah diratifikasi.",
    "Question": "Bagaimana teknologi radar membantu keamanan udara?",
    "Answer": "Radar mendeteksi objek terbang lebih awal sehingga tindakan penegakan hukum dapat cepat."
  },
  {
    "Context": "Angkatan Udara bertugas melaksanakan tugas TNI dalam pembangunan dan pengembangan kekuatan matra udara.",
    "Question": "Apa saja yang termasuk pengembangan kekuatan AU?",
    "Answer": "Modernisasi pesawat tempur, transport, UAV, dan peluru kendali."
  },
  {
    "Context": "Angkatan Udara bertugas melaksanakan tugas TNI dalam pembangunan dan pengembangan kekuatan matra udara.",
    "Question": "Mengapa pelatihan pilot krusial dalam pengembangan kekuatan?",
    "Answer": "Pilot terlatih memastikan alutsista canggih dapat dioperasikan efektif."
  },
  {
    "Context": "Angkatan Udara bertugas melaksanakan tugas TNI dalam pembangunan dan pengembangan kekuatan matra udara.",
    "Question": "Bagaimana industri pertahanan nasional mendukung AU?",
    "Answer": "Melalui produksi dan perawatan pesawat CN-235, N-219, dan komponen lainnya."
  },
  {
    "Context": "Angkatan Udara bertugas melaksanakan tugas TNI dalam pembangunan dan pengembangan kekuatan matra udara.",
    "Question": "Apa peran litbang AU dalam pengembangan teknologi?",
    "Answer": "Melakukan riset avionik, simulasi, dan sistem senjata udara."
  },
  {
    "Context": "Angkatan Udara bertugas melaksanakan tugas TNI dalam pembangunan dan pengembangan kekuatan matra udara.",
    "Question": "Apa itu konsep penangkalan strategis udara?",
    "Answer": "Kemampuan AU memproyeksikan kekuatan untuk mencegah agresi sebelum terjadi."
  },
  {
    "Context": "Angkatan Udara bertugas melaksanakan pemberdayaan wilayah pertahanan udara.",
    "Question": "Apa bentuk pemberdayaan wilayah pertahanan udara?",
    "Answer": "Pembangunan jaringan radar sipil-militer dan pelibatan masyarakat laporan objek terbang."
  },
  {
    "Context": "Angkatan Udara bertugas melaksanakan pemberdayaan wilayah pertahanan udara.",
    "Question": "Bagaimana komunitas aviasi sipil dilibatkan?",
    "Answer": "Melalui program keamanan penerbangan dan pelatihan awareness ancaman udara."
  },
  {
    "Context": "Angkatan Udara bertugas melaksanakan pemberdayaan wilayah pertahanan udara.",
    "Question": "Apa manfaat pemberdayaan wilayah udara bagi ekonomi?",
    "Answer": "Menjamin keamanan penerbangan komersial dan mendukung pariwisata serta logistik."
  },
  {
    "Context": "Angkatan Udara bertugas melaksanakan pemberdayaan wilayah pertahanan udara.",
    "Question": "Bagaimana AU mendukung mitigasi bencana lewat aset udara?",
    "Answer": "Dengan pesawat angkut dan heli untuk evakuasi serta distribusi bantuan."
  },
  {
    "Context": "Angkatan Udara bertugas melaksanakan pemberdayaan wilayah pertahanan udara.",
    "Question": "Apa kaitan cadangan pertahanan udara dengan pemberdayaan wilayah?",
    "Answer": "Komponen cadangan dilatih sehingga dapat memperkuat AU saat mobilisasi."
  },
  {
    "Context": "Angkatan Udara bertugas melaksanakan tugas TNI matra udara di bidang pertahanan. Angkatan Udara bertugas menegakkan hukum dan menjaga keamanan di wilayah udara yurisdiksi nasional sesuai ketentuan hukum nasional dan hukum internasional yang telah diratifikasi. Angkatan Udara bertugas melaksanakan tugas TNI dalam pembangunan dan pengembangan kekuatan matra udara. Angkatan Udara bertugas melaksanakan pemberdayaan wilayah pertahanan udara.",
    "Question": "Bagaimana pertahanan udara (a) mendukung penegakan hukum udara (b)?",
    "Answer": "Sistem pertahanan memberikan daya paksa dan sarana bagi penegak hukum untuk menindak pelanggaran."
  },
  {
    "Context": "Angkatan Udara bertugas melaksanakan tugas TNI matra udara di bidang pertahanan. Angkatan Udara bertugas menegakkan hukum dan menjaga keamanan di wilayah udara yurisdiksi nasional sesuai ketentuan hukum nasional dan hukum internasional yang telah diratifikasi. Angkatan Udara bertugas melaksanakan tugas TNI dalam pembangunan dan pengembangan kekuatan matra udara. Angkatan Udara bertugas melaksanakan pemberdayaan wilayah pertahanan udara.",
    "Question": "Mengapa pengembangan kekuatan (c) penting bagi diplomasi udara?",
    "Answer": "Kekuatan udara modern meningkatkan bargaining Indonesia dalam kerja sama keamanan regional."
  },
  {
    "Context": "Angkatan Udara bertugas melaksanakan tugas TNI matra udara di bidang pertahanan. Angkatan Udara bertugas menegakkan hukum dan menjaga keamanan di wilayah udara yurisdiksi nasional sesuai ketentuan hukum nasional dan hukum internasional yang telah diratifikasi. Angkatan Udara bertugas melaksanakan tugas TNI dalam pembangunan dan pengembangan kekuatan matra udara. Angkatan Udara bertugas melaksanakan pemberdayaan wilayah pertahanan udara.",
    "Question": "Bagaimana pemberdayaan wilayah (d) membantu operasi pertahanan udara?",
    "Answer": "Wilayah yang siap dengan sarana radar dan masyarakat teredukasi menjadi mata awal deteksi ancaman."
  },
  {
    "Context": "Angkatan Udara bertugas melaksanakan tugas TNI matra udara di bidang pertahanan. Angkatan Udara bertugas menegakkan hukum dan menjaga keamanan di wilayah udara yurisdiksi nasional sesuai ketentuan hukum nasional dan hukum internasional yang telah diratifikasi. Angkatan Udara bertugas melaksanakan tugas TNI dalam pembangunan dan pengembangan kekuatan matra udara. Angkatan Udara bertugas melaksanakan pemberdayaan wilayah pertahanan udara.",
    "Question": "Sebut contoh kegiatan yang melibatkan tugas a dan c sekaligus.",
    "Answer": "Latihan tempur gabungan yang sekaligus menguji pesawat baru hasil program modernisasi."
  },
  {
    "Context": "Angkatan Udara bertugas melaksanakan tugas TNI matra udara di bidang pertahanan. Angkatan Udara bertugas menegakkan hukum dan menjaga keamanan di wilayah udara yurisdiksi nasional sesuai ketentuan hukum nasional dan hukum internasional yang telah diratifikasi. Angkatan Udara bertugas melaksanakan tugas TNI dalam pembangunan dan pengembangan kekuatan matra udara. Angkatan Udara bertugas melaksanakan pemberdayaan wilayah pertahanan udara.",
    "Question": "Apa hubungan penegakan hukum (b) dengan keselamatan penerbangan sipil?",
    "Answer": "Penegakan hukum memastikan ruang udara tertib sehingga keselamatan penerbangan sipil terjaga."
  },
  {
    "Context": "Angkatan Udara bertugas melaksanakan tugas TNI matra udara di bidang pertahanan.",
    "Question": "Bagaimana AU menjaga kesiapan pesawat tempur?",
    "Answer": "Melalui perawatan rutin, inspeksi pre-flight, dan latihan berkala."
  },
  {
    "Context": "Angkatan Udara bertugas melaksanakan tugas TNI matra udara di bidang pertahanan.",
    "Question": "Apa indikator kesiapan tempur skuadron pesawat?",
    "Answer": "Rasio pesawat serviceable, jam terbang pilot, dan ketersediaan suku cadang."
  },
  {
    "Context": "Angkatan Udara bertugas melaksanakan tugas TNI matra udara di bidang pertahanan.",
    "Question": "Bagaimana sistem komando kontrol pertahanan udara bekerja?",
    "Answer": "Mengintegrasikan radar, pusat operasi, dan unit tempur untuk respon cepat."
  },
  {
    "Context": "Angkatan Udara bertugas melaksanakan tugas TNI matra udara di bidang pertahanan.",
    "Question": "Apa itu scramble time dalam operasi AU?",
    "Answer": "Waktu yang dibutuhkan jet tempur lepas landas sejak alarm dibunyikan."
  },
  {
    "Context": "Angkatan Udara bertugas menegakkan hukum dan menjaga keamanan di wilayah udara yurisdiksi nasional sesuai ketentuan hukum nasional dan hukum internasional yang telah diratifikasi.",
    "Question": "Apa peran satelit dalam pemantauan wilayah udara?",
    "Answer": "Satelit memberi data cuaca dan pergerakan objek di ketinggian tinggi."
  },
  {
    "Context": "Angkatan Udara bertugas menegakkan hukum dan menjaga keamanan di wilayah udara yurisdiksi nasional sesuai ketentuan hukum nasional dan hukum internasional yang telah diratifikasi.",
    "Question": "Bagaimana AU menangani drone ilegal?",
    "Answer": "Dengan deteksi radar, jammer, dan intercept pesawat atau drone militer."
  },
  {
    "Context": "Angkatan Udara bertugas menegakkan hukum dan menjaga keamanan di wilayah udara yurisdiksi nasional sesuai ketentuan hukum nasional dan hukum internasional yang telah diratifikasi.",
    "Question": "Apa hubungan AU dan Kementerian Perhubungan dalam keamanan udara?",
    "Answer": "Koordinasi izin penerbangan, rute, dan penanganan pelanggaran sipil."
  },
  {
    "Context": "Angkatan Udara bertugas menegakkan hukum dan menjaga keamanan di wilayah udara yurisdiksi nasional sesuai ketentuan hukum nasional dan hukum internasional yang telah diratifikasi.",
    "Question": "Mengapa transponder penting bagi pesawat sipil?",
    "Answer": "Agar pesawat teridentifikasi radar dan menghindari salah identifikasi militer."
  },
  {
    "Context": "Angkatan Udara bertugas melaksanakan tugas TNI dalam pembangunan dan pengembangan kekuatan matra udara.",
    "Question": "Bagaimana simulasi penerbangan meningkatkan efektivitas pelatihan?",
    "Answer": "Mengurangi biaya dan risiko sambil meningkatkan jam latihan pilot."
  },
  {
    "Context": "Angkatan Udara bertugas melaksanakan tugas TNI dalam pembangunan dan pengembangan kekuatan matra udara.",
    "Question": "Apa program pengembangan UAV strategis AU?",
    "Answer": "Riset UCAV dan MALE UAV untuk pengawasan maritim dan perbatasan."
  },
  {
    "Context": "Angkatan Udara bertugas melaksanakan tugas TNI dalam pembangunan dan pengembangan kekuatan matra udara.",
    "Question": "Mengapa kerjasama internasional penting dalam modernisasi alutsista?",
    "Answer": "Transfer teknologi dan pembiayaan bersama mempercepat peningkatan kemampuan."
  },
  {
    "Context": "Angkatan Udara bertugas melaksanakan tugas TNI dalam pembangunan dan pengembangan kekuatan matra udara.",
    "Question": "Bagaimana AU memanfaatkan teknologi stealth?",
    "Answer": "Dengan mengadopsi desain pesawat dan cat radar‑absorbent pada platform baru."
  },
  {
    "Context": "Angkatan Udara bertugas melaksanakan pemberdayaan wilayah pertahanan udara.",
    "Question": "Apa bentuk sistem peringatan dini komunitas udara?",
    "Answer": "Aplikasi pelaporan objek asing dan pelatihan pengamat udara di daerah terpencil."
  },
  {
    "Context": "Angkatan Udara bertugas melaksanakan pemberdayaan wilayah pertahanan udara.",
    "Question": "Bagaimana AU mengedukasi masyarakat tentang bahaya laser pointer ke pesawat?",
    "Answer": "Kampanye keselamatan penerbangan di sekolah dan bandara."
  },
  {
    "Context": "Angkatan Udara bertugas melaksanakan pemberdayaan wilayah pertahanan udara.",
    "Question": "Bagaimana pemberdayaan wilayah udara membantu SAR?",
    "Answer": "Komunitas dilatih melaporkan lokasi jatuhnya pesawat dan mendukung tim SAR."
  },
  {
    "Context": "Angkatan Udara bertugas melaksanakan pemberdayaan wilayah pertahanan udara.",
    "Question": "Apa kontribusi bandara TNI-AU ganda sipil dalam pertahanan?",
    "Answer": "Bandara ganda memungkinkan dukungan operasi militer dan pelayanan sipil."
  },
  {
    "Context": "Angkatan Udara bertugas melaksanakan tugas TNI matra udara di bidang pertahanan. Angkatan Udara bertugas menegakkan hukum dan menjaga keamanan di wilayah udara yurisdiksi nasional sesuai ketentuan hukum nasional dan hukum internasional yang telah diratifikasi. Angkatan Udara bertugas melaksanakan tugas TNI dalam pembangunan dan pengembangan kekuatan matra udara. Angkatan Udara bertugas melaksanakan pemberdayaan wilayah pertahanan udara.",
    "Question": "Bagaimana empat tugas Pasal 10 saling melengkapi?",
    "Answer": "Pertahanan udara menjaga kedaulatan, penegakan hukum menegakkan aturan, pengembangan kekuatan memastikan kesiapan, dan pemberdayaan wilayah menyediakan dukungan."
  },
  {
    "Context": "Angkatan Udara bertugas melaksanakan tugas TNI matra udara di bidang pertahanan. Angkatan Udara bertugas menegakkan hukum dan menjaga keamanan di wilayah udara yurisdiksi nasional sesuai ketentuan hukum nasional dan hukum internasional yang telah diratifikasi. Angkatan Udara bertugas melaksanakan tugas TNI dalam pembangunan dan pengembangan kekuatan matra udara. Angkatan Udara bertugas melaksanakan pemberdayaan wilayah pertahanan udara.",
    "Question": "Apa tantangan terbesar AU dalam era teknologi hipersonik?",
    "Answer": "Deteksi dan intersepsi senjata hipersonik memerlukan radar canggih dan sistem rudal baru."
  },
  {
    "Context": "Angkatan Udara bertugas melaksanakan tugas TNI matra udara di bidang pertahanan. Angkatan Udara bertugas menegakkan hukum dan menjaga keamanan di wilayah udara yurisdiksi nasional sesuai ketentuan hukum nasional dan hukum internasional yang telah diratifikasi. Angkatan Udara bertugas melaksanakan tugas TNI dalam pembangunan dan pengembangan kekuatan matra udara. Angkatan Udara bertugas melaksanakan pemberdayaan wilayah pertahanan udara.",
    "Question": "Bagaimana AU berkontribusi pada visi Poros Maritim Dunia?",
    "Answer": "Dengan kekuatan udara maritim yang memantau dan mengamankan jalur laut strategis."
  },
  {
    "Context": "Angkatan Udara bertugas melaksanakan tugas TNI matra udara di bidang pertahanan. Angkatan Udara bertugas menegakkan hukum dan menjaga keamanan di wilayah udara yurisdiksi nasional sesuai ketentuan hukum nasional dan hukum internasional yang telah diratifikasi. Angkatan Udara bertugas melaksanakan tugas TNI dalam pembangunan dan pengembangan kekuatan matra udara. Angkatan Udara bertugas melaksanakan pemberdayaan wilayah pertahanan udara.",
    "Question": "Mengapa kesadaran domain udara-siber penting bagi AU?",
    "Answer": "Karena jaringan komando kontrol rentan serangan siber yang dapat melumpuhkan pertahanan udara."
  }
]