[
  {
    "Context": "(1) Penggunaan kekuatan TNI dalam rangka melaksanakan operasi militer untuk perang, dilakukan untuk kepentingan penyelenggaraan pertahanan negara sesuai dengan peraturan perundang-undangan. (2) Penggunaan kekuatan TNI dalam rangka melaksanakan operasi militer selain perang, dilakukan untuk kepentingan pertahanan negara dan/atau dalam rangka mendukung kepentingan nasional sesuai dengan peraturan perundang-undangan. (3) Penggunaan kekuatan TNI dalam rangka tugas perdamaian dunia dilakukan sesuai dengan kebijakan politik luar negeri Indonesia dan ketentuan hukum nasional.",
    "Question": "Apa isi pokok Pasal 20 ayat (1)?",
    "Answer": "(1) Penggunaan kekuatan TNI dalam rangka melaksanakan operasi militer untuk perang, dilakukan untuk kepentingan penyelenggaraan pertahanan negara sesuai dengan peraturan perundang-undangan."
  },
  {
    "Context": "(1) Penggunaan kekuatan TNI dalam rangka melaksanakan operasi militer untuk perang, dilakukan untuk kepentingan penyelenggaraan pertahanan negara sesuai dengan peraturan perundang-undangan. (2) Penggunaan kekuatan TNI dalam rangka melaksanakan operasi militer selain perang, dilakukan untuk kepentingan pertahanan negara dan/atau dalam rangka mendukung kepentingan nasional sesuai dengan peraturan perundang-undangan. (3) Penggunaan kekuatan TNI dalam rangka tugas perdamaian dunia dilakukan sesuai dengan kebijakan politik luar negeri Indonesia dan ketentuan hukum nasional.",
    "Question": "Apa isi pokok Pasal 20 ayat (2)?",
    "Answer": "(2) Penggunaan kekuatan TNI dalam rangka melaksanakan operasi militer selain perang, dilakukan untuk kepentingan pertahanan negara dan/atau dalam rangka mendukung kepentingan nasional sesuai dengan peraturan perundang-undangan."
  },
  {
    "Context": "(1) Penggunaan kekuatan TNI dalam rangka melaksanakan operasi militer untuk perang, dilakukan untuk kepentingan penyelenggaraan pertahanan negara sesuai dengan peraturan perundang-undangan. (2) Penggunaan kekuatan TNI dalam rangka melaksanakan operasi militer selain perang, dilakukan untuk kepentingan pertahanan negara dan/atau dalam rangka mendukung kepentingan nasional sesuai dengan peraturan perundang-undangan. (3) Penggunaan kekuatan TNI dalam rangka tugas perdamaian dunia dilakukan sesuai dengan kebijakan politik luar negeri Indonesia dan ketentuan hukum nasional.",
    "Question": "Apa isi pokok Pasal 20 ayat (3)?",
    "Answer": "(3) Penggunaan kekuatan TNI dalam rangka tugas perdamaian dunia dilakukan sesuai dengan kebijakan politik luar negeri Indonesia dan ketentuan hukum nasional."
  },
  {
    "Context": "(1) Penggunaan kekuatan TNI dalam rangka melaksanakan operasi militer untuk perang, dilakukan untuk kepentingan penyelenggaraan pertahanan negara sesuai dengan peraturan perundang-undangan.",
    "Question": "Dalam konteks apa kekuatan TNI digunakan menurut ayat (1)?",
    "Answer": "Dalam rangka melaksanakan operasi militer untuk perang bagi kepentingan pertahanan negara."
  },
  {
    "Context": "(1) Penggunaan kekuatan TNI dalam rangka melaksanakan operasi militer untuk perang, dilakukan untuk kepentingan penyelenggaraan pertahanan negara sesuai dengan peraturan perundang-undangan.",
    "Question": "Apa yang dimaksud 'operasi militer untuk perang' menurut ayat (1)?",
    "Answer": "Kegiatan bersenjata untuk menghadapi ancaman militer sesuai UU."
  },
  {
    "Context": "(2) Penggunaan kekuatan TNI dalam rangka melaksanakan operasi militer selain perang, dilakukan untuk kepentingan pertahanan negara dan/atau dalam rangka mendukung kepentingan nasional sesuai dengan peraturan perundang-undangan.",
    "Question": "Untuk kepentingan apa OMSP digunakan menurut ayat (2)?",
    "Answer": "Untuk kepentingan pertahanan negara dan/atau mendukung kepentingan nasional."
  },
  {
    "Context": "(2) Penggunaan kekuatan TNI dalam rangka melaksanakan operasi militer selain perang, dilakukan untuk kepentingan pertahanan negara dan/atau dalam rangka mendukung kepentingan nasional sesuai dengan peraturan perundang-undangan.",
    "Question": "Apa maksud 'operasi militer selain perang' dalam ayat (2)?",
    "Answer": "Kegiatan militer non-perang seperti penanganan ancaman internal."
  },
  {
    "Context": "(3) Penggunaan kekuatan TNI dalam rangka tugas perdamaian dunia dilakukan sesuai dengan kebijakan politik luar negeri Indonesia dan ketentuan hukum nasional.",
    "Question": "Dalam rangka apa kekuatan TNI digunakan menurut ayat (3)?",
    "Answer": "Dalam rangka tugas perdamaian dunia."
  },
  {
    "Context": "(3) Penggunaan kekuatan TNI dalam rangka tugas perdamaian dunia dilakukan sesuai dengan kebijakan politik luar negeri Indonesia dan ketentuan hukum nasional.",
    "Question": "Apa arti frasa 'sesuai dengan peraturan perundang-undangan'?",
    "Answer": "Dilaksanakan berdasarkan ketentuan hukum yang berlaku di Indonesia."
  },
  {
    "Context": "(1) Penggunaan kekuatan TNI dalam rangka melaksanakan operasi militer untuk perang, dilakukan untuk kepentingan penyelenggaraan pertahanan negara sesuai dengan peraturan perundang-undangan. (2) Penggunaan kekuatan TNI dalam rangka melaksanakan operasi militer selain perang, dilakukan untuk kepentingan pertahanan negara dan/atau dalam rangka mendukung kepentingan nasional sesuai dengan peraturan perundang-undangan. (3) Penggunaan kekuatan TNI dalam rangka tugas perdamaian dunia dilakukan sesuai dengan kebijakan politik luar negeri Indonesia dan ketentuan hukum nasional.",
    "Question": "Berapa ayat yang terdapat dalam Pasal 20?",
    "Answer": "Tiga ayat."
  },
  {
    "Context": "(1) Penggunaan kekuatan TNI dalam rangka melaksanakan operasi militer untuk perang, dilakukan untuk kepentingan penyelenggaraan pertahanan negara sesuai dengan peraturan perundang-undangan. (2) Penggunaan kekuatan TNI dalam rangka melaksanakan operasi militer selain perang, dilakukan untuk kepentingan pertahanan negara dan/atau dalam rangka mendukung kepentingan nasional sesuai dengan peraturan perundang-undangan. (3) Penggunaan kekuatan TNI dalam rangka tugas perdamaian dunia dilakukan sesuai dengan kebijakan politik luar negeri Indonesia dan ketentuan hukum nasional.",
    "Question": "Apa yang dimaksud 'kepentingan penyelenggaraan pertahanan negara'?",
    "Answer": "Memberikan dukungan optimal untuk mempertahankan kedaulatan dan keamanan nasional."
  },
  {
    "Context": "(1) Penggunaan kekuatan TNI dalam rangka melaksanakan operasi militer untuk perang, dilakukan untuk kepentingan penyelenggaraan pertahanan negara sesuai dengan peraturan perundang-undangan. (2) Penggunaan kekuatan TNI dalam rangka melaksanakan operasi militer selain perang, dilakukan untuk kepentingan pertahanan negara dan/atau dalam rangka mendukung kepentingan nasional sesuai dengan peraturan perundang-undangan. (3) Penggunaan kekuatan TNI dalam rangka tugas perdamaian dunia dilakukan sesuai dengan kebijakan politik luar negeri Indonesia dan ketentuan hukum nasional.",
    "Question": "Apa yang dimaksud 'kepentingan nasional' dalam konteks ayat (2)?",
    "Answer": "Tujuan strategis bangsa di berbagai bidang selain militer."
  },
  {
    "Context": "(1) Penggunaan kekuatan TNI dalam rangka melaksanakan operasi militer untuk perang, dilakukan untuk kepentingan penyelenggaraan pertahanan negara sesuai dengan peraturan perundang-undangan. (2) Penggunaan kekuatan TNI dalam rangka melaksanakan operasi militer selain perang, dilakukan untuk kepentingan pertahanan negara dan/atau dalam rangka mendukung kepentingan nasional sesuai dengan peraturan perundang-undangan. (3) Penggunaan kekuatan TNI dalam rangka tugas perdamaian dunia dilakukan sesuai dengan kebijakan politik luar negeri Indonesia dan ketentuan hukum nasional.",
    "Question": "Mengapa operasi perdamaian dunia mengacu pada kebijakan politik luar negeri?",
    "Answer": "Agar selaras dengan arah diplomasi Indonesia dan komitmen internasional."
  },
  {
    "Context": "(1) Penggunaan kekuatan TNI dalam rangka melaksanakan operasi militer untuk perang, dilakukan untuk kepentingan penyelenggaraan pertahanan negara sesuai dengan peraturan perundang-undangan. (2) Penggunaan kekuatan TNI dalam rangka melaksanakan operasi militer selain perang, dilakukan untuk kepentingan pertahanan negara dan/atau dalam rangka mendukung kepentingan nasional sesuai dengan peraturan perundang-undangan. (3) Penggunaan kekuatan TNI dalam rangka tugas perdamaian dunia dilakukan sesuai dengan kebijakan politik luar negeri Indonesia dan ketentuan hukum nasional.",
    "Question": "Apa arti 'ketentuan hukum nasional' pada ayat (3)?",
    "Answer": "Peraturan perundang-undangan Indonesia yang mengatur tugas perdamaian dunia."
  },
  {
    "Context": "(1) Penggunaan kekuatan TNI dalam rangka melaksanakan operasi militer untuk perang, dilakukan untuk kepentingan penyelenggaraan pertahanan negara sesuai dengan peraturan perundang-undangan. (2) Penggunaan kekuatan TNI dalam rangka melaksanakan operasi militer selain perang, dilakukan untuk kepentingan pertahanan negara dan/atau dalam rangka mendukung kepentingan nasional sesuai dengan peraturan perundang-undangan. (3) Penggunaan kekuatan TNI dalam rangka tugas perdamaian dunia dilakukan sesuai dengan kebijakan politik luar negeri Indonesia dan ketentuan hukum nasional.",
    "Question": "Mengapa penting ada frasa 'dan/atau' dalam ayat (2)?",
    "Answer": "Memberi fleksibilitas untuk satu atau kedua kepentingan tersebut."
  },
  {
    "Context": "(1) Penggunaan kekuatan TNI dalam rangka melaksanakan operasi militer untuk perang, dilakukan untuk kepentingan penyelenggaraan pertahanan negara sesuai dengan peraturan perundang-undangan. (2) Penggunaan kekuatan TNI dalam rangka melaksanakan operasi militer selain perang, dilakukan untuk kepentingan pertahanan negara dan/atau dalam rangka mendukung kepentingan nasional sesuai dengan peraturan perundang-undangan. (3) Penggunaan kekuatan TNI dalam rangka tugas perdamaian dunia dilakukan sesuai dengan kebijakan politik luar negeri Indonesia dan ketentuan hukum nasional.",
    "Question": "Bagaimana proses persiapan operasi militer untuk perang menurut ayat (1)?",
    "Answer": "Menyusun rencana, menyiapkan pasukan dan alutsista sesuai perundang-undangan."
  },
  {
    "Context": "(1) Penggunaan kekuatan TNI dalam rangka melaksanakan operasi militer untuk perang, dilakukan untuk kepentingan penyelenggaraan pertahanan negara sesuai dengan peraturan perundang-undangan. (2) Penggunaan kekuatan TNI dalam rangka melaksanakan operasi militer selain perang, dilakukan untuk kepentingan pertahanan negara dan/atau dalam rangka mendukung kepentingan nasional sesuai dengan peraturan perundang-undangan. (3) Penggunaan kekuatan TNI dalam rangka tugas perdamaian dunia dilakukan sesuai dengan kebijakan politik luar negeri Indonesia dan ketentuan hukum nasional.",
    "Question": "Bagaimana kesiapan TNI dalam melaksanakan OMSP sesuai ayat (2)?",
    "Answer": "Memastikan personel terlatih dan dukungan logistik terpenuhi."
  },
  {
    "Context": "(1) Penggunaan kekuatan TNI dalam rangka melaksanakan operasi militer untuk perang, dilakukan untuk kepentingan penyelenggaraan pertahanan negara sesuai dengan peraturan perundang-undangan. (2) Penggunaan kekuatan TNI dalam rangka melaksanakan operasi militer selain perang, dilakukan untuk kepentingan pertahanan negara dan/atau dalam rangka mendukung kepentingan nasional sesuai dengan peraturan perundang-undangan. (3) Penggunaan kekuatan TNI dalam rangka tugas perdamaian dunia dilakukan sesuai dengan kebijakan politik luar negeri Indonesia dan ketentuan hukum nasional.",
    "Question": "Bagaimana TNI mendukung kepentingan nasional melalui OMSP?",
    "Answer": "Melaksanakan operasi yang sejalan dengan strategi pembangunan nasional."
  },
  {
    "Context": "(1) Penggunaan kekuatan TNI dalam rangka melaksanakan operasi militer untuk perang, dilakukan untuk kepentingan penyelenggaraan pertahanan negara sesuai dengan peraturan perundang-undangan. (2) Penggunaan kekuatan TNI dalam rangka melaksanakan operasi militer selain perang, dilakukan untuk kepentingan pertahanan negara dan/atau dalam rangka mendukung kepentingan nasional sesuai dengan peraturan perundang-undangan. (3) Penggunaan kekuatan TNI dalam rangka tugas perdamaian dunia dilakukan sesuai dengan kebijakan politik luar negeri Indonesia dan ketentuan hukum nasional.",
    "Question": "Bagaimana penggunaan kekuatan untuk tugas perdamaian dunia harus disesuaikan?",
    "Answer": "Harus mengikuti kebijakan luar negeri Indonesia dan hukum nasional."
  },
  {
    "Context": "(1) Penggunaan kekuatan TNI dalam rangka melaksanakan operasi militer untuk perang, dilakukan untuk kepentingan penyelenggaraan pertahanan negara sesuai dengan peraturan perundang-undangan. (2) Penggunaan kekuatan TNI dalam rangka melaksanakan operasi militer selain perang, dilakukan untuk kepentingan pertahanan negara dan/atau dalam rangka mendukung kepentingan nasional sesuai dengan peraturan perundang-undangan. (3) Penggunaan kekuatan TNI dalam rangka tugas perdamaian dunia dilakukan sesuai dengan kebijakan politik luar negeri Indonesia dan ketentuan hukum nasional.",
    "Question": "Apa langkah laporan setelah operasi perdamaian dunia?",
    "Answer": "Penyusunan laporan sesuai prosedur kepada atasan dan kementerian terkait."
  },
  {
    "Context": "(1) Penggunaan kekuatan TNI dalam rangka melaksanakan operasi militer untuk perang, dilakukan untuk kepentingan penyelenggaraan pertahanan negara sesuai dengan peraturan perundang-undangan. (2) Penggunaan kekuatan TNI dalam rangka melaksanakan operasi militer selain perang, dilakukan untuk kepentingan pertahanan negara dan/atau dalam rangka mendukung kepentingan nasional sesuai dengan peraturan perundang-undangan. (3) Penggunaan kekuatan TNI dalam rangka tugas perdamaian dunia dilakukan sesuai dengan kebijakan politik luar negeri Indonesia dan ketentuan hukum nasional.",
    "Question": "Apa perbedaan tujuan antara ayat (1), (2), dan (3)?",
    "Answer": "Ayat (1) untuk perang, ayat (2) untuk non-perang dan kepentingan nasional, ayat (3) untuk perdamaian dunia."
  },
  {
    "Context": "(1) Penggunaan kekuatan TNI dalam rangka melaksanakan operasi militer untuk perang, dilakukan untuk kepentingan penyelenggaraan pertahanan negara sesuai dengan peraturan perundang-undangan. (2) Penggunaan kekuatan TNI dalam rangka melaksanakan operasi militer selain perang, dilakukan untuk kepentingan pertahanan negara dan/atau dalam rangka mendukung kepentingan nasional sesuai dengan peraturan perundang-undangan. (3) Penggunaan kekuatan TNI dalam rangka tugas perdamaian dunia dilakukan sesuai dengan kebijakan politik luar negeri Indonesia dan ketentuan hukum nasional.",
    "Question": "Mengapa OMSP diatur terpisah dari operasi perang?",
    "Answer": "Karena cakupan dan tujuan non-perang berbeda dari konflik bersenjata."
  },
  {
    "Context": "(1) Penggunaan kekuatan TNI dalam rangka melaksanakan operasi militer untuk perang, dilakukan untuk kepentingan penyelenggaraan pertahanan negara sesuai dengan peraturan perundang-undangan. (2) Penggunaan kekuatan TNI dalam rangka melaksanakan operasi militer selain perang, dilakukan untuk kepentingan pertahanan negara dan/atau dalam rangka mendukung kepentingan nasional sesuai dengan peraturan perundang-undangan. (3) Penggunaan kekuatan TNI dalam rangka tugas perdamaian dunia dilakukan sesuai dengan kebijakan politik luar negeri Indonesia dan ketentuan hukum nasional.",
    "Question": "Mengapa operasi perdamaian dunia memerlukan kebijakan luar negeri?",
    "Answer": "Karena melibatkan kerja sama internasional dan mandat diplomatik."
  },
  {
    "Context": "(1) Penggunaan kekuatan TNI dalam rangka melaksanakan operasi militer untuk perang, dilakukan untuk kepentingan penyelenggaraan pertahanan negara sesuai dengan peraturan perundang-undangan. (2) Penggunaan kekuatan TNI dalam rangka melaksanakan operasi militer selain perang, dilakukan untuk kepentingan pertahanan negara dan/atau dalam rangka mendukung kepentingan nasional sesuai dengan peraturan perundang-undangan. (3) Penggunaan kekuatan TNI dalam rangka tugas perdamaian dunia dilakukan sesuai dengan kebijakan politik luar negeri Indonesia dan ketentuan hukum nasional.",
    "Question": "Bagaimana ketiga ayat Pasal 20 saling melengkapi?",
    "Answer": "Menyediakan kerangka penggunaan kekuatan untuk perang, kegiatan non-perang, dan perdamaian."
  },
  {
    "Context": "(1) Penggunaan kekuatan TNI dalam rangka melaksanakan operasi militer untuk perang, dilakukan untuk kepentingan penyelenggaraan pertahanan negara sesuai dengan peraturan perundang-undangan. (2) Penggunaan kekuatan TNI dalam rangka melaksanakan operasi militer selain perang, dilakukan untuk kepentingan pertahanan negara dan/atau dalam rangka mendukung kepentingan nasional sesuai dengan peraturan perundang-undangan. (3) Penggunaan kekuatan TNI dalam rangka tugas perdamaian dunia dilakukan sesuai dengan kebijakan politik luar negeri Indonesia dan ketentuan hukum nasional.",
    "Question": "Apa tujuan utama mengatur ketiga jenis operasi ini?",
    "Answer": "Menjamin penggunaan kekuatan TNI sesuai tujuan nasional dan hukum."
  },
  {
    "Context": "(1) Penggunaan kekuatan TNI dalam rangka melaksanakan operasi militer untuk perang, dilakukan untuk kepentingan penyelenggaraan pertahanan negara sesuai dengan peraturan perundang-undangan. (2) Penggunaan kekuatan TNI dalam rangka melaksanakan operasi militer selain perang, dilakukan untuk kepentingan pertahanan negara dan/atau dalam rangka mendukung kepentingan nasional sesuai dengan peraturan perundang-undangan. (3) Penggunaan kekuatan TNI dalam rangka tugas perdamaian dunia dilakukan sesuai dengan kebijakan politik luar negeri Indonesia dan ketentuan hukum nasional.",
    "Question": "Apa dampak ketentuan Pasal 20 terhadap strategi pertahanan?",
    "Answer": "Membantu merumuskan jadwal dan prioritas penggunaan kekuatan."
  },
  {
    "Context": "(1) Penggunaan kekuatan TNI dalam rangka melaksanakan operasi militer untuk perang, dilakukan untuk kepentingan penyelenggaraan pertahanan negara sesuai dengan peraturan perundang-undangan. (2) Penggunaan kekuatan TNI dalam rangka melaksanakan operasi militer selain perang, dilakukan untuk kepentingan pertahanan negara dan/atau dalam rangka mendukung kepentingan nasional sesuai dengan peraturan perundang-undangan. (3) Penggunaan kekuatan TNI dalam rangka tugas perdamaian dunia dilakukan sesuai dengan kebijakan politik luar negeri Indonesia dan ketentuan hukum nasional.",
    "Question": "Bagaimana Pasal 20 membedakan operasi militer dan non-militer?",
    "Answer": "Menentukan konteks dan persyaratan hukum untuk tiap jenis operasi."
  },
  {
    "Context": "(1) Penggunaan kekuatan TNI dalam rangka melaksanakan operasi militer untuk perang, dilakukan untuk kepentingan penyelenggaraan pertahanan negara sesuai dengan peraturan perundang-undangan. (2) Penggunaan kekuatan TNI dalam rangka melaksanakan operasi militer selain perang, dilakukan untuk kepentingan pertahanan negara dan/atau dalam rangka mendukung kepentingan nasional sesuai dengan peraturan perundang-undangan. (3) Penggunaan kekuatan TNI dalam rangka tugas perdamaian dunia dilakukan sesuai dengan kebijakan politik luar negeri Indonesia dan ketentuan hukum nasional.",
    "Question": "Apa tantangan hukum dalam melaksanakan OMSP?",
    "Answer": "Menjaga batasan hukum sambil memenuhi tuntutan operasi non-perang."
  },
  {
    "Context": "(1) Penggunaan kekuatan TNI dalam rangka melaksanakan operasi militer untuk perang, dilakukan untuk kepentingan penyelenggaraan pertahanan negara sesuai dengan peraturan perundang-undangan. (2) Penggunaan kekuatan TNI dalam rangka melaksanakan operasi militer selain perang, dilakukan untuk kepentingan pertahanan negara dan/atau dalam rangka mendukung kepentingan nasional sesuai dengan peraturan perundang-undangan. (3) Penggunaan kekuatan TNI dalam rangka tugas perdamaian dunia dilakukan sesuai dengan kebijakan politik luar negeri Indonesia dan ketentuan hukum nasional.",
    "Question": "Bagaimana frasa 'dalam rangka' membatasi ruang lingkup operasi?",
    "Answer": "Menetapkan tujuan spesifik untuk setiap operasi."
  },
  {
    "Context": "(1) Penggunaan kekuatan TNI dalam rangka melaksanakan operasi militer untuk perang, dilakukan untuk kepentingan penyelenggaraan pertahanan negara sesuai dengan peraturan perundang-undangan. (2) Penggunaan kekuatan TNI dalam rangka melaksanakan operasi militer selain perang, dilakukan untuk kepentingan pertahanan negara dan/atau dalam rangka mendukung kepentingan nasional sesuai dengan peraturan perundang-undangan. (3) Penggunaan kekuatan TNI dalam rangka tugas perdamaian dunia dilakukan sesuai dengan kebijakan politik luar negeri Indonesia dan ketentuan hukum nasional.",
    "Question": "Apa makna 'kepentingan nasional' bagi masyarakat?",
    "Answer": "Memastikan operasi militer mendukung kesejahteraan dan keamanan warga negara."
  },
  {
    "Context": "(1) Penggunaan kekuatan TNI dalam rangka melaksanakan operasi militer untuk perang, dilakukan untuk kepentingan penyelenggaraan pertahanan negara sesuai dengan peraturan perundang-undangan. (2) Penggunaan kekuatan TNI dalam rangka melaksanakan operasi militer selain perang, dilakukan untuk kepentingan pertahanan negara dan/atau dalam rangka mendukung kepentingan nasional sesuai dengan peraturan perundang-undangan. (3) Penggunaan kekuatan TNI dalam rangka tugas perdamaian dunia dilakukan sesuai dengan kebijakan politik luar negeri Indonesia dan ketentuan hukum nasional.",
    "Question": "Apa makna 'dilakukan untuk ... sesuai ...' dalam ayat (1)?",
    "Answer": "Operasi hanya sah jika mengikuti aturan hukum Indonesia."
  },
  {
    "Context": "(1) Penggunaan kekuatan TNI dalam rangka melaksanakan operasi militer untuk perang, dilakukan untuk kepentingan penyelenggaraan pertahanan negara sesuai dengan peraturan perundang-undangan. (2) Penggunaan kekuatan TNI dalam rangka melaksanakan operasi militer selain perang, dilakukan untuk kepentingan pertahanan negara dan/atau dalam rangka mendukung kepentingan nasional sesuai dengan peraturan perundang-undangan. (3) Penggunaan kekuatan TNI dalam rangka tugas perdamaian dunia dilakukan sesuai dengan kebijakan politik luar negeri Indonesia dan ketentuan hukum nasional.",
    "Question": "Apa yang termasuk peraturan perundang-undangan yang relevan?",
    "Answer": "UU Pertahanan, UU Militer, dan peraturan pelaksana lainnya."
  },
  {
    "Context": "(1) Penggunaan kekuatan TNI dalam rangka melaksanakan operasi militer untuk perang, dilakukan untuk kepentingan penyelenggaraan pertahanan negara sesuai dengan peraturan perundang-undangan. (2) Penggunaan kekuatan TNI dalam rangka melaksanakan operasi militer selain perang, dilakukan untuk kepentingan pertahanan negara dan/atau dalam rangka mendukung kepentingan nasional sesuai dengan peraturan perundang-undangan. (3) Penggunaan kekuatan TNI dalam rangka tugas perdamaian dunia dilakukan sesuai dengan kebijakan politik luar negeri Indonesia dan ketentuan hukum nasional.",
    "Question": "Bagaimana ketentuan ini mendukung supremasi sipil?",
    "Answer": "Menetapkan operasi sesuai kebijakan negara, bukan keputusan militer semata."
  },
  {
    "Context": "(1) Penggunaan kekuatan TNI dalam rangka melaksanakan operasi militer untuk perang, dilakukan untuk kepentingan penyelenggaraan pertahanan negara sesuai dengan peraturan perundang-undangan. (2) Penggunaan kekuatan TNI dalam rangka melaksanakan operasi militer selain perang, dilakukan untuk kepentingan pertahanan negara dan/atau dalam rangka mendukung kepentingan nasional sesuai dengan peraturan perundang-undangan. (3) Penggunaan kekuatan TNI dalam rangka tugas perdamaian dunia dilakukan sesuai dengan kebijakan politik luar negeri Indonesia dan ketentuan hukum nasional.",
    "Question": "Bagaimana Pasal 20 diimplementasikan dalam SOP TNI?",
    "Answer": "Dimasukkan dalam pedoman operasi dan manual prosedur militer."
  },
  {
    "Context": "(1) Penggunaan kekuatan TNI dalam rangka melaksanakan operasi militer untuk perang, dilakukan untuk kepentingan penyelenggaraan pertahanan negara sesuai dengan peraturan perundang-undangan. (2) Penggunaan kekuatan TNI dalam rangka melaksanakan operasi militer selain perang, dilakukan untuk kepentingan pertahanan negara dan/atau dalam rangka mendukung kepentingan nasional sesuai dengan peraturan perundang-undangan. (3) Penggunaan kekuatan TNI dalam rangka tugas perdamaian dunia dilakukan sesuai dengan kebijakan politik luar negeri Indonesia dan ketentuan hukum nasional.",
    "Question": "Bagaimana evaluasi pasca-operasi dilakukan?",
    "Answer": "Melalui laporan dan audit ketercapaian sesuai ketentuan pasal."
  }
]