[
  {
    "Context": "(1) Postur TNI dibangun dan dipersiapkan sebagai bagian dari postur pertahanan negara untuk mengatasi setiap ancaman militer dan ancaman bersenjata. (2) Postur TNI sebagaimana dimaksud pada ayat (1) dibangun dan dipersiapkan sesuai dengan kebijakan pertahanan negara.",
    "Question": "Apa yang dimaksud dengan Postur TNI menurut Pasal 11?",
    "Answer": "Postur TNI adalah susunan kekuatan, kemampuan, dan gelar satuan TNI yang dibangun sebagai bagian dari postur pertahanan negara."
  },
  {
    "Context": "(1) Postur TNI dibangun dan dipersiapkan sebagai bagian dari postur pertahanan negara untuk mengatasi setiap ancaman militer dan ancaman bersenjata.",
    "Question": "Mengapa Postur TNI harus mampu mengatasi ancaman militer dan ancaman bersenjata?",
    "Answer": "Karena TNI menjadi komponen utama pertahanan negara yang harus siap menghadapi segala bentuk agresi bersenjata."
  },
  {
    "Context": "(1) Postur TNI dibangun dan dipersiapkan sebagai bagian dari postur pertahanan negara untuk mengatasi setiap ancaman militer dan ancaman bersenjata.",
    "Question": "Apa perbedaan ancaman militer dan ancaman bersenjata yang dicakup dalam Pasal 11 ayat (1)?",
    "Answer": "Ancaman militer berasal dari kekuatan bersenjata negara lain, sedangkan ancaman bersenjata dapat berasal dari kelompok non‑negara bersenjata."
  },
  {
    "Context": "(2) Postur TNI sebagaimana dimaksud pada ayat (1) dibangun dan dipersiapkan sesuai dengan kebijakan pertahanan negara.",
    "Question": "Bagaimana kebijakan pertahanan negara memengaruhi pembangunan Postur TNI?",
    "Answer": "Kebijakan pertahanan menentukan arah, prioritas, dan alokasi sumber daya untuk membangun Postur TNI."
  },
  {
    "Context": "(1) Postur TNI dibangun dan dipersiapkan sebagai bagian dari postur pertahanan negara untuk mengatasi setiap ancaman militer dan ancaman bersenjata.",
    "Question": "Apa tujuan utama pembangunan Postur TNI?",
    "Answer": "Tujuannya memastikan kesiapan operasional TNI untuk menjaga kedaulatan dan keutuhan wilayah NKRI."
  },
  {
    "Context": "(1) Postur TNI dibangun dan dipersiapkan sebagai bagian dari postur pertahanan negara untuk mengatasi setiap ancaman militer dan ancaman bersenjata. (2) Postur TNI sebagaimana dimaksud pada ayat (1) dibangun dan dipersiapkan sesuai dengan kebijakan pertahanan negara.",
    "Question": "Apa saja unsur yang termasuk dalam Postur TNI?",
    "Answer": "Unsur Postur TNI meliputi kekuatan, kemampuan, kesiapan, sebaran satuan, dan dukungan logistik."
  },
  {
    "Context": "(1) Postur TNI dibangun dan dipersiapkan sebagai bagian dari postur pertahanan negara untuk mengatasi setiap ancaman militer dan ancaman bersenjata. (2) Postur TNI sebagaimana dimaksud pada ayat (1) dibangun dan dipersiapkan sesuai dengan kebijakan pertahanan negara.",
    "Question": "Bagaimana proses penentuan kebutuhan Postur TNI?",
    "Answer": "Kebutuhan ditentukan melalui analisis ancaman, kemampuan, dan kebijakan pertahanan."
  },
  {
    "Context": "(1) Postur TNI dibangun dan dipersiapkan sebagai bagian dari postur pertahanan negara untuk mengatasi setiap ancaman militer dan ancaman bersenjata. (2) Postur TNI sebagaimana dimaksud pada ayat (1) dibangun dan dipersiapkan sesuai dengan kebijakan pertahanan negara.",
    "Question": "Apa hubungan Postur TNI dengan Rencana Strategis (Renstra) Pertahanan?",
    "Answer": "Postur TNI dijabarkan dalam Renstra Pertahanan untuk periode lima tahunan."
  },
  {
    "Context": "(1) Postur TNI dibangun dan dipersiapkan sebagai bagian dari postur pertahanan negara untuk mengatasi setiap ancaman militer dan ancaman bersenjata. (2) Postur TNI sebagaimana dimaksud pada ayat (1) dibangun dan dipersiapkan sesuai dengan kebijakan pertahanan negara.",
    "Question": "Mengapa penting menyesuaikan Postur TNI dengan perkembangan teknologi?",
    "Answer": "Agar TNI mampu menghadapi ancaman modern dan tidak tertinggal secara teknologi."
  },
  {
    "Context": "(1) Postur TNI dibangun dan dipersiapkan sebagai bagian dari postur pertahanan negara untuk mengatasi setiap ancaman militer dan ancaman bersenjata. (2) Postur TNI sebagaimana dimaksud pada ayat (1) dibangun dan dipersiapkan sesuai dengan kebijakan pertahanan negara.",
    "Question": "Siapa yang bertanggung jawab menyusun Postur TNI?",
    "Answer": "Kementerian Pertahanan bersama Mabes TNI menyusun rancangan Postur TNI."
  },
  {
    "Context": "(1) Postur TNI dibangun dan dipersiapkan sebagai bagian dari postur pertahanan negara untuk mengatasi setiap ancaman militer dan ancaman bersenjata. (2) Postur TNI sebagaimana dimaksud pada ayat (1) dibangun dan dipersiapkan sesuai dengan kebijakan pertahanan negara.",
    "Question": "Bagaimana Postur TNI diuji kesiapan operasionalnya?",
    "Answer": "Melalui latihan gabungan, uji coba alutsista, dan evaluasi kesiapan satuan."
  },
  {
    "Context": "(1) Postur TNI dibangun dan dipersiapkan sebagai bagian dari postur pertahanan negara untuk mengatasi setiap ancaman militer dan ancaman bersenjata. (2) Postur TNI sebagaimana dimaksud pada ayat (1) dibangun dan dipersiapkan sesuai dengan kebijakan pertahanan negara.",
    "Question": "Apa kaitan Postur TNI dengan komponen cadangan dan pendukung?",
    "Answer": "Postur TNI sebagai komponen utama disinergikan dengan cadangan dan pendukung dalam sistem pertahanan semesta."
  },
  {
    "Context": "(1) Postur TNI dibangun dan dipersiapkan sebagai bagian dari postur pertahanan negara untuk mengatasi setiap ancaman militer dan ancaman bersenjata. (2) Postur TNI sebagaimana dimaksud pada ayat (1) dibangun dan dipersiapkan sesuai dengan kebijakan pertahanan negara.",
    "Question": "Apa indikator keberhasilan Postur TNI?",
    "Answer": "Indikatornya meliputi kesiapan tempur, interoperabilitas, dan kemampuan mobilisasi."
  },
  {
    "Context": "(1) Postur TNI dibangun dan dipersiapkan sebagai bagian dari postur pertahanan negara untuk mengatasi setiap ancaman militer dan ancaman bersenjata. (2) Postur TNI sebagaimana dimaksud pada ayat (1) dibangun dan dipersiapkan sesuai dengan kebijakan pertahanan negara.",
    "Question": "Bagaimana anggaran pertahanan memengaruhi Postur TNI?",
    "Answer": "Anggaran menentukan skala modernisasi dan pemeliharaan kekuatan TNI."
  },
  {
    "Context": "(1) Postur TNI dibangun dan dipersiapkan sebagai bagian dari postur pertahanan negara untuk mengatasi setiap ancaman militer dan ancaman bersenjata. (2) Postur TNI sebagaimana dimaksud pada ayat (1) dibangun dan dipersiapkan sesuai dengan kebijakan pertahanan negara.",
    "Question": "Apa saja tantangan dalam membangun Postur TNI?",
    "Answer": "Tantangannya antara lain keterbatasan anggaran, dinamika ancaman, dan kemajuan teknologi lawan."
  },
  {
    "Context": "(1) Postur TNI dibangun dan dipersiapkan sebagai bagian dari postur pertahanan negara untuk mengatasi setiap ancaman militer dan ancaman bersenjata. (2) Postur TNI sebagaimana dimaksud pada ayat (1) dibangun dan dipersiapkan sesuai dengan kebijakan pertahanan negara.",
    "Question": "Bagaimana Postur TNI mendukung diplomasi pertahanan?",
    "Answer": "Dengan menunjukkan kesiapan dan profesionalisme, Postur TNI meningkatkan posisi tawar Indonesia di kancah internasional."
  },
  {
    "Context": "(1) Postur TNI dibangun dan dipersiapkan sebagai bagian dari postur pertahanan negara untuk mengatasi setiap ancaman militer dan ancaman bersenjata. (2) Postur TNI sebagaimana dimaksud pada ayat (1) dibangun dan dipersiapkan sesuai dengan kebijakan pertahanan negara.",
    "Question": "Mengapa Postur TNI harus fleksibel dan adaptif?",
    "Answer": "Karena ancaman dapat berubah cepat sehingga Postur TNI harus menyesuaikan diri."
  },
  {
    "Context": "(1) Postur TNI dibangun dan dipersiapkan sebagai bagian dari postur pertahanan negara untuk mengatasi setiap ancaman militer dan ancaman bersenjata. (2) Postur TNI sebagaimana dimaksud pada ayat (1) dibangun dan dipersiapkan sesuai dengan kebijakan pertahanan negara.",
    "Question": "Bagaimana peran riset dan teknologi dalam Postur TNI?",
    "Answer": "Riset dan teknologi menghasilkan inovasi alutsista dan sistem komando modern."
  },
  {
    "Context": "(1) Postur TNI dibangun dan dipersiapkan sebagai bagian dari postur pertahanan negara untuk mengatasi setiap ancaman militer dan ancaman bersenjata. (2) Postur TNI sebagaimana dimaksud pada ayat (1) dibangun dan dipersiapkan sesuai dengan kebijakan pertahanan negara.",
    "Question": "Apa arti 'postur' dibanding 'kekuatan' semata?",
    "Answer": "Postur mencakup penataan dan kesiapan, bukan hanya jumlah atau kekuatan fisik."
  },
  {
    "Context": "(1) Postur TNI dibangun dan dipersiapkan sebagai bagian dari postur pertahanan negara untuk mengatasi setiap ancaman militer dan ancaman bersenjata. (2) Postur TNI sebagaimana dimaksud pada ayat (1) dibangun dan dipersiapkan sesuai dengan kebijakan pertahanan negara.",
    "Question": "Bagaimana Postur TNI berkontribusi pada operasi bantuan bencana?",
    "Answer": "Sebaran dan kesiapan satuan memungkinkan respon cepat TNI membantu penanggulangan bencana."
  },
  {
    "Context": "(1) Postur TNI dibangun dan dipersiapkan sebagai bagian dari postur pertahanan negara untuk mengatasi setiap ancaman militer dan ancaman bersenjata. (2) Postur TNI sebagaimana dimaksud pada ayat (1) dibangun dan dipersiapkan sesuai dengan kebijakan pertahanan negara.",
    "Question": "Apa hubungan Postur TNI dengan kebijakan Minimum Essential Force?",
    "Answer": "Postur TNI dibangun untuk memenuhi target Minimum Essential Force sebagai ambang bawah kemampuan pertahanan."
  },
  {
    "Context": "(1) Postur TNI dibangun dan dipersiapkan sebagai bagian dari postur pertahanan negara untuk mengatasi setiap ancaman militer dan ancaman bersenjata. (2) Postur TNI sebagaimana dimaksud pada ayat (1) dibangun dan dipersiapkan sesuai dengan kebijakan pertahanan negara.",
    "Question": "Bagaimana mekanisme review Postur TNI?",
    "Answer": "Review dilakukan secara berkala melalui audit kesiapan dan evaluasi ancaman."
  },
  {
    "Context": "(1) Postur TNI dibangun dan dipersiapkan sebagai bagian dari postur pertahanan negara untuk mengatasi setiap ancaman militer dan ancaman bersenjata. (2) Postur TNI sebagaimana dimaksud pada ayat (1) dibangun dan dipersiapkan sesuai dengan kebijakan pertahanan negara.",
    "Question": "Mengapa kebijakan pertahanan negara jadi dasar Postur TNI?",
    "Answer": "Supaya Postur TNI selaras dengan sasaran strategis dan prioritas nasional."
  },
  {
    "Context": "(1) Postur TNI dibangun dan dipersiapkan sebagai bagian dari postur pertahanan negara untuk mengatasi setiap ancaman militer dan ancaman bersenjata. (2) Postur TNI sebagaimana dimaksud pada ayat (1) dibangun dan dipersiapkan sesuai dengan kebijakan pertahanan negara.",
    "Question": "Apa contoh penyesuaian Postur TNI terhadap ancaman baru?",
    "Answer": "Pembentukan satuan siber dan antidrone sebagai respon ancaman teknologi."
  },
  {
    "Context": "(1) Postur TNI dibangun dan dipersiapkan sebagai bagian dari postur pertahanan negara untuk mengatasi setiap ancaman militer dan ancaman bersenjata. (2) Postur TNI sebagaimana dimaksud pada ayat (1) dibangun dan dipersiapkan sesuai dengan kebijakan pertahanan negara.",
    "Question": "Bagaimana Postur TNI mendukung keamanan maritim jika ancaman bersifat lintas matra?",
    "Answer": "Dengan interoperabilitas satuan darat, laut, udara, dan siber yang terkoordinasi."
  },
  {
    "Context": "(1) Postur TNI dibangun dan dipersiapkan sebagai bagian dari postur pertahanan negara untuk mengatasi setiap ancaman militer dan ancaman bersenjata. (2) Postur TNI sebagaimana dimaksud pada ayat (1) dibangun dan dipersiapkan sesuai dengan kebijakan pertahanan negara.",
    "Question": "Bagaimana proses penetapan kebijakan pertahanan negara?",
    "Answer": "Melalui perencanaan strategis di Kementerian Pertahanan dan persetujuan Presiden serta DPR."
  },
  {
    "Context": "(1) Postur TNI dibangun dan dipersiapkan sebagai bagian dari postur pertahanan negara untuk mengatasi setiap ancaman militer dan ancaman bersenjata. (2) Postur TNI sebagaimana dimaksud pada ayat (1) dibangun dan dipersiapkan sesuai dengan kebijakan pertahanan negara.",
    "Question": "Apa dampak kebijakan pertahanan global terhadap Postur TNI?",
    "Answer": "Perubahan keamanan regional dan global memengaruhi fokus alutsista dan kerjasama militer."
  },
  {
    "Context": "(1) Postur TNI dibangun dan dipersiapkan sebagai bagian dari postur pertahanan negara untuk mengatasi setiap ancaman militer dan ancaman bersenjata. (2) Postur TNI sebagaimana dimaksud pada ayat (1) dibangun dan dipersiapkan sesuai dengan kebijakan pertahanan negara.",
    "Question": "Bagaimana Postur TNI mendukung visi Indonesia sebagai Poros Maritim Dunia?",
    "Answer": "Dengan kekuatan terpadu yang mampu mengamankan jalur laut vital dan kedaulatan perairan."
  },
  {
    "Context": "(1) Postur TNI dibangun dan dipersiapkan sebagai bagian dari postur pertahanan negara untuk mengatasi setiap ancaman militer dan ancaman bersenjata. (2) Postur TNI sebagaimana dimaksud pada ayat (1) dibangun dan dipersiapkan sesuai dengan kebijakan pertahanan negara.",
    "Question": "Bagaimana Postur TNI berperan dalam operasi perdamaian?",
    "Answer": "Postur yang memadai memungkinkan kontribusi pasukan TNI dalam misi PBB."
  },
  {
    "Context": "(1) Postur TNI dibangun dan dipersiapkan sebagai bagian dari postur pertahanan negara untuk mengatasi setiap ancaman militer dan ancaman bersenjata. (2) Postur TNI sebagaimana dimaksud pada ayat (1) dibangun dan dipersiapkan sesuai dengan kebijakan pertahanan negara.",
    "Question": "Mengapa sinergi tiga matra penting dalam Postur TNI?",
    "Answer": "Untuk memastikan operasi gabungan efektif melawan ancaman multidimensi."
  },
  {
    "Context": "(1) Postur TNI dibangun dan dipersiapkan sebagai bagian dari postur pertahanan negara untuk mengatasi setiap ancaman militer dan ancaman bersenjata. (2) Postur TNI sebagaimana dimaksud pada ayat (1) dibangun dan dipersiapkan sesuai dengan kebijakan pertahanan negara.",
    "Question": "Apa peran logistik dalam Postur TNI?",
    "Answer": "Logistik memastikan pasukan mendapat dukungan peralatan, amunisi, dan perawatan saat operasi."
  },
  {
    "Context": "(1) Postur TNI dibangun dan dipersiapkan sebagai bagian dari postur pertahanan negara untuk mengatasi setiap ancaman militer dan ancaman bersenjata. (2) Postur TNI sebagaimana dimaksud pada ayat (1) dibangun dan dipersiapkan sesuai dengan kebijakan pertahanan negara.",
    "Question": "Bagaimana TNI menyesuaikan Postur saat kondisi ekonomi nasional terbatas?",
    "Answer": "Dengan prioritas modernisasi bertahap dan peningkatan efisiensi sumber daya."
  },
  {
    "Context": "(1) Postur TNI dibangun dan dipersiapkan sebagai bagian dari postur pertahanan negara untuk mengatasi setiap ancaman militer dan ancaman bersenjata. (2) Postur TNI sebagaimana dimaksud pada ayat (1) dibangun dan dipersiapkan sesuai dengan kebijakan pertahanan negara.",
    "Question": "Apa kaitan Postur TNI dengan industri pertahanan nasional?",
    "Answer": "Industri pertahanan memasok alutsista sehingga menentukan kemandirian Postur TNI."
  },
  {
    "Context": "(1) Postur TNI dibangun dan dipersiapkan sebagai bagian dari postur pertahanan negara untuk mengatasi setiap ancaman militer dan ancaman bersenjata. (2) Postur TNI sebagaimana dimaksud pada ayat (1) dibangun dan dipersiapkan sesuai dengan kebijakan pertahanan negara.",
    "Question": "Bagaimana Postur TNI mendukung penegakan hukum di wilayah perbatasan?",
    "Answer": "Dengan penempatan satuan di perbatasan untuk mencegah pelanggaran kedaulatan."
  },
  {
    "Context": "(1) Postur TNI dibangun dan dipersiapkan sebagai bagian dari postur pertahanan negara untuk mengatasi setiap ancaman militer dan ancaman bersenjata. (2) Postur TNI sebagaimana dimaksud pada ayat (1) dibangun dan dipersiapkan sesuai dengan kebijakan pertahanan negara.",
    "Question": "Apa peran pendidikan dan latihan dalam pembentukan Postur TNI?",
    "Answer": "Pendidikan dan latihan meningkatkan profesionalisme dan kesiapan setiap prajurit."
  },
  {
    "Context": "(1) Postur TNI dibangun dan dipersiapkan sebagai bagian dari postur pertahanan negara untuk mengatasi setiap ancaman militer dan ancaman bersenjata. (2) Postur TNI sebagaimana dimaksud pada ayat (1) dibangun dan dipersiapkan sesuai dengan kebijakan pertahanan negara.",
    "Question": "Jika terjadi peningkatan ancaman di wilayah udara, apa implikasinya bagi Postur TNI?",
    "Answer": "TNI perlu meningkatkan satuan pertahanan udara dan radar sesuai ancaman."
  },
  {
    "Context": "(1) Postur TNI dibangun dan dipersiapkan sebagai bagian dari postur pertahanan negara untuk mengatasi setiap ancaman militer dan ancaman bersenjata. (2) Postur TNI sebagaimana dimaksud pada ayat (1) dibangun dan dipersiapkan sesuai dengan kebijakan pertahanan negara.",
    "Question": "Bagaimana Postur TNI harus berubah menghadapi ancaman siber?",
    "Answer": "Menambahkan kemampuan pertahanan siber dan satuan pertahanan jaringan."
  },
  {
    "Context": "(1) Postur TNI dibangun dan dipersiapkan sebagai bagian dari postur pertahanan negara untuk mengatasi setiap ancaman militer dan ancaman bersenjata. (2) Postur TNI sebagaimana dimaksud pada ayat (1) dibangun dan dipersiapkan sesuai dengan kebijakan pertahanan negara.",
    "Question": "Apa peran cadangan nasional dalam mendukung Postur TNI?",
    "Answer": "Cadangan nasional menyediakan personel dan sumber daya tambahan saat mobilisasi."
  },
  {
    "Context": "(1) Postur TNI dibangun dan dipersiapkan sebagai bagian dari postur pertahanan negara untuk mengatasi setiap ancaman militer dan ancaman bersenjata. (2) Postur TNI sebagaimana dimaksud pada ayat (1) dibangun dan dipersiapkan sesuai dengan kebijakan pertahanan negara.",
    "Question": "Bagaimana Postur TNI menjaga keseimbangan kekuatan di kawasan ASEAN?",
    "Answer": "Dengan modernisasi terukur dan diplomasi pertahanan untuk mencegah perlombaan senjata."
  },
  {
    "Context": "(1) Postur TNI dibangun dan dipersiapkan sebagai bagian dari postur pertahanan negara untuk mengatasi setiap ancaman militer dan ancaman bersenjata. (2) Postur TNI sebagaimana dimaksud pada ayat (1) dibangun dan dipersiapkan sesuai dengan kebijakan pertahanan negara.",
    "Question": "Apa indikator kesiapan Postur TNI dalam inspeksi NATO‑standard?",
    "Answer": "Tingkat kesiapan personel, alutsista serviceable, dan interoperabilitas dalam latihan gabungan."
  },
  {
    "Context": "(1) Postur TNI dibangun dan dipersiapkan sebagai bagian dari postur pertahanan negara untuk mengatasi setiap ancaman militer dan ancaman bersenjata. (2) Postur TNI sebagaimana dimaksud pada ayat (1) dibangun dan dipersiapkan sesuai dengan kebijakan pertahanan negara.",
    "Question": "Bagaimana Postur TNI mendukung keamanan siber nasional?",
    "Answer": "Dengan membentuk satuan siber TNI yang terintegrasi dengan pertahanan jaringan kritis."
  },
  {
    "Context": "(1) Postur TNI dibangun dan dipersiapkan sebagai bagian dari postur pertahanan negara untuk mengatasi setiap ancaman militer dan ancaman bersenjata. (2) Postur TNI sebagaimana dimaksud pada ayat (1) dibangun dan dipersiapkan sesuai dengan kebijakan pertahanan negara.",
    "Question": "Mengapa pemerataan sebaran satuan penting dalam Postur TNI?",
    "Answer": "Agar respons cepat dapat diberikan di seluruh wilayah NKRI."
  },
  {
    "Context": "(1) Postur TNI dibangun dan dipersiapkan sebagai bagian dari postur pertahanan negara untuk mengatasi setiap ancaman militer dan ancaman bersenjata. (2) Postur TNI sebagaimana dimaksud pada ayat (1) dibangun dan dipersiapkan sesuai dengan kebijakan pertahanan negara.",
    "Question": "Apa konsekuensi jika Postur TNI tidak sesuai kebijakan pertahanan?",
    "Answer": "Ketidaksesuaian bisa menyebabkan inefisiensi dan kekosongan kemampuan penting."
  },
  {
    "Context": "(1) Postur TNI dibangun dan dipersiapkan sebagai bagian dari postur pertahanan negara untuk mengatasi setiap ancaman militer dan ancaman bersenjata. (2) Postur TNI sebagaimana dimaksud pada ayat (1) dibangun dan dipersiapkan sesuai dengan kebijakan pertahanan negara.",
    "Question": "Bagaimana Postur TNI relevan dengan konsep smart defense?",
    "Answer": "Dengan berbagi kapasitas dan bekerjasama regional untuk efisiensi."
  },
  {
    "Context": "(1) Postur TNI dibangun dan dipersiapkan sebagai bagian dari postur pertahanan negara untuk mengatasi setiap ancaman militer dan ancaman bersenjata. (2) Postur TNI sebagaimana dimaksud pada ayat (1) dibangun dan dipersiapkan sesuai dengan kebijakan pertahanan negara.",
    "Question": "Apa peran teknologi AI dalam Postur TNI masa depan?",
    "Answer": "AI meningkatkan deteksi ancaman, perencanaan operasi, dan otonomi sistem senjata."
  },
  {
    "Context": "(1) Postur TNI dibangun dan dipersiapkan sebagai bagian dari postur pertahanan negara untuk mengatasi setiap ancaman militer dan ancaman bersenjata. (2) Postur TNI sebagaimana dimaksud pada ayat (1) dibangun dan dipersiapkan sesuai dengan kebijakan pertahanan negara.",
    "Question": "Bagaimana Postur TNI mempertimbangkan faktor lingkungan?",
    "Answer": "Dengan mengadopsi praktek hijau dalam operasi dan pembangunan fasilitas."
  },
  {
    "Context": "(1) Postur TNI dibangun dan dipersiapkan sebagai bagian dari postur pertahanan negara untuk mengatasi setiap ancaman militer dan ancaman bersenjata. (2) Postur TNI sebagaimana dimaksud pada ayat (1) dibangun dan dipersiapkan sesuai dengan kebijakan pertahanan negara.",
    "Question": "Mengapa interoperabilitas sistem senjata penting dalam Postur TNI?",
    "Answer": "Agar matra berbeda bisa saling bertukar data dan koordinasi efektif."
  },
  {
    "Context": "(1) Postur TNI dibangun dan dipersiapkan sebagai bagian dari postur pertahanan negara untuk mengatasi setiap ancaman militer dan ancaman bersenjata. (2) Postur TNI sebagaimana dimaksud pada ayat (1) dibangun dan dipersiapkan sesuai dengan kebijakan pertahanan negara.",
    "Question": "Bagaimana Postur TNI diukur melalui indikator MEF?",
    "Answer": "MEF menentukan jumlah minimal pesawat, kapal, dan batalyon siap tempur."
  },
  {
    "Context": "(1) Postur TNI dibangun dan dipersiapkan sebagai bagian dari postur pertahanan negara untuk mengatasi setiap ancaman militer dan ancaman bersenjata. (2) Postur TNI sebagaimana dimaksud pada ayat (1) dibangun dan dipersiapkan sesuai dengan kebijakan pertahanan negara.",
    "Question": "Apa dampak modernisasi Postur TNI terhadap anggaran negara?",
    "Answer": "Meningkatkan belanja pertahanan namun perlu dikontrol agar berkelanjutan."
  },
  {
    "Context": "(1) Postur TNI dibangun dan dipersiapkan sebagai bagian dari postur pertahanan negara untuk mengatasi setiap ancaman militer dan ancaman bersenjata. (2) Postur TNI sebagaimana dimaksud pada ayat (1) dibangun dan dipersiapkan sesuai dengan kebijakan pertahanan negara.",
    "Question": "Bagaimana Postur TNI membantu pemerintah dalam non‑militer emergencies?",
    "Answer": "Dengan unit zeni, kesehatan, dan transport yang siap dikerahkan."
  }
]