[
  {
    "Context": "Angkatan Darat bertugas melaksanakan tugas TNI matra darat di bidang pertahanan. Angkatan Darat bertugas melaksanakan tugas TNI dalam menjaga keamanan wilayah perbatasan darat dengan negara lain. Angkatan Darat bertugas melaksanakan tugas TNI dalam pembangunan dan pengembangan kekuatan matra darat. Angkatan Darat bertugas melaksanakan pemberdayaan wilayah pertahanan di darat.",
    "Question": "Sebutkan empat tugas utama Angkatan Darat menurut Pasal 8!",
    "Answer": "Empat tugas utama Angkatan Darat adalah: (a) pertahanan matra darat, (b) keamanan perbatasan darat, (c) pembangunan dan pengembangan kekuatan matra darat, serta (d) pemberdayaan wilayah pertahanan di darat."
  },
  {
    "Context": "Angkatan Darat bertugas melaksanakan tugas TNI matra darat di bidang pertahanan.",
    "Question": "Apa fokus utama tugas pada huruf a Pasal 8?",
    "Answer": "Fokusnya adalah melaksanakan tugas pertahanan negara pada matra darat."
  },
  {
    "Context": "Angkatan Darat bertugas melaksanakan tugas TNI dalam menjaga keamanan wilayah perbatasan darat dengan negara lain.",
    "Question": "Apa maksud menjaga keamanan wilayah perbatasan darat?",
    "Answer": "Menjaga agar wilayah perbatasan darat Indonesia aman dari pelanggaran, infiltrasi, atau ancaman dari negara lain."
  },
  {
    "Context": "Angkatan Darat bertugas melaksanakan tugas TNI dalam pembangunan dan pengembangan kekuatan matra darat.",
    "Question": "Apa arti pembangunan dan pengembangan kekuatan matra darat?",
    "Answer": "Artinya meningkatkan kemampuan organisasi, personel, alutsista, dan doktrin Angkatan Darat."
  },
  {
    "Context": "Angkatan Darat bertugas melaksanakan pemberdayaan wilayah pertahanan di darat.",
    "Question": "Apa tujuan pemberdayaan wilayah pertahanan di darat?",
    "Answer": "Tujuannya mempersiapkan wilayah beserta sumber dayanya agar siap mendukung pertahanan nasional saat dibutuhkan."
  },
  {
    "Context": "Angkatan Darat bertugas melaksanakan tugas TNI matra darat di bidang pertahanan.",
    "Question": "Mengapa pertahanan matra darat penting bagi Indonesia?",
    "Answer": "Karena mayoritas wilayah Indonesia berupa daratan yang harus dilindungi dari ancaman militer."
  },
  {
    "Context": "Angkatan Darat bertugas melaksanakan tugas TNI matra darat di bidang pertahanan.",
    "Question": "Bagaimana Angkatan Darat melaksanakan pertahanan matra darat?",
    "Answer": "Dengan menyiapkan pasukan, alutsista, dan strategi untuk menghadapi ancaman di darat."
  },
  {
    "Context": "Angkatan Darat bertugas melaksanakan tugas TNI matra darat di bidang pertahanan.",
    "Question": "Apa contoh operasi pertahanan matra darat?",
    "Answer": "Operasi patroli perbatasan, latihan tempur, dan penempatan pasukan di wilayah rawan."
  },
  {
    "Context": "Angkatan Darat bertugas melaksanakan tugas TNI matra darat di bidang pertahanan.",
    "Question": "Siapa yang bertanggung jawab atas koordinasi pertahanan matra darat?",
    "Answer": "Angkatan Darat di bawah komando Panglima TNI dan kebijakan Presiden."
  },
  {
    "Context": "Angkatan Darat bertugas melaksanakan tugas TNI matra darat di bidang pertahanan.",
    "Question": "Mengapa pertahanan matra darat penting bagi Indonesia?",
    "Answer": "Karena mayoritas wilayah Indonesia berupa daratan yang harus dilindungi dari ancaman militer."
  },
  {
    "Context": "Angkatan Darat bertugas melaksanakan tugas TNI matra darat di bidang pertahanan.",
    "Question": "Bagaimana Angkatan Darat melaksanakan pertahanan matra darat?",
    "Answer": "Dengan menyiapkan pasukan, alutsista, dan strategi untuk menghadapi ancaman di darat."
  },
  {
    "Context": "Angkatan Darat bertugas melaksanakan tugas TNI matra darat di bidang pertahanan.",
    "Question": "Apa contoh operasi pertahanan matra darat?",
    "Answer": "Operasi patroli perbatasan, latihan tempur, dan penempatan pasukan di wilayah rawan."
  },
  {
    "Context": "Angkatan Darat bertugas melaksanakan tugas TNI matra darat di bidang pertahanan.",
    "Question": "Siapa yang bertanggung jawab atas koordinasi pertahanan matra darat?",
    "Answer": "Angkatan Darat di bawah komando Panglima TNI dan kebijakan Presiden."
  },
  {
    "Context": "Angkatan Darat bertugas melaksanakan tugas TNI matra darat di bidang pertahanan.",
    "Question": "Mengapa pertahanan matra darat penting bagi Indonesia?",
    "Answer": "Karena mayoritas wilayah Indonesia berupa daratan yang harus dilindungi dari ancaman militer."
  },
  {
    "Context": "Angkatan Darat bertugas melaksanakan tugas TNI matra darat di bidang pertahanan.",
    "Question": "Bagaimana Angkatan Darat melaksanakan pertahanan matra darat?",
    "Answer": "Dengan menyiapkan pasukan, alutsista, dan strategi untuk menghadapi ancaman di darat."
  },
  {
    "Context": "Angkatan Darat bertugas melaksanakan tugas TNI dalam menjaga keamanan wilayah perbatasan darat dengan negara lain.",
    "Question": "Kegiatan apa saja yang dilakukan untuk menjaga perbatasan darat?",
    "Answer": "Patroli, pembangunan pos, penandaan tapal batas, dan kerja sama lintas batas."
  },
  {
    "Context": "Angkatan Darat bertugas melaksanakan tugas TNI dalam menjaga keamanan wilayah perbatasan darat dengan negara lain.",
    "Question": "Apa tantangan utama pada pengamanan perbatasan darat?",
    "Answer": "Medan sulit, keterpencilan, dan potensi pelanggaran batas oleh oknum."
  },
  {
    "Context": "Angkatan Darat bertugas melaksanakan tugas TNI dalam menjaga keamanan wilayah perbatasan darat dengan negara lain.",
    "Question": "Mengapa kerja sama dengan negara tetangga penting?",
    "Answer": "Untuk mencegah sengketa dan meningkatkan keamanan bersama."
  },
  {
    "Context": "Angkatan Darat bertugas melaksanakan tugas TNI dalam menjaga keamanan wilayah perbatasan darat dengan negara lain.",
    "Question": "Bagaimana Angkatan Darat mendukung pembangunan di perbatasan?",
    "Answer": "Melalui teritorial, karya bakti, dan membantu infrastruktur dasar."
  },
  {
    "Context": "Angkatan Darat bertugas melaksanakan tugas TNI dalam menjaga keamanan wilayah perbatasan darat dengan negara lain.",
    "Question": "Kegiatan apa saja yang dilakukan untuk menjaga perbatasan darat?",
    "Answer": "Patroli, pembangunan pos, penandaan tapal batas, dan kerja sama lintas batas."
  },
  {
    "Context": "Angkatan Darat bertugas melaksanakan tugas TNI dalam menjaga keamanan wilayah perbatasan darat dengan negara lain.",
    "Question": "Apa tantangan utama pada pengamanan perbatasan darat?",
    "Answer": "Medan sulit, keterpencilan, dan potensi pelanggaran batas oleh oknum."
  },
  {
    "Context": "Angkatan Darat bertugas melaksanakan tugas TNI dalam menjaga keamanan wilayah perbatasan darat dengan negara lain.",
    "Question": "Mengapa kerja sama dengan negara tetangga penting?",
    "Answer": "Untuk mencegah sengketa dan meningkatkan keamanan bersama."
  },
  {
    "Context": "Angkatan Darat bertugas melaksanakan tugas TNI dalam menjaga keamanan wilayah perbatasan darat dengan negara lain.",
    "Question": "Bagaimana Angkatan Darat mendukung pembangunan di perbatasan?",
    "Answer": "Melalui teritorial, karya bakti, dan membantu infrastruktur dasar."
  },
  {
    "Context": "Angkatan Darat bertugas melaksanakan tugas TNI dalam menjaga keamanan wilayah perbatasan darat dengan negara lain.",
    "Question": "Kegiatan apa saja yang dilakukan untuk menjaga perbatasan darat?",
    "Answer": "Patroli, pembangunan pos, penandaan tapal batas, dan kerja sama lintas batas."
  },
  {
    "Context": "Angkatan Darat bertugas melaksanakan tugas TNI dalam menjaga keamanan wilayah perbatasan darat dengan negara lain.",
    "Question": "Apa tantangan utama pada pengamanan perbatasan darat?",
    "Answer": "Medan sulit, keterpencilan, dan potensi pelanggaran batas oleh oknum."
  },
  {
    "Context": "Angkatan Darat bertugas melaksanakan tugas TNI dalam pembangunan dan pengembangan kekuatan matra darat.",
    "Question": "Apa saja yang termasuk pembangunan kekuatan matra darat?",
    "Answer": "Modernisasi persenjataan, peningkatan SDM, dan pembaruan doktrin."
  },
  {
    "Context": "Angkatan Darat bertugas melaksanakan tugas TNI dalam pembangunan dan pengembangan kekuatan matra darat.",
    "Question": "Bagaimana pengembangan kekuatan meningkatkan kesiapan TNI AD?",
    "Answer": "Menjadikan pasukan lebih responsif, profesional, dan mampu menghadapi ancaman modern."
  },
  {
    "Context": "Angkatan Darat bertugas melaksanakan tugas TNI dalam pembangunan dan pengembangan kekuatan matra darat.",
    "Question": "Siapa yang terlibat dalam perencanaan pengembangan kekuatan?",
    "Answer": "Staf Angkatan Darat bersama Kementerian Pertahanan dan pihak terkait."
  },
  {
    "Context": "Angkatan Darat bertugas melaksanakan tugas TNI dalam pembangunan dan pengembangan kekuatan matra darat.",
    "Question": "Apa peran industri pertahanan dalam pengembangan kekuatan matra darat?",
    "Answer": "Menyuplai peralatan dan teknologi yang dibutuhkan pasukan."
  },
  {
    "Context": "Angkatan Darat bertugas melaksanakan tugas TNI dalam pembangunan dan pengembangan kekuatan matra darat.",
    "Question": "Apa saja yang termasuk pembangunan kekuatan matra darat?",
    "Answer": "Modernisasi persenjataan, peningkatan SDM, dan pembaruan doktrin."
  },
  {
    "Context": "Angkatan Darat bertugas melaksanakan tugas TNI dalam pembangunan dan pengembangan kekuatan matra darat.",
    "Question": "Bagaimana pengembangan kekuatan meningkatkan kesiapan TNI AD?",
    "Answer": "Menjadikan pasukan lebih responsif, profesional, dan mampu menghadapi ancaman modern."
  },
  {
    "Context": "Angkatan Darat bertugas melaksanakan tugas TNI dalam pembangunan dan pengembangan kekuatan matra darat.",
    "Question": "Siapa yang terlibat dalam perencanaan pengembangan kekuatan?",
    "Answer": "Staf Angkatan Darat bersama Kementerian Pertahanan dan pihak terkait."
  },
  {
    "Context": "Angkatan Darat bertugas melaksanakan tugas TNI dalam pembangunan dan pengembangan kekuatan matra darat.",
    "Question": "Apa peran industri pertahanan dalam pengembangan kekuatan matra darat?",
    "Answer": "Menyuplai peralatan dan teknologi yang dibutuhkan pasukan."
  },
  {
    "Context": "Angkatan Darat bertugas melaksanakan tugas TNI dalam pembangunan dan pengembangan kekuatan matra darat.",
    "Question": "Apa saja yang termasuk pembangunan kekuatan matra darat?",
    "Answer": "Modernisasi persenjataan, peningkatan SDM, dan pembaruan doktrin."
  },
  {
    "Context": "Angkatan Darat bertugas melaksanakan tugas TNI dalam pembangunan dan pengembangan kekuatan matra darat.",
    "Question": "Bagaimana pengembangan kekuatan meningkatkan kesiapan TNI AD?",
    "Answer": "Menjadikan pasukan lebih responsif, profesional, dan mampu menghadapi ancaman modern."
  },
  {
    "Context": "Angkatan Darat bertugas melaksanakan pemberdayaan wilayah pertahanan di darat.",
    "Question": "Apa bentuk pemberdayaan wilayah pertahanan di darat?",
    "Answer": "Pembinaan potensi pertahanan masyarakat, infrastruktur, dan sumber daya lokal."
  },
  {
    "Context": "Angkatan Darat bertugas melaksanakan pemberdayaan wilayah pertahanan di darat.",
    "Question": "Bagaimana masyarakat dilibatkan dalam pemberdayaan wilayah pertahanan?",
    "Answer": "Melalui program bela negara, pelatihan, dan kesiapsiagaan bencana."
  },
  {
    "Context": "Angkatan Darat bertugas melaksanakan pemberdayaan wilayah pertahanan di darat.",
    "Question": "Apa manfaat pemberdayaan wilayah bagi pertahanan nasional?",
    "Answer": "Memperkuat ketahanan nasional dan mendukung operasi militer bila diperlukan."
  },
  {
    "Context": "Angkatan Darat bertugas melaksanakan pemberdayaan wilayah pertahanan di darat.",
    "Question": "Siapa yang berkoordinasi dengan Angkatan Darat dalam pemberdayaan wilayah?",
    "Answer": "Pemerintah daerah, kementerian terkait, dan komponen cadangan."
  },
  {
    "Context": "Angkatan Darat bertugas melaksanakan pemberdayaan wilayah pertahanan di darat.",
    "Question": "Apa bentuk pemberdayaan wilayah pertahanan di darat?",
    "Answer": "Pembinaan potensi pertahanan masyarakat, infrastruktur, dan sumber daya lokal."
  },
  {
    "Context": "Angkatan Darat bertugas melaksanakan pemberdayaan wilayah pertahanan di darat.",
    "Question": "Bagaimana masyarakat dilibatkan dalam pemberdayaan wilayah pertahanan?",
    "Answer": "Melalui program bela negara, pelatihan, dan kesiapsiagaan bencana."
  },
  {
    "Context": "Angkatan Darat bertugas melaksanakan pemberdayaan wilayah pertahanan di darat.",
    "Question": "Apa manfaat pemberdayaan wilayah bagi pertahanan nasional?",
    "Answer": "Memperkuat ketahanan nasional dan mendukung operasi militer bila diperlukan."
  },
  {
    "Context": "Angkatan Darat bertugas melaksanakan pemberdayaan wilayah pertahanan di darat.",
    "Question": "Siapa yang berkoordinasi dengan Angkatan Darat dalam pemberdayaan wilayah?",
    "Answer": "Pemerintah daerah, kementerian terkait, dan komponen cadangan."
  },
  {
    "Context": "Angkatan Darat bertugas melaksanakan pemberdayaan wilayah pertahanan di darat.",
    "Question": "Apa bentuk pemberdayaan wilayah pertahanan di darat?",
    "Answer": "Pembinaan potensi pertahanan masyarakat, infrastruktur, dan sumber daya lokal."
  },
  {
    "Context": "Angkatan Darat bertugas melaksanakan pemberdayaan wilayah pertahanan di darat.",
    "Question": "Bagaimana masyarakat dilibatkan dalam pemberdayaan wilayah pertahanan?",
    "Answer": "Melalui program bela negara, pelatihan, dan kesiapsiagaan bencana."
  },
  {
    "Context": "Angkatan Darat bertugas melaksanakan tugas TNI matra darat di bidang pertahanan. Angkatan Darat bertugas melaksanakan tugas TNI dalam menjaga keamanan wilayah perbatasan darat dengan negara lain. Angkatan Darat bertugas melaksanakan tugas TNI dalam pembangunan dan pengembangan kekuatan matra darat. Angkatan Darat bertugas melaksanakan pemberdayaan wilayah pertahanan di darat.",
    "Question": "Bagaimana perbedaan fokus antara tugas huruf a dan huruf b?",
    "Answer": "Huruf a menitikberatkan pertahanan secara keseluruhan di darat, sedangkan huruf b khusus pada keamanan perbatasan darat."
  },
  {
    "Context": "Angkatan Darat bertugas melaksanakan tugas TNI matra darat di bidang pertahanan. Angkatan Darat bertugas melaksanakan tugas TNI dalam menjaga keamanan wilayah perbatasan darat dengan negara lain. Angkatan Darat bertugas melaksanakan tugas TNI dalam pembangunan dan pengembangan kekuatan matra darat. Angkatan Darat bertugas melaksanakan pemberdayaan wilayah pertahanan di darat.",
    "Question": "Mengapa pembangunan kekuatan matra darat (huruf c) tidak bisa dipisahkan dari pemberdayaan wilayah (huruf d)?",
    "Answer": "Karena kekuatan pasukan memerlukan dukungan wilayah yang siap, sementara pemberdayaan wilayah perlu didukung kemampuan militer yang memadai."
  },
  {
    "Context": "Angkatan Darat bertugas melaksanakan tugas TNI matra darat di bidang pertahanan. Angkatan Darat bertugas melaksanakan tugas TNI dalam menjaga keamanan wilayah perbatasan darat dengan negara lain. Angkatan Darat bertugas melaksanakan tugas TNI dalam pembangunan dan pengembangan kekuatan matra darat. Angkatan Darat bertugas melaksanakan pemberdayaan wilayah pertahanan di darat.",
    "Question": "Bagaimana keempat tugas Pasal 8 saling melengkapi?",
    "Answer": "Pertahanan matra darat (a) dijaga di perbatasan (b), diperkuat melalui pembangunan kemampuan (c), dan didukung kesiapan wilayah (d)."
  },
  {
    "Context": "Angkatan Darat bertugas melaksanakan tugas TNI matra darat di bidang pertahanan.",
    "Question": "Apa indikator keberhasilan tugas pertahanan matra darat?",
    "Answer": "Wilayah aman dari invasi, rakyat merasa terlindungi, dan kesiapsiagaan pasukan terpelihara."
  },
  {
    "Context": "Angkatan Darat bertugas melaksanakan tugas TNI dalam menjaga keamanan wilayah perbatasan darat dengan negara lain.",
    "Question": "Bagaimana teknologi membantu pengamanan perbatasan darat?",
    "Answer": "Teknologi drone, sensor, dan komunikasi real-time memudahkan pemantauan wilayah yang sulit dijangkau."
  }
]