[
  {
    "Context": "Pasal 23 ayat (1): Prajurit Sukarela menjalani dinas keprajuritan dengan ikatan dinas.",
    "Question": "Apa yang dimaksud Prajurit Sukarela menjalani dinas keprajuritan dengan ikatan dinas?",
    "Answer": "Artinya Prajurit Sukarela memiliki kewajiban mengabdi selama periode tertentu sesuai perjanjian dinas."
  },
  {
    "Context": "Pasal 23 ayat (2): Ketentuan sebagaimana dimaksud pada ayat (1), diatur lebih lanjut dengan Peraturan Pemerintah.",
    "Question": "Bagaimana ketentuan dinas Prajurit Sukarela diatur lebih lanjut?",
    "Answer": "Diatur dengan Peraturan Pemerintah."
  },
  {
    "Context": "Pasal 24 ayat (1): Prajurit Wajib menjalani dinas keprajuritan berdasarkan ikatan dinas.",
    "Question": "Apa yang dimaksud Prajurit Wajib menjalani dinas keprajuritan berdasarkan ikatan dinas?",
    "Answer": "Artinya Prajurit Wajib wajib mengabdi selama periode tertentu sesuai ketentuan hukum."
  },
  {
    "Context": "Pasal 24 ayat (2): Ketentuan sebagaimana dimaksud pada ayat (1), diatur lebih lanjut dalam undang-undang.",
    "Question": "Bagaimana ketentuan dinas Prajurit Wajib diatur lebih lanjut?",
    "Answer": "Diatur dalam undang-undang."
  },
  {
    "Context": "Pasal 23 dan 24: Pasal 23 ayat (1): Prajurit Sukarela menjalani dinas keprajuritan dengan ikatan dinas. Pasal 23 ayat (2): Ketentuan sebagaimana dimaksud pada ayat (1), diatur lebih lanjut dengan Peraturan Pemerintah. Pasal 24 ayat (1): Prajurit Wajib menjalani dinas keprajuritan berdasarkan ikatan dinas. Pasal 24 ayat (2): Ketentuan sebagaimana dimaksud pada ayat (1), diatur lebih lanjut dalam undang-undang.",
    "Question": "Berapa ayat keseluruhan antara Pasal 23 dan Pasal 24?",
    "Answer": "Empat ayat."
  },
  {
    "Context": "Pasal 23 dan 24: Pasal 23 ayat (1): Prajurit Sukarela menjalani dinas keprajuritan dengan ikatan dinas. Pasal 23 ayat (2): Ketentuan sebagaimana dimaksud pada ayat (1), diatur lebih lanjut dengan Peraturan Pemerintah. Pasal 24 ayat (1): Prajurit Wajib menjalani dinas keprajuritan berdasarkan ikatan dinas. Pasal 24 ayat (2): Ketentuan sebagaimana dimaksud pada ayat (1), diatur lebih lanjut dalam undang-undang.",
    "Question": "Apa perbedaan ikatan dinas Prajurit Sukarela dan Prajurit Wajib?",
    "Answer": "Secara prinsip ikatannya sama, tetapi sumber hukum pengaturannya berbeda."
  },
  {
    "Context": "Pasal 23 dan 24: Pasal 23 ayat (1): Prajurit Sukarela menjalani dinas keprajuritan dengan ikatan dinas. Pasal 23 ayat (2): Ketentuan sebagaimana dimaksud pada ayat (1), diatur lebih lanjut dengan Peraturan Pemerintah. Pasal 24 ayat (1): Prajurit Wajib menjalani dinas keprajuritan berdasarkan ikatan dinas. Pasal 24 ayat (2): Ketentuan sebagaimana dimaksud pada ayat (1), diatur lebih lanjut dalam undang-undang.",
    "Question": "Mengapa ketentuan Prajurit Sukarela diatur dengan Peraturan Pemerintah?",
    "Answer": "Agar mekanisme teknis dan prosedur pelaksanaan dapat diatur secara rinci oleh pemerintah."
  },
  {
    "Context": "Pasal 23 dan 24: Pasal 23 ayat (1): Prajurit Sukarela menjalani dinas keprajuritan dengan ikatan dinas. Pasal 23 ayat (2): Ketentuan sebagaimana dimaksud pada ayat (1), diatur lebih lanjut dengan Peraturan Pemerintah. Pasal 24 ayat (1): Prajurit Wajib menjalani dinas keprajuritan berdasarkan ikatan dinas. Pasal 24 ayat (2): Ketentuan sebagaimana dimaksud pada ayat (1), diatur lebih lanjut dalam undang-undang.",
    "Question": "Mengapa ketentuan Prajurit Wajib diatur dalam undang-undang?",
    "Answer": "Karena status kewajiban warga negara memerlukan dasar hukum yang lebih tinggi."
  },
  {
    "Context": "Pasal 23 dan 24: Pasal 23 ayat (1): Prajurit Sukarela menjalani dinas keprajuritan dengan ikatan dinas. Pasal 23 ayat (2): Ketentuan sebagaimana dimaksud pada ayat (1), diatur lebih lanjut dengan Peraturan Pemerintah. Pasal 24 ayat (1): Prajurit Wajib menjalani dinas keprajuritan berdasarkan ikatan dinas. Pasal 24 ayat (2): Ketentuan sebagaimana dimaksud pada ayat (1), diatur lebih lanjut dalam undang-undang.",
    "Question": "Apa contoh isi Peraturan Pemerintah untuk Prajurit Sukarela?",
    "Answer": "PP dapat mengatur durasi dinas, hak dan kewajiban, serta prosedur pendaftaran."
  },
  {
    "Context": "Pasal 23 dan 24: Pasal 23 ayat (1): Prajurit Sukarela menjalani dinas keprajuritan dengan ikatan dinas. Pasal 23 ayat (2): Ketentuan sebagaimana dimaksud pada ayat (1), diatur lebih lanjut dengan Peraturan Pemerintah. Pasal 24 ayat (1): Prajurit Wajib menjalani dinas keprajuritan berdasarkan ikatan dinas. Pasal 24 ayat (2): Ketentuan sebagaimana dimaksud pada ayat (1), diatur lebih lanjut dalam undang-undang.",
    "Question": "Apa contoh undang-undang yang mengatur Prajurit Wajib?",
    "Answer": "Undang-undang TNI dan peraturan turunan yang terkait wajib militer."
  },
  {
    "Context": "Pasal 23 dan 24: Pasal 23 ayat (1): Prajurit Sukarela menjalani dinas keprajuritan dengan ikatan dinas. Pasal 23 ayat (2): Ketentuan sebagaimana dimaksud pada ayat (1), diatur lebih lanjut dengan Peraturan Pemerintah. Pasal 24 ayat (1): Prajurit Wajib menjalani dinas keprajuritan berdasarkan ikatan dinas. Pasal 24 ayat (2): Ketentuan sebagaimana dimaksud pada ayat (1), diatur lebih lanjut dalam undang-undang.",
    "Question": "Bagaimana mekanisme pendaftaran bagi Prajurit Sukarela?",
    "Answer": "Calon mendaftar sesuai prosedur PP, mengikuti seleksi, dan menandatangani perjanjian dinas."
  },
  {
    "Context": "Pasal 23 dan 24: Pasal 23 ayat (1): Prajurit Sukarela menjalani dinas keprajuritan dengan ikatan dinas. Pasal 23 ayat (2): Ketentuan sebagaimana dimaksud pada ayat (1), diatur lebih lanjut dengan Peraturan Pemerintah. Pasal 24 ayat (1): Prajurit Wajib menjalani dinas keprajuritan berdasarkan ikatan dinas. Pasal 24 ayat (2): Ketentuan sebagaimana dimaksud pada ayat (1), diatur lebih lanjut dalam undang-undang.",
    "Question": "Apa yang terjadi jika Prajurit Sukarela ingin mengakhiri ikatan dinas lebih awal?",
    "Answer": "Harus mengikuti ketentuan dalam PP terkait pembatalan atau pengakhiran dini ikatan dinas."
  },
  {
    "Context": "Pasal 23 dan 24: Pasal 23 ayat (1): Prajurit Sukarela menjalani dinas keprajuritan dengan ikatan dinas. Pasal 23 ayat (2): Ketentuan sebagaimana dimaksud pada ayat (1), diatur lebih lanjut dengan Peraturan Pemerintah. Pasal 24 ayat (1): Prajurit Wajib menjalani dinas keprajuritan berdasarkan ikatan dinas. Pasal 24 ayat (2): Ketentuan sebagaimana dimaksud pada ayat (1), diatur lebih lanjut dalam undang-undang.",
    "Question": "Bagaimana pelaksanaan ikatan dinas bagi Prajurit Wajib?",
    "Answer": "Dilaksanakan sesuai jadwal wajib militer yang diatur dalam undang-undang."
  },
  {
    "Context": "Pasal 23 dan 24: Pasal 23 ayat (1): Prajurit Sukarela menjalani dinas keprajuritan dengan ikatan dinas. Pasal 23 ayat (2): Ketentuan sebagaimana dimaksud pada ayat (1), diatur lebih lanjut dengan Peraturan Pemerintah. Pasal 24 ayat (1): Prajurit Wajib menjalani dinas keprajuritan berdasarkan ikatan dinas. Pasal 24 ayat (2): Ketentuan sebagaimana dimaksud pada ayat (1), diatur lebih lanjut dalam undang-undang.",
    "Question": "Apa konsekuensi jika Prajurit Wajib tidak memenuhi ikatan dinas?",
    "Answer": "Dapat dikenai sanksi administratif atau hukum berdasarkan ketentuan UU."
  },
  {
    "Context": "Pasal 23 dan 24: Pasal 23 ayat (1): Prajurit Sukarela menjalani dinas keprajuritan dengan ikatan dinas. Pasal 23 ayat (2): Ketentuan sebagaimana dimaksud pada ayat (1), diatur lebih lanjut dengan Peraturan Pemerintah. Pasal 24 ayat (1): Prajurit Wajib menjalani dinas keprajuritan berdasarkan ikatan dinas. Pasal 24 ayat (2): Ketentuan sebagaimana dimaksud pada ayat (1), diatur lebih lanjut dalam undang-undang.",
    "Question": "Bagaimana hak Prajurit Sukarela dibandingkan Prajurit Wajib?",
    "Answer": "Keduanya memiliki hak yang sama terkait fasilitas dan kesejahteraan selama dinas."
  },
  {
    "Context": "Pasal 23 dan 24: Pasal 23 ayat (1): Prajurit Sukarela menjalani dinas keprajuritan dengan ikatan dinas. Pasal 23 ayat (2): Ketentuan sebagaimana dimaksud pada ayat (1), diatur lebih lanjut dengan Peraturan Pemerintah. Pasal 24 ayat (1): Prajurit Wajib menjalani dinas keprajuritan berdasarkan ikatan dinas. Pasal 24 ayat (2): Ketentuan sebagaimana dimaksud pada ayat (1), diatur lebih lanjut dalam undang-undang.",
    "Question": "Mengapa diperlukan pengaturan terpisah antara Prajurit Sukarela dan Wajib?",
    "Answer": "Untuk menyesuaikan dasar hukum dan prosedur rekrutmen sesuai karakteristik masing-masing."
  },
  {
    "Context": "Pasal 23 dan 24: Pasal 23 ayat (1): Prajurit Sukarela menjalani dinas keprajuritan dengan ikatan dinas. Pasal 23 ayat (2): Ketentuan sebagaimana dimaksud pada ayat (1), diatur lebih lanjut dengan Peraturan Pemerintah. Pasal 24 ayat (1): Prajurit Wajib menjalani dinas keprajuritan berdasarkan ikatan dinas. Pasal 24 ayat (2): Ketentuan sebagaimana dimaksud pada ayat (1), diatur lebih lanjut dalam undang-undang.",
    "Question": "Bagaimana Peraturan Pemerintah dapat mengubah ketentuan PP untuk Prajurit Sukarela?",
    "Answer": "PP dapat direvisi melalui proses legislatif eksekutif sesuai UU No.12/2011 tentang Pembentukan Peraturan Perundang-undangan."
  },
  {
    "Context": "Pasal 23 dan 24: Pasal 23 ayat (1): Prajurit Sukarela menjalani dinas keprajuritan dengan ikatan dinas. Pasal 23 ayat (2): Ketentuan sebagaimana dimaksud pada ayat (1), diatur lebih lanjut dengan Peraturan Pemerintah. Pasal 24 ayat (1): Prajurit Wajib menjalani dinas keprajuritan berdasarkan ikatan dinas. Pasal 24 ayat (2): Ketentuan sebagaimana dimaksud pada ayat (1), diatur lebih lanjut dalam undang-undang.",
    "Question": "Bagaimana peran DPR dalam pengaturan Prajurit Wajib?",
    "Answer": "DPR membahas dan mengesahkan undang-undang yang mengatur wajib militer."
  },
  {
    "Context": "Pasal 23 dan 24: Pasal 23 ayat (1): Prajurit Sukarela menjalani dinas keprajuritan dengan ikatan dinas. Pasal 23 ayat (2): Ketentuan sebagaimana dimaksud pada ayat (1), diatur lebih lanjut dengan Peraturan Pemerintah. Pasal 24 ayat (1): Prajurit Wajib menjalani dinas keprajuritan berdasarkan ikatan dinas. Pasal 24 ayat (2): Ketentuan sebagaimana dimaksud pada ayat (1), diatur lebih lanjut dalam undang-undang.",
    "Question": "Apa manfaat ikatan dinas bagi kesiapan TNI?",
    "Answer": "Menjamin keberlanjutan pasukan dengan periode pengabdian yang jelas."
  },
  {
    "Context": "Pasal 23 dan 24: Pasal 23 ayat (1): Prajurit Sukarela menjalani dinas keprajuritan dengan ikatan dinas. Pasal 23 ayat (2): Ketentuan sebagaimana dimaksud pada ayat (1), diatur lebih lanjut dengan Peraturan Pemerintah. Pasal 24 ayat (1): Prajurit Wajib menjalani dinas keprajuritan berdasarkan ikatan dinas. Pasal 24 ayat (2): Ketentuan sebagaimana dimaksud pada ayat (1), diatur lebih lanjut dalam undang-undang.",
    "Question": "Bagaimana Pasal 23 dan 24 mencerminkan prinsip keadilan?",
    "Answer": "Mengatur dua jalur pengabdian dengan dasar hukum yang sesuai, sehingga setiap warga negara memiliki pilihan atau kewajiban yang jelas."
  },
  {
    "Context": "Pasal 23 dan 24: Pasal 23 ayat (1): Prajurit Sukarela menjalani dinas keprajuritan dengan ikatan dinas. Pasal 23 ayat (2): Ketentuan sebagaimana dimaksud pada ayat (1), diatur lebih lanjut dengan Peraturan Pemerintah. Pasal 24 ayat (1): Prajurit Wajib menjalani dinas keprajuritan berdasarkan ikatan dinas. Pasal 24 ayat (2): Ketentuan sebagaimana dimaksud pada ayat (1), diatur lebih lanjut dalam undang-undang.",
    "Question": "Bagaimana proses seleksi Prajurit Sukarela?",
    "Answer": "Seleksi meliputi verifikasi administrasi, tes fisik, dan psikologi sesuai PP."
  },
  {
    "Context": "Pasal 23 dan 24: Pasal 23 ayat (1): Prajurit Sukarela menjalani dinas keprajuritan dengan ikatan dinas. Pasal 23 ayat (2): Ketentuan sebagaimana dimaksud pada ayat (1), diatur lebih lanjut dengan Peraturan Pemerintah. Pasal 24 ayat (1): Prajurit Wajib menjalani dinas keprajuritan berdasarkan ikatan dinas. Pasal 24 ayat (2): Ketentuan sebagaimana dimaksud pada ayat (1), diatur lebih lanjut dalam undang-undang.",
    "Question": "Apa syarat umum calon Prajurit Wajib?",
    "Answer": "Warga negara yang memenuhi usia, pendidikan, dan kriteria kesehatan menurut UU."
  },
  {
    "Context": "Pasal 23 dan 24: Pasal 23 ayat (1): Prajurit Sukarela menjalani dinas keprajuritan dengan ikatan dinas. Pasal 23 ayat (2): Ketentuan sebagaimana dimaksud pada ayat (1), diatur lebih lanjut dengan Peraturan Pemerintah. Pasal 24 ayat (1): Prajurit Wajib menjalani dinas keprajuritan berdasarkan ikatan dinas. Pasal 24 ayat (2): Ketentuan sebagaimana dimaksud pada ayat (1), diatur lebih lanjut dalam undang-undang.",
    "Question": "Bagaimana pembiayaan dinas bagi Prajurit Sukarela?",
    "Answer": "Dibiayai oleh negara melalui anggaran pertahanan sesuai PP."
  },
  {
    "Context": "Pasal 23 dan 24: Pasal 23 ayat (1): Prajurit Sukarela menjalani dinas keprajuritan dengan ikatan dinas. Pasal 23 ayat (2): Ketentuan sebagaimana dimaksud pada ayat (1), diatur lebih lanjut dengan Peraturan Pemerintah. Pasal 24 ayat (1): Prajurit Wajib menjalani dinas keprajuritan berdasarkan ikatan dinas. Pasal 24 ayat (2): Ketentuan sebagaimana dimaksud pada ayat (1), diatur lebih lanjut dalam undang-undang.",
    "Question": "Bagaimana pembiayaan dinas bagi Prajurit Wajib?",
    "Answer": "Termasuk dalam anggaran wajib militer yang diatur UU."
  },
  {
    "Context": "Pasal 23 dan 24: Pasal 23 ayat (1): Prajurit Sukarela menjalani dinas keprajuritan dengan ikatan dinas. Pasal 23 ayat (2): Ketentuan sebagaimana dimaksud pada ayat (1), diatur lebih lanjut dengan Peraturan Pemerintah. Pasal 24 ayat (1): Prajurit Wajib menjalani dinas keprajuritan berdasarkan ikatan dinas. Pasal 24 ayat (2): Ketentuan sebagaimana dimaksud pada ayat (1), diatur lebih lanjut dalam undang-undang.",
    "Question": "Apa peran Kementerian Pertahanan dalam PP Prajurit Sukarela?",
    "Answer": "Menyusun draf PP dan mengawasi pelaksanaannya."
  },
  {
    "Context": "Pasal 23 dan 24: Pasal 23 ayat (1): Prajurit Sukarela menjalani dinas keprajuritan dengan ikatan dinas. Pasal 23 ayat (2): Ketentuan sebagaimana dimaksud pada ayat (1), diatur lebih lanjut dengan Peraturan Pemerintah. Pasal 24 ayat (1): Prajurit Wajib menjalani dinas keprajuritan berdasarkan ikatan dinas. Pasal 24 ayat (2): Ketentuan sebagaimana dimaksud pada ayat (1), diatur lebih lanjut dalam undang-undang.",
    "Question": "Apa peran Presiden dalam mengesahkan PP Prajurit Sukarela?",
    "Answer": "Mengesahkan PP setelah mendapat persetujuan DPR."
  },
  {
    "Context": "Pasal 23 dan 24: Pasal 23 ayat (1): Prajurit Sukarela menjalani dinas keprajuritan dengan ikatan dinas. Pasal 23 ayat (2): Ketentuan sebagaimana dimaksud pada ayat (1), diatur lebih lanjut dengan Peraturan Pemerintah. Pasal 24 ayat (1): Prajurit Wajib menjalani dinas keprajuritan berdasarkan ikatan dinas. Pasal 24 ayat (2): Ketentuan sebagaimana dimaksud pada ayat (1), diatur lebih lanjut dalam undang-undang.",
    "Question": "Apa peran Presiden dalam promulgasikan undang-undang tentang Prajurit Wajib?",
    "Answer": "Menandatangani UU yang telah disetujui DPR."
  },
  {
    "Context": "Pasal 23 dan 24: Pasal 23 ayat (1): Prajurit Sukarela menjalani dinas keprajuritan dengan ikatan dinas. Pasal 23 ayat (2): Ketentuan sebagaimana dimaksud pada ayat (1), diatur lebih lanjut dengan Peraturan Pemerintah. Pasal 24 ayat (1): Prajurit Wajib menjalani dinas keprajuritan berdasarkan ikatan dinas. Pasal 24 ayat (2): Ketentuan sebagaimana dimaksud pada ayat (1), diatur lebih lanjut dalam undang-undang.",
    "Question": "Bagaimana transparansi rekrutmen Prajurit Sukarela?",
    "Answer": "Informasi rekrutmen dipublikasikan melalui situs resmi TNI."
  },
  {
    "Context": "Pasal 23 dan 24: Pasal 23 ayat (1): Prajurit Sukarela menjalani dinas keprajuritan dengan ikatan dinas. Pasal 23 ayat (2): Ketentuan sebagaimana dimaksud pada ayat (1), diatur lebih lanjut dengan Peraturan Pemerintah. Pasal 24 ayat (1): Prajurit Wajib menjalani dinas keprajuritan berdasarkan ikatan dinas. Pasal 24 ayat (2): Ketentuan sebagaimana dimaksud pada ayat (1), diatur lebih lanjut dalam undang-undang.",
    "Question": "Bagaimana koordinasi antara TNI dan sekolah dalam rekrutmen Prajurit Wajib?",
    "Answer": "Melalui program sosialisasi wajib militer di sekolah menengah."
  },
  {
    "Context": "Pasal 23 dan 24: Pasal 23 ayat (1): Prajurit Sukarela menjalani dinas keprajuritan dengan ikatan dinas. Pasal 23 ayat (2): Ketentuan sebagaimana dimaksud pada ayat (1), diatur lebih lanjut dengan Peraturan Pemerintah. Pasal 24 ayat (1): Prajurit Wajib menjalani dinas keprajuritan berdasarkan ikatan dinas. Pasal 24 ayat (2): Ketentuan sebagaimana dimaksud pada ayat (1), diatur lebih lanjut dalam undang-undang.",
    "Question": "Bagaimana evaluasi PP Prajurit Sukarela?",
    "Answer": "Dilakukan review berkala oleh pemerintah dan DPR."
  }
]