[
  {
    "Context": "Prajurit adalah warga negara Indonesia yang memenuhi persyaratan yang ditentukan dalam peraturan perundang-undangan dan diangkat oleh pejabat yang berwenang untuk mengabdikan diri dalam dinas keprajuritan.",
    "Question": "Apa definisi Prajurit menurut Pasal 21?",
    "Answer": "Prajurit adalah warga negara Indonesia yang memenuhi persyaratan sesuai peraturan perundang-undangan dan diangkat oleh pejabat berwenang untuk mengabdikan diri dalam dinas keprajuritan."
  },
  {
    "Context": "Prajurit adalah warga negara Indonesia yang memenuhi persyaratan yang ditentukan dalam peraturan perundang-undangan dan diangkat oleh pejabat yang berwenang untuk mengabdikan diri dalam dinas keprajuritan.",
    "Question": "Siapa yang dapat menjadi Prajurit?",
    "Answer": "Warga negara Indonesia yang memenuhi persyaratan yang ditentukan peraturan perundang-undangan."
  },
  {
    "Context": "Prajurit adalah warga negara Indonesia yang memenuhi persyaratan yang ditentukan dalam peraturan perundang-undangan dan diangkat oleh pejabat yang berwenang untuk mengabdikan diri dalam dinas keprajuritan.",
    "Question": "Persyaratan apa yang harus dipenuhi untuk menjadi Prajurit?",
    "Answer": "Persyaratan yang ditentukan dalam peraturan perundang-undangan terkait Prajurit."
  },
  {
    "Context": "Prajurit adalah warga negara Indonesia yang memenuhi persyaratan yang ditentukan dalam peraturan perundang-undangan dan diangkat oleh pejabat yang berwenang untuk mengabdikan diri dalam dinas keprajuritan.",
    "Question": "Siapa yang mengangkat Prajurit?",
    "Answer": "Pejabat yang berwenang sesuai ketentuan perundang-undangan."
  },
  {
    "Context": "Prajurit adalah warga negara Indonesia yang memenuhi persyaratan yang ditentukan dalam peraturan perundang-undangan dan diangkat oleh pejabat yang berwenang untuk mengabdikan diri dalam dinas keprajuritan.",
    "Question": "Apa tujuan diangkatnya Prajurit?",
    "Answer": "Untuk mengabdikan diri dalam dinas keprajuritan."
  },
  {
    "Context": "Prajurit adalah warga negara Indonesia yang memenuhi persyaratan yang ditentukan dalam peraturan perundang-undangan dan diangkat oleh pejabat yang berwenang untuk mengabdikan diri dalam dinas keprajuritan.",
    "Question": "Apa makna 'dinas keprajuritan' dalam konteks Pasal 21?",
    "Answer": "Pengabdian seorang warga negara sebagai Prajurit."
  },
  {
    "Context": "Prajurit adalah warga negara Indonesia yang memenuhi persyaratan yang ditentukan dalam peraturan perundang-undangan dan diangkat oleh pejabat yang berwenang untuk mengabdikan diri dalam dinas keprajuritan.",
    "Question": "Mengapa hanya warga negara Indonesia yang dapat menjadi Prajurit?",
    "Answer": "Karena Pasal 21 menetapkan Prajurit harus warga negara Indonesia."
  },
  {
    "Context": "Prajurit adalah warga negara Indonesia yang memenuhi persyaratan yang ditentukan dalam peraturan perundang-undangan dan diangkat oleh pejabat yang berwenang untuk mengabdikan diri dalam dinas keprajuritan.",
    "Question": "Bagaimana peraturan perundang-undangan berperan dalam persyaratan Prajurit?",
    "Answer": "Peraturan perundang-undangan menetapkan kriteria dan prosedur menjadi Prajurit."
  },
  {
    "Context": "Prajurit adalah warga negara Indonesia yang memenuhi persyaratan yang ditentukan dalam peraturan perundang-undangan dan diangkat oleh pejabat yang berwenang untuk mengabdikan diri dalam dinas keprajuritan.",
    "Question": "Apa akibat jika seseorang tidak memenuhi persyaratan perundang-undangan?",
    "Answer": "Tidak dapat diangkat menjadi Prajurit."
  },
  {
    "Context": "Prajurit adalah warga negara Indonesia yang memenuhi persyaratan yang ditentukan dalam peraturan perundang-undangan dan diangkat oleh pejabat yang berwenang untuk mengabdikan diri dalam dinas keprajuritan.",
    "Question": "Bagaimana proses pengangkatan Prajurit berlangsung?",
    "Answer": "Dilakukan oleh pejabat berwenang setelah calon memenuhi persyaratan perundang-undangan."
  },
  {
    "Context": "Prajurit adalah warga negara Indonesia yang memenuhi persyaratan yang ditentukan dalam peraturan perundang-undangan dan diangkat oleh pejabat yang berwenang untuk mengabdikan diri dalam dinas keprajuritan.",
    "Question": "Siapa pejabat yang berwenang mengangkat Prajurit?",
    "Answer": "Pejabat yang ditunjuk dalam peraturan perundang-undangan."
  },
  {
    "Context": "Prajurit adalah warga negara Indonesia yang memenuhi persyaratan yang ditentukan dalam peraturan perundang-undangan dan diangkat oleh pejabat yang berwenang untuk mengabdikan diri dalam dinas keprajuritan.",
    "Question": "Apa hubungan antara persyaratan dan pengangkatan Prajurit?",
    "Answer": "Hanya calon yang memenuhi persyaratan yang dapat diangkat oleh pejabat berwenang."
  },
  {
    "Context": "Prajurit adalah warga negara Indonesia yang memenuhi persyaratan yang ditentukan dalam peraturan perundang-undangan dan diangkat oleh pejabat yang berwenang untuk mengabdikan diri dalam dinas keprajuritan.",
    "Question": "Mengapa persyaratan formal diperlukan dalam rekrutmen Prajurit?",
    "Answer": "Untuk memastikan calon Prajurit memenuhi standar kompetensi dan legalitas."
  },
  {
    "Context": "Prajurit adalah warga negara Indonesia yang memenuhi persyaratan yang ditentukan dalam peraturan perundang-undangan dan diangkat oleh pejabat yang berwenang untuk mengabdikan diri dalam dinas keprajuritan.",
    "Question": "Bagaimana Pasal 21 menjamin profesionalisme Prajurit?",
    "Answer": "Dengan mensyaratkan pemenuhan ketentuan perundang-undangan sebelum pengangkatan."
  },
  {
    "Context": "Prajurit adalah warga negara Indonesia yang memenuhi persyaratan yang ditentukan dalam peraturan perundang-undangan dan diangkat oleh pejabat yang berwenang untuk mengabdikan diri dalam dinas keprajuritan.",
    "Question": "Apa arti 'prajurit' dalam undang-undang ini?",
    "Answer": "Anggota TNI yang diangkat sebagai prajurit setelah memenuhi persyaratan."
  },
  {
    "Context": "Prajurit adalah warga negara Indonesia yang memenuhi persyaratan yang ditentukan dalam peraturan perundang-undangan dan diangkat oleh pejabat yang berwenang untuk mengabdikan diri dalam dinas keprajuritan.",
    "Question": "Bagaimana status seseorang sebelum diangkat menjadi Prajurit?",
    "Answer": "Masih calon yang harus melengkapi persyaratan sesuai peraturan."
  },
  {
    "Context": "Prajurit adalah warga negara Indonesia yang memenuhi persyaratan yang ditentukan dalam peraturan perundang-undangan dan diangkat oleh pejabat yang berwenang untuk mengabdikan diri dalam dinas keprajuritan.",
    "Question": "Bagaimana status seseorang setelah diangkat menjadi Prajurit?",
    "Answer": "Resmi menjadi Prajurit dan menjalani dinas keprajuritan."
  },
  {
    "Context": "Prajurit adalah warga negara Indonesia yang memenuhi persyaratan yang ditentukan dalam peraturan perundang-undangan dan diangkat oleh pejabat yang berwenang untuk mengabdikan diri dalam dinas keprajuritan.",
    "Question": "Mengapa penting dinas keprajuritan diatur dalam pasal ini?",
    "Answer": "Agar pengabdian Prajurit memiliki dasar hukum dan tugas jelas."
  },
  {
    "Context": "Prajurit adalah warga negara Indonesia yang memenuhi persyaratan yang ditentukan dalam peraturan perundang-undangan dan diangkat oleh pejabat yang berwenang untuk mengabdikan diri dalam dinas keprajuritan.",
    "Question": "Apa manfaat kejelasan persyaratan bagi calon Prajurit?",
    "Answer": "Memudahkan calon memahami syarat dan mempersiapkan diri."
  },
  {
    "Context": "Prajurit adalah warga negara Indonesia yang memenuhi persyaratan yang ditentukan dalam peraturan perundang-undangan dan diangkat oleh pejabat yang berwenang untuk mengabdikan diri dalam dinas keprajuritan.",
    "Question": "Bagaimana kejelasan pejabat pengangkat membantu calon Prajurit?",
    "Answer": "Memastikan proses pengangkatan resmi dan sah secara hukum."
  },
  {
    "Context": "Prajurit adalah warga negara Indonesia yang memenuhi persyaratan yang ditentukan dalam peraturan perundang-undangan dan diangkat oleh pejabat yang berwenang untuk mengabdikan diri dalam dinas keprajuritan.",
    "Question": "Apa peran masyarakat dalam mendukung persyaratan Prajurit?",
    "Answer": "Masyarakat dapat memberikan informasi dan dukungan bagi calon yang memenuhi syarat."
  },
  {
    "Context": "Prajurit adalah warga negara Indonesia yang memenuhi persyaratan yang ditentukan dalam peraturan perundang-undangan dan diangkat oleh pejabat yang berwenang untuk mengabdikan diri dalam dinas keprajuritan.",
    "Question": "Bagaimana Calon Prajurit memastikan kelengkapan persyaratan?",
    "Answer": "Dengan merujuk pada peraturan perundang-undangan terkini tentang persyaratan prajurit."
  },
  {
    "Context": "Prajurit adalah warga negara Indonesia yang memenuhi persyaratan yang ditentukan dalam peraturan perundang-undangan dan diangkat oleh pejabat yang berwenang untuk mengabdikan diri dalam dinas keprajuritan.",
    "Question": "Apa dampak tidak ada peraturan persyaratan Prajurit?",
    "Answer": "Rekrutmen dapat menjadi tidak transparan dan tidak akuntabel."
  },
  {
    "Context": "Prajurit adalah warga negara Indonesia yang memenuhi persyaratan yang ditentukan dalam peraturan perundang-undangan dan diangkat oleh pejabat yang berwenang untuk mengabdikan diri dalam dinas keprajuritan.",
    "Question": "Bagaimana peran instansi terkait dalam menetapkan persyaratan?",
    "Answer": "Instansi pertahanan membuat peraturan perundang-undangan tentang persyaratan Prajurit."
  },
  {
    "Context": "Prajurit adalah warga negara Indonesia yang memenuhi persyaratan yang ditentukan dalam peraturan perundang-undangan dan diangkat oleh pejabat yang berwenang untuk mengabdikan diri dalam dinas keprajuritan.",
    "Question": "Mengapa pengangkatan oleh pejabat diperlukan?",
    "Answer": "Untuk menegaskan legalitas dan otoritas pengangkatan Prajurit."
  },
  {
    "Context": "Prajurit adalah warga negara Indonesia yang memenuhi persyaratan yang ditentukan dalam peraturan perundang-undangan dan diangkat oleh pejabat yang berwenang untuk mengabdikan diri dalam dinas keprajuritan.",
    "Question": "Bagaimana proses tindak lanjut setelah pengangkatan Prajurit?",
    "Answer": "Prajurit memulai dinas keprajuritan sesuai ketentuan militer."
  },
  {
    "Context": "Prajurit adalah warga negara Indonesia yang memenuhi persyaratan yang ditentukan dalam peraturan perundang-undangan dan diangkat oleh pejabat yang berwenang untuk mengabdikan diri dalam dinas keprajuritan.",
    "Question": "Apa perbedaan Prajurit dan calon Prajurit?",
    "Answer": "Prajurit telah resmi diangkat, sedangkan calon belum memenuhi persyaratan."
  },
  {
    "Context": "Prajurit adalah warga negara Indonesia yang memenuhi persyaratan yang ditentukan dalam peraturan perundang-undangan dan diangkat oleh pejabat yang berwenang untuk mengabdikan diri dalam dinas keprajuritan.",
    "Question": "Bagaimana Pasal 21 mengatur hal-hal lain terkait Prajurit?",
    "Answer": "Pasal ini hanya mendefinisikan Prajurit, detail lain diatur pasal selanjutnya."
  },
  {
    "Context": "Prajurit adalah warga negara Indonesia yang memenuhi persyaratan yang ditentukan dalam peraturan perundang-undangan dan diangkat oleh pejabat yang berwenang untuk mengabdikan diri dalam dinas keprajuritan.",
    "Question": "Apa yang harus dilakukan calon Prajurit jika ada perubahan peraturan?",
    "Answer": "Mengikuti dan memenuhi persyaratan terbaru sesuai perundang-undangan."
  },
  {
    "Context": "Prajurit adalah warga negara Indonesia yang memenuhi persyaratan yang ditentukan dalam peraturan perundang-undangan dan diangkat oleh pejabat yang berwenang untuk mengabdikan diri dalam dinas keprajuritan.",
    "Question": "Bagaimana peraturan mencegah perekrutan tidak sesuai standar?",
    "Answer": "Dengan menetapkan persyaratan hukum yang wajib dipenuhi."
  },
  {
    "Context": "Prajurit adalah warga negara Indonesia yang memenuhi persyaratan yang ditentukan dalam peraturan perundang-undangan dan diangkat oleh pejabat yang berwenang untuk mengabdikan diri dalam dinas keprajuritan.",
    "Question": "Apa kaitan Pasal 21 dengan Pasal 1 tentang definisi Prajurit?",
    "Answer": "Pasal 1 mendefinisikan Prajurit, Pasal 21 menetapkan persyaratan pengangkatan."
  },
  {
    "Context": "Prajurit adalah warga negara Indonesia yang memenuhi persyaratan yang ditentukan dalam peraturan perundang-undangan dan diangkat oleh pejabat yang berwenang untuk mengabdikan diri dalam dinas keprajuritan.",
    "Question": "Bagaimana pelatihan calon Prajurit dihubungkan dengan peraturan?",
    "Answer": "Pelatihan disusun berdasarkan kriteria yang diatur perundang-undangan."
  },
  {
    "Context": "Prajurit adalah warga negara Indonesia yang memenuhi persyaratan yang ditentukan dalam peraturan perundang-undangan dan diangkat oleh pejabat yang berwenang untuk mengabdikan diri dalam dinas keprajuritan.",
    "Question": "Mengapa legalitas pengangkatan penting dalam kondisi darurat?",
    "Answer": "Untuk memastikan akuntabilitas dan legitimasi meski kondisi mendesak."
  },
  {
    "Context": "Prajurit adalah warga negara Indonesia yang memenuhi persyaratan yang ditentukan dalam peraturan perundang-undangan dan diangkat oleh pejabat yang berwenang untuk mengabdikan diri dalam dinas keprajuritan.",
    "Question": "Bagaimana calon Prajurit mendapatkan informasi persyaratan?",
    "Answer": "Melalui poster rekrutmen, situs resmi, dan kantor pertahanan."
  }
]