[
  {
    "Context": "Negara adalah Negara Kesatuan Republik Indonesia yang berdasarkan Pancasila dan Undang-Undang Dasar Negara Republik Indonesia Tahun 1945.",
    "Question": "Apa yang dimaksud dengan istilah pada butir 1 Pasal 1?",
    "Answer": "Pada butir 1 Pasal 1, Negara adalah Negara Kesatuan Republik Indonesia yang berdasarkan Pancasila dan Undang-Undang Dasar Negara Republik Indonesia Tahun 1945."
  },
  {
    "Context": "Warga Negara adalah warga negara Republik Indonesia.",
    "Question": "Apa yang dimaksud dengan istilah pada butir 2 Pasal 1?",
    "Answer": "Pada butir 2 Pasal 1, Warga Negara adalah warga negara Republik Indonesia."
  },
  {
    "Context": "Pemerintah adalah pemerintah Republik Indonesia.",
    "Question": "Apa yang dimaksud dengan istilah pada butir 3 Pasal 1?",
    "Answer": "Pada butir 3 Pasal 1, Pemerintah adalah pemerintah Republik Indonesia."
  },
  {
    "Context": "Wilayah adalah seluruh wilayah Negara Kesatuan Republik Indonesia berdasarkan peraturan perundang-undangan.",
    "Question": "Apa yang dimaksud dengan istilah pada butir 4 Pasal 1?",
    "Answer": "Pada butir 4 Pasal 1, Wilayah adalah seluruh wilayah Negara Kesatuan Republik Indonesia menurut peraturan perundang‑undangan."
  },
  {
    "Context": "Pertahanan Negara adalah segala usaha untuk menegakkan kedaulatan negara, mempertahankan keutuhan wilayah Negara Kesatuan Republik Indonesia, dan melindungi keselamatan segenap bangsa dari ancaman dan gangguan terhadap keutuhan bangsa dan negara, disusun dengan memperhatikan kondisi geografis Indonesia sebagai negara kepulauan.",
    "Question": "Apa yang dimaksud dengan istilah pada butir 5 Pasal 1?",
    "Answer": "Pada butir 5 Pasal 1, Pertahanan Negara adalah segala usaha untuk menegakkan kedaulatan, mempertahankan keutuhan wilayah NKRI, dan melindungi keselamatan bangsa dengan memperhatikan kondisi geografis Indonesia sebagai negara kepulauan."
  },
  {
    "Context": "Sistem Pertahanan Negara adalah sistem pertahanan yang bersifat semesta yang melibatkan seluruh warga negara, wilayah, dan sumber daya nasional lainnya, serta dipersiapkan secara dini oleh pemerintah dan diselenggarakan secara total, terpadu, terarah, berkesinambungan, dan berkelanjutan untuk menegakkan kedaulatan negara, mempertahankan keutuhan wilayah Negara Kesatuan Republik Indonesia, dan melindungi keselamatan segenap bangsa dari setiap ancaman.",
    "Question": "Apa yang dimaksud dengan istilah pada butir 6 Pasal 1?",
    "Answer": "Pada butir 6 Pasal 1, Sistem Pertahanan Negara adalah sistem pertahanan semesta yang melibatkan seluruh warga negara, wilayah, dan sumber daya nasional, dipersiapkan sejak dini dan dilaksanakan secara terpadu untuk menjaga kedaulatan dan keselamatan bangsa."
  },
  {
    "Context": "TNI adalah Tentara Nasional Indonesia.",
    "Question": "Apa yang dimaksud dengan istilah pada butir 7 Pasal 1?",
    "Answer": "Pada butir 7 Pasal 1, TNI adalah Tentara Nasional Indonesia."
  },
  {
    "Context": "Departemen Pertahanan adalah pelaksana fungsi pemerintah di bidang pertahanan negara.",
    "Question": "Apa yang dimaksud dengan istilah pada butir 8 Pasal 1?",
    "Answer": "Pada butir 8 Pasal 1, Departemen Pertahanan adalah pelaksana fungsi pemerintah di bidang pertahanan negara."
  },
  {
    "Context": "Menteri Pertahanan adalah menteri yang bertanggungjawab di bidang pertahanan negara.",
    "Question": "Apa yang dimaksud dengan istilah pada butir 9 Pasal 1?",
    "Answer": "Pada butir 9 Pasal 1, Menteri Pertahanan adalah menteri yang bertanggung jawab di bidang pertahanan negara."
  },
  {
    "Context": "Panglima TNI yang selanjutnya disebut Panglima adalah perwira tinggi militer yang memimpin TNI.",
    "Question": "Apa yang dimaksud dengan istilah pada butir 10 Pasal 1?",
    "Answer": "Pada butir 10 Pasal 1, Panglima TNI adalah perwira tinggi militer yang memimpin TNI."
  },
  {
    "Context": "Angkatan adalah Angkatan Darat, Angkatan Laut, dan Angkatan Udara.",
    "Question": "Apa yang dimaksud dengan istilah pada butir 11 Pasal 1?",
    "Answer": "Pada butir 11 Pasal 1, Angkatan adalah Angkatan Darat, Angkatan Laut, dan Angkatan Udara."
  },
  {
    "Context": "Kepala Staf Angkatan adalah Kepala Staf Angkatan Darat, Kepala Staf Angkatan Laut, dan Kepala Staf Angkatan Udara.",
    "Question": "Apa yang dimaksud dengan istilah pada butir 12 Pasal 1?",
    "Answer": "Pada butir 12 Pasal 1, Kepala Staf Angkatan adalah Kepala Staf Angkatan Darat, Kepala Staf Angkatan Laut, dan Kepala Staf Angkatan Udara."
  },
  {
    "Context": "Prajurit adalah anggota TNI.",
    "Question": "Apa yang dimaksud dengan istilah pada butir 13 Pasal 1?",
    "Answer": "Pada butir 13 Pasal 1, Prajurit adalah anggota TNI."
  },
  {
    "Context": "Dinas Keprajuritan adalah pengabdian seorang warga negara sebagai prajurit TNI.",
    "Question": "Apa yang dimaksud dengan istilah pada butir 14 Pasal 1?",
    "Answer": "Pada butir 14 Pasal 1, Dinas Keprajuritan adalah pengabdian seorang warga negara sebagai prajurit TNI."
  },
  {
    "Context": "Prajurit Sukarela adalah warga negara yang atas kemauan sendiri mengabdikan diri dalam dinas keprajuritan.",
    "Question": "Apa yang dimaksud dengan istilah pada butir 15 Pasal 1?",
    "Answer": "Pada butir 15 Pasal 1, Prajurit Sukarela adalah warga negara yang secara sukarela mengabdikan diri dalam dinas keprajuritan."
  },
  {
    "Context": "Prajurit Wajib adalah warga negara yang mengabdikan diri dalam dinas keprajuritan karena diwajibkan berdasarkan peraturan perundang-undangan.",
    "Question": "Apa yang dimaksud dengan istilah pada butir 16 Pasal 1?",
    "Answer": "Pada butir 16 Pasal 1, Prajurit Wajib adalah warga negara yang mengabdikan diri dalam dinas keprajuritan karena diwajibkan oleh peraturan perundang‑undangan."
  },
  {
    "Context": "Prajurit Siswa adalah warga negara yang sedang menjalani pendidikan pertama untuk menjadi prajurit.",
    "Question": "Apa yang dimaksud dengan istilah pada butir 17 Pasal 1?",
    "Answer": "Pada butir 17 Pasal 1, Prajurit Siswa adalah warga negara yang sedang menempuh pendidikan pertama untuk menjadi prajurit."
  },
  {
    "Context": "Pendidikan Pertama adalah pendidikan untuk membentuk Prajurit Siswa menjadi anggota TNI yang ditempuh melalui pendidikan dasar keprajuritan.",
    "Question": "Apa yang dimaksud dengan istilah pada butir 18 Pasal 1?",
    "Answer": "Pada butir 18 Pasal 1, Pendidikan Pertama adalah pendidikan dasar keprajuritan untuk membentuk Prajurit Siswa menjadi anggota TNI."
  },
  {
    "Context": "Pendidikan Pembentukan adalah pendidikan untuk membentuk tamtama menjadi bintara atau bintara menjadi perwira yang ditempuh melalui pendidikan dasar golongan pangkat.",
    "Question": "Apa yang dimaksud dengan istilah pada butir 19 Pasal 1?",
    "Answer": "Pada butir 19 Pasal 1, Pendidikan Pembentukan adalah pendidikan dasar golongan pangkat untuk mengubah tamtama menjadi bintara atau bintara menjadi perwira."
  },
  {
    "Context": "Militer adalah kekuatan angkatan perang dari suatu negara yang diatur berdasarkan peraturan perundang-undangan.",
    "Question": "Apa yang dimaksud dengan istilah pada butir 20 Pasal 1?",
    "Answer": "Pada butir 20 Pasal 1, Militer adalah kekuatan angkatan perang suatu negara sesuai peraturan perundang‑undangan."
  },
  {
    "Context": "Tentara adalah warga negara yang dipersiapkan dan dipersenjatai untuk tugas-tugas pertahanan negara guna menghadapi ancaman militer maupun ancaman bersenjata.",
    "Question": "Apa yang dimaksud dengan istilah pada butir 21 Pasal 1?",
    "Answer": "Pada butir 21 Pasal 1, Tentara adalah warga negara yang dipersiapkan dan dipersenjatai untuk tugas pertahanan negara menghadapi ancaman militer atau bersenjata."
  },
  {
    "Context": "Ancaman adalah setiap upaya dan kegiatan, baik dari dalam negeri maupun luar negeri yang dinilai mengancam atau membahayakan kedaulatan negara, keutuhan wilayah negara, dan keselamatan segenap bangsa.",
    "Question": "Apa yang dimaksud dengan istilah pada butir 22 Pasal 1?",
    "Answer": "Pada butir 22 Pasal 1, Ancaman adalah setiap upaya yang membahayakan kedaulatan, keutuhan wilayah, dan keselamatan bangsa."
  },
  {
    "Context": "Ancaman Militer adalah ancaman yang dilakukan oleh militer suatu negara kepada negara lain.",
    "Question": "Apa yang dimaksud dengan istilah pada butir 23 Pasal 1?",
    "Answer": "Pada butir 23 Pasal 1, Ancaman Militer adalah ancaman dari militer suatu negara terhadap negara lain."
  },
  {
    "Context": "Ancaman Bersenjata adalah ancaman yang datangnya dari gerakan kekuatan bersenjata.",
    "Question": "Apa yang dimaksud dengan istilah pada butir 24 Pasal 1?",
    "Answer": "Pada butir 24 Pasal 1, Ancaman Bersenjata adalah ancaman yang berasal dari gerakan kekuatan bersenjata."
  },
  {
    "Context": "Gerakan Bersenjata adalah gerakan sekelompok warga negara suatu negara yang bertindak melawan pemerintahan yang sah dengan melakukan perlawanan bersenjata.",
    "Question": "Apa yang dimaksud dengan istilah pada butir 25 Pasal 1?",
    "Answer": "Pada butir 25 Pasal 1, Gerakan Bersenjata adalah gerakan sekelompok warga negara yang melawan pemerintahan sah dengan perlawanan bersenjata."
  },
  {
    "Context": "Ancaman Militer adalah ancaman yang dilakukan oleh militer suatu negara kepada negara lain. Ancaman Bersenjata adalah ancaman yang datangnya dari gerakan kekuatan bersenjata.",
    "Question": "Apa perbedaan utama antara Ancaman Militer dan Ancaman Bersenjata menurut Pasal 1?",
    "Answer": "Ancaman Militer berakar dari militer negara lain, sedangkan Ancaman Bersenjata berasal dari gerakan kekuatan bersenjata non‑negara."
  },
  {
    "Context": "Sistem Pertahanan Negara adalah sistem pertahanan yang bersifat semesta...",
    "Question": "Mengapa Sistem Pertahanan Negara disebut bersifat semesta?",
    "Answer": "Karena melibatkan seluruh warga negara, wilayah, dan sumber daya nasional secara terpadu untuk menegakkan kedaulatan dan melindungi bangsa."
  },
  {
    "Context": "Panglima TNI yang selanjutnya disebut Panglima adalah perwira tinggi militer yang memimpin TNI.",
    "Question": "Siapakah Panglima TNI dan apa tugas utamanya?",
    "Answer": "Panglima TNI adalah perwira tinggi yang memimpin TNI dan mengoordinasikan semua Angkatan."
  },
  {
    "Context": "Departemen Pertahanan adalah pelaksana fungsi pemerintah di bidang pertahanan negara. Menteri Pertahanan adalah menteri yang bertanggungjawab di bidang pertahanan negara.",
    "Question": "Bagaimana hubungan tugas Departemen Pertahanan dengan Menteri Pertahanan?",
    "Answer": "Departemen Pertahanan melaksanakan fungsi pertahanan, sementara Menteri Pertahanan memimpin dan bertanggung jawab atas kebijakan pertahanan di departemen tersebut."
  },
  {
    "Context": "Pertahanan Negara adalah segala usaha untuk menegakkan kedaulatan negara, mempertahankan keutuhan wilayah NKRI...",
    "Question": "Apa tujuan utama Pertahanan Negara menurut Pasal 1?",
    "Answer": "Tujuan Pertahanan Negara adalah menegakkan kedaulatan, mempertahankan keutuhan wilayah NKRI, dan melindungi keselamatan seluruh bangsa."
  }
]