[
  {
    "Context": "TNI berperan sebagai alat negara di bidang pertahanan yang dalam menjalankan tugasnya berdasarkan kebijakan dan keputusan politik negara.",
    "Question": "Apa inti peran TNI menurut Pasal 5?",
    "Answer": "Pasal 5 menegaskan bahwa peran TNI adalah sebagai alat negara di bidang pertahanan."
  },
  {
    "Context": "TNI berperan sebagai alat negara di bidang pertahanan yang dalam menjalankan tugasnya berdasarkan kebijakan dan keputusan politik negara.",
    "Question": "Apa yang dimaksud dengan 'alat negara di bidang pertahanan' dalam Pasal 5?",
    "Answer": "Istilah tersebut berarti TNI merupakan instrumen resmi negara untuk melindungi dan mempertahankan kedaulatan serta keamanan nasional."
  },
  {
    "Context": "TNI berperan sebagai alat negara di bidang pertahanan yang dalam menjalankan tugasnya berdasarkan kebijakan dan keputusan politik negara.",
    "Question": "Mengapa TNI harus menjalankan tugas berdasarkan kebijakan politik negara?",
    "Answer": "Agar tindakan TNI selaras dengan arah dan keputusan pemerintah yang dipilih secara demokratis, menjamin supremasi sipil."
  },
  {
    "Context": "TNI berperan sebagai alat negara di bidang pertahanan yang dalam menjalankan tugasnya berdasarkan kebijakan dan keputusan politik negara.",
    "Question": "Siapa yang menetapkan kebijakan politik negara terkait pertahanan?",
    "Answer": "Kebijakan politik negara ditetapkan oleh Presiden bersama DPR serta kementerian terkait."
  },
  {
    "Context": "TNI berperan sebagai alat negara di bidang pertahanan yang dalam menjalankan tugasnya berdasarkan kebijakan dan keputusan politik negara.",
    "Question": "Bagaimana Pasal 5 menegaskan hubungan TNI dengan pemerintah sipil?",
    "Answer": "Pasal 5 menunjukkan bahwa TNI tunduk pada kebijakan dan keputusan politik negara yang dirumuskan otoritas sipil."
  },
  {
    "Context": "TNI berperan sebagai alat negara di bidang pertahanan yang dalam menjalankan tugasnya berdasarkan kebijakan dan keputusan politik negara.",
    "Question": "Apa yang dimaksud dengan 'keputusan politik negara' dalam Pasal 5?",
    "Answer": "Keputusan politik negara adalah keputusan lembaga negara yang berwenang, seperti Presiden dan DPR, mengenai arah pertahanan."
  },
  {
    "Context": "TNI berperan sebagai alat negara di bidang pertahanan yang dalam menjalankan tugasnya berdasarkan kebijakan dan keputusan politik negara.",
    "Question": "Apakah Pasal 5 memberi kebebasan TNI menentukan kebijakan pertahanannya sendiri?",
    "Answer": "Tidak, Pasal 5 menegaskan bahwa TNI harus berlandaskan kebijakan dan keputusan politik negara, bukan kebijakan internal sendiri."
  },
  {
    "Context": "TNI berperan sebagai alat negara di bidang pertahanan yang dalam menjalankan tugasnya berdasarkan kebijakan dan keputusan politik negara.",
    "Question": "Bagaimana Pasal 5 mencerminkan prinsip supremasi sipil atas militer?",
    "Answer": "Dengan mewajibkan TNI mengikuti kebijakan politik negara, Pasal 5 memastikan kontrol sipil atas angkatan bersenjata."
  },
  {
    "Context": "TNI berperan sebagai alat negara di bidang pertahanan yang dalam menjalankan tugasnya berdasarkan kebijakan dan keputusan politik negara.",
    "Question": "Mengapa penting TNI mengikuti keputusan politik negara saat bertugas?",
    "Answer": "Hal ini menjaga legitimasi demokratis dan memastikan penggunaan kekuatan militer sesuai tujuan nasional."
  },
  {
    "Context": "TNI berperan sebagai alat negara di bidang pertahanan yang dalam menjalankan tugasnya berdasarkan kebijakan dan keputusan politik negara.",
    "Question": "Bagaimana peran TNI sebagai alat negara berbeda dengan lembaga pertahanan lainnya?",
    "Answer": "TNI memiliki mandat konstitusional menjalankan pertahanan militer, sedangkan lembaga lain mendukung melalui kebijakan, logistik, atau pengawasan."
  }
]