[
  {
    "Context": "(1) Dalam keadaan memaksa untuk menghadapi ancaman militer dan/atau ancaman bersenjata, Presiden dapat langsung mengerahkan kekuatan TNI.",
    "Question": "Apa maksud 'keadaan memaksa' pada ayat (1)?",
    "Answer": "Situasi darurat yang memerlukan tindakan cepat untuk menghadapi ancaman militer atau bersenjata tanpa menunggu persetujuan DPR terlebih dahulu."
  },
  {
    "Context": "(1) Dalam keadaan memaksa untuk menghadapi ancaman militer dan/atau ancaman bersenjata, Presiden dapat langsung mengerahkan kekuatan TNI.",
    "Question": "Siapa yang berwenang mengerahkan langsung kekuatan TNI menurut ayat (1)?",
    "Answer": "Presiden."
  },
  {
    "Context": "(2) Dalam hal pengerahan langsung kekuatan TNI sebagaimana dimaksud pada ayat (1), dalam waktu 2 X 24 jam terhitung sejak dikeluarkannya keputusan pengerahan kekuatan, Presiden harus melaporkan kepada Dewan Perwakilan Rakyat.",
    "Question": "Apa kewajiban Presiden setelah mengerahkan TNI secara langsung?",
    "Answer": "Melapor kepada DPR dalam waktu 2 x 24 jam setelah keputusan pengerahan dikeluarkan."
  },
  {
    "Context": "(2) Dalam hal pengerahan langsung kekuatan TNI sebagaimana dimaksud pada ayat (1), dalam waktu 2 X 24 jam terhitung sejak dikeluarkannya keputusan pengerahan kekuatan, Presiden harus melaporkan kepada Dewan Perwakilan Rakyat.",
    "Question": "Berapa batas waktu pelaporan ke DPR pada ayat (2)?",
    "Answer": "2 x 24 jam sejak keputusan pengerahan dikeluarkan."
  },
  {
    "Context": "(3) Dalam hal Dewan Perwakilan Rakyat tidak menyetujui pengerahan sebagaimana dimaksud pada ayat (1) dan ayat (2), Presiden harus menghentikan pengerahan kekuatan TNI tersebut.",
    "Question": "Apa yang terjadi jika DPR tidak menyetujui pengerahan sebagaimana dimaksud pada ayat (1) dan (2)?",
    "Answer": "Presiden harus menghentikan pengerahan kekuatan TNI tersebut."
  },
  {
    "Context": "Pasal 18",
    "Question": "Berapa ayat yang terdapat dalam Pasal 18?",
    "Answer": "Tiga ayat."
  },
  {
    "Context": "(1) Dalam keadaan memaksa untuk menghadapi ancaman militer dan/atau ancaman bersenjata, Presiden dapat langsung mengerahkan kekuatan TNI. (2) Dalam hal pengerahan langsung kekuatan TNI sebagaimana dimaksud pada ayat (1), dalam waktu 2 X 24 jam terhitung sejak dikeluarkannya keputusan pengerahan kekuatan, Presiden harus melaporkan kepada Dewan Perwakilan Rakyat. (3) Dalam hal Dewan Perwakilan Rakyat tidak menyetujui pengerahan sebagaimana dimaksud pada ayat (1) dan ayat (2), Presiden harus menghentikan pengerahan kekuatan TNI tersebut.",
    "Question": "Apa contoh kondisi 'ancaman bersenjata' dalam pasal ini?",
    "Answer": "Misalnya serangan bersenjata dari kelompok pemberontak atau tindakan teror bersenjata."
  },
  {
    "Context": "(1) Dalam keadaan memaksa untuk menghadapi ancaman militer dan/atau ancaman bersenjata, Presiden dapat langsung mengerahkan kekuatan TNI. (2) Dalam hal pengerahan langsung kekuatan TNI sebagaimana dimaksud pada ayat (1), dalam waktu 2 X 24 jam terhitung sejak dikeluarkannya keputusan pengerahan kekuatan, Presiden harus melaporkan kepada Dewan Perwakilan Rakyat. (3) Dalam hal Dewan Perwakilan Rakyat tidak menyetujui pengerahan sebagaimana dimaksud pada ayat (1) dan ayat (2), Presiden harus menghentikan pengerahan kekuatan TNI tersebut.",
    "Question": "Apa arti 'langsung mengerahkan' dalam konteks pasal ini?",
    "Answer": "Menugaskan pasukan segera tanpa prosedur persetujuan DPR terlebih dahulu."
  },
  {
    "Context": "(1) Dalam keadaan memaksa untuk menghadapi ancaman militer dan/atau ancaman bersenjata, Presiden dapat langsung mengerahkan kekuatan TNI. (2) Dalam hal pengerahan langsung kekuatan TNI sebagaimana dimaksud pada ayat (1), dalam waktu 2 X 24 jam terhitung sejak dikeluarkannya keputusan pengerahan kekuatan, Presiden harus melaporkan kepada Dewan Perwakilan Rakyat. (3) Dalam hal Dewan Perwakilan Rakyat tidak menyetujui pengerahan sebagaimana dimaksud pada ayat (1) dan ayat (2), Presiden harus menghentikan pengerahan kekuatan TNI tersebut.",
    "Question": "Bagaimana mekanisme pelaporan ke DPR dilakukan?",
    "Answer": "Presiden mengirim surat resmi berisi rencana dan alasan pengerahan kepada DPR."
  },
  {
    "Context": "(1) Dalam keadaan memaksa untuk menghadapi ancaman militer dan/atau ancaman bersenjata, Presiden dapat langsung mengerahkan kekuatan TNI. (2) Dalam hal pengerahan langsung kekuatan TNI sebagaimana dimaksud pada ayat (1), dalam waktu 2 X 24 jam terhitung sejak dikeluarkannya keputusan pengerahan kekuatan, Presiden harus melaporkan kepada Dewan Perwakilan Rakyat. (3) Dalam hal Dewan Perwakilan Rakyat tidak menyetujui pengerahan sebagaimana dimaksud pada ayat (1) dan ayat (2), Presiden harus menghentikan pengerahan kekuatan TNI tersebut.",
    "Question": "Apakah presiden dapat mendelegasikan pelaporan?",
    "Answer": "Pelaporan umumnya atas nama Presiden, namun pelaksana administrasi bisa dibantu Menhan."
  },
  {
    "Context": "(1) Dalam keadaan memaksa untuk menghadapi ancaman militer dan/atau ancaman bersenjata, Presiden dapat langsung mengerahkan kekuatan TNI. (2) Dalam hal pengerahan langsung kekuatan TNI sebagaimana dimaksud pada ayat (1), dalam waktu 2 X 24 jam terhitung sejak dikeluarkannya keputusan pengerahan kekuatan, Presiden harus melaporkan kepada Dewan Perwakilan Rakyat. (3) Dalam hal Dewan Perwakilan Rakyat tidak menyetujui pengerahan sebagaimana dimaksud pada ayat (1) dan ayat (2), Presiden harus menghentikan pengerahan kekuatan TNI tersebut.",
    "Question": "Apa konsekuensi tidak melapor sesuai batas waktu?",
    "Answer": "Dapat menimbulkan pertanggungjawaban politik dan hukum atas pelanggaran UU."
  },
  {
    "Context": "(1) Dalam keadaan memaksa untuk menghadapi ancaman militer dan/atau ancaman bersenjata, Presiden dapat langsung mengerahkan kekuatan TNI. (2) Dalam hal pengerahan langsung kekuatan TNI sebagaimana dimaksud pada ayat (1), dalam waktu 2 X 24 jam terhitung sejak dikeluarkannya keputusan pengerahan kekuatan, Presiden harus melaporkan kepada Dewan Perwakilan Rakyat. (3) Dalam hal Dewan Perwakilan Rakyat tidak menyetujui pengerahan sebagaimana dimaksud pada ayat (1) dan ayat (2), Presiden harus menghentikan pengerahan kekuatan TNI tersebut.",
    "Question": "Bagaimana prosedur jika DPR sedang reses saat pelaporan?",
    "Answer": "Presiden tetap melapor melalui panitia kerja atau sidang darurat DPR."
  },
  {
    "Context": "(1) Dalam keadaan memaksa untuk menghadapi ancaman militer dan/atau ancaman bersenjata, Presiden dapat langsung mengerahkan kekuatan TNI. (2) Dalam hal pengerahan langsung kekuatan TNI sebagaimana dimaksud pada ayat (1), dalam waktu 2 X 24 jam terhitung sejak dikeluarkannya keputusan pengerahan kekuatan, Presiden harus melaporkan kepada Dewan Perwakilan Rakyat. (3) Dalam hal Dewan Perwakilan Rakyat tidak menyetujui pengerahan sebagaimana dimaksud pada ayat (1) dan ayat (2), Presiden harus menghentikan pengerahan kekuatan TNI tersebut.",
    "Question": "Apakah pelaporan mencakup hasil operasi atau hanya perencanaan?",
    "Answer": "Mencakup rencana pengerahan dan hasil awal sesuai situasi lapangan."
  },
  {
    "Context": "(1) Dalam keadaan memaksa untuk menghadapi ancaman militer dan/atau ancaman bersenjata, Presiden dapat langsung mengerahkan kekuatan TNI. (2) Dalam hal pengerahan langsung kekuatan TNI sebagaimana dimaksud pada ayat (1), dalam waktu 2 X 24 jam terhitung sejak dikeluarkannya keputusan pengerahan kekuatan, Presiden harus melaporkan kepada Dewan Perwakilan Rakyat. (3) Dalam hal Dewan Perwakilan Rakyat tidak menyetujui pengerahan sebagaimana dimaksud pada ayat (1) dan ayat (2), Presiden harus menghentikan pengerahan kekuatan TNI tersebut.",
    "Question": "Bagaimana DPR menanggapi laporan Presiden?",
    "Answer": "DPR dapat mengadakan rapat dengar pendapat dan memutuskan menyetujui atau menolak."
  },
  {
    "Context": "(1) Dalam keadaan memaksa untuk menghadapi ancaman militer dan/atau ancaman bersenjata, Presiden dapat langsung mengerahkan kekuatan TNI. (2) Dalam hal pengerahan langsung kekuatan TNI sebagaimana dimaksud pada ayat (1), dalam waktu 2 X 24 jam terhitung sejak dikeluarkannya keputusan pengerahan kekuatan, Presiden harus melaporkan kepada Dewan Perwakilan Rakyat. (3) Dalam hal Dewan Perwakilan Rakyat tidak menyetujui pengerahan sebagaimana dimaksud pada ayat (1) dan ayat (2), Presiden harus menghentikan pengerahan kekuatan TNI tersebut.",
    "Question": "Apa peran Panglima TNI dalam pelaporan tersebut?",
    "Answer": "Panglima menyiapkan data operasional dan menjelaskan rincian pengerahan."
  },
  {
    "Context": "(1) Dalam keadaan memaksa untuk menghadapi ancaman militer dan/atau ancaman bersenjata, Presiden dapat langsung mengerahkan kekuatan TNI. (2) Dalam hal pengerahan langsung kekuatan TNI sebagaimana dimaksud pada ayat (1), dalam waktu 2 X 24 jam terhitung sejak dikeluarkannya keputusan pengerahan kekuatan, Presiden harus melaporkan kepada Dewan Perwakilan Rakyat. (3) Dalam hal Dewan Perwakilan Rakyat tidak menyetujui pengerahan sebagaimana dimaksud pada ayat (1) dan ayat (2), Presiden harus menghentikan pengerahan kekuatan TNI tersebut.",
    "Question": "Bagaimana pelaporan Pasal 18 berbeda dengan persetujuan Pasal 17?",
    "Answer": "Pasal 17 memerlukan persetujuan DPR sebelum pengerahan; Pasal 18 mengatur pelaporan setelah pengerahan darurat."
  },
  {
    "Context": "(1) Dalam keadaan memaksa untuk menghadapi ancaman militer dan/atau ancaman bersenjata, Presiden dapat langsung mengerahkan kekuatan TNI. (2) Dalam hal pengerahan langsung kekuatan TNI sebagaimana dimaksud pada ayat (1), dalam waktu 2 X 24 jam terhitung sejak dikeluarkannya keputusan pengerahan kekuatan, Presiden harus melaporkan kepada Dewan Perwakilan Rakyat. (3) Dalam hal Dewan Perwakilan Rakyat tidak menyetujui pengerahan sebagaimana dimaksud pada ayat (1) dan ayat (2), Presiden harus menghentikan pengerahan kekuatan TNI tersebut.",
    "Question": "Apa perbedaan antara pasal 17 dan pasal 18 terkait persetujuan DPR?",
    "Answer": "Pasal 17 mewajibkan persetujuan DPR sebelum pengerahan, sedangkan pasal 18 memungkinkan pengerahan darurat terlebih dahulu dan pelaporan kemudian."
  },
  {
    "Context": "(1) Dalam keadaan memaksa untuk menghadapi ancaman militer dan/atau ancaman bersenjata, Presiden dapat langsung mengerahkan kekuatan TNI. (2) Dalam hal pengerahan langsung kekuatan TNI sebagaimana dimaksud pada ayat (1), dalam waktu 2 X 24 jam terhitung sejak dikeluarkannya keputusan pengerahan kekuatan, Presiden harus melaporkan kepada Dewan Perwakilan Rakyat. (3) Dalam hal Dewan Perwakilan Rakyat tidak menyetujui pengerahan sebagaimana dimaksud pada ayat (1) dan ayat (2), Presiden harus menghentikan pengerahan kekuatan TNI tersebut.",
    "Question": "Mengapa pasal 18 menetapkan batas waktu 2 x 24 jam?",
    "Answer": "Agar DPR segera mendapat informasi dan dapat melakukan fungsi pengawasan tanpa menunda respons militer."
  },
  {
    "Context": "(1) Dalam keadaan memaksa untuk menghadapi ancaman militer dan/atau ancaman bersenjata, Presiden dapat langsung mengerahkan kekuatan TNI. (2) Dalam hal pengerahan langsung kekuatan TNI sebagaimana dimaksud pada ayat (1), dalam waktu 2 X 24 jam terhitung sejak dikeluarkannya keputusan pengerahan kekuatan, Presiden harus melaporkan kepada Dewan Perwakilan Rakyat. (3) Dalam hal Dewan Perwakilan Rakyat tidak menyetujui pengerahan sebagaimana dimaksud pada ayat (1) dan ayat (2), Presiden harus menghentikan pengerahan kekuatan TNI tersebut.",
    "Question": "Apa tujuan ayat (3) menghentikan pengerahan jika DPR menolak?",
    "Answer": "Untuk memastikan kontrol legislatif dan mencegah penyalahgunaan kekuatan militer."
  },
  {
    "Context": "(1) Dalam keadaan memaksa untuk menghadapi ancaman militer dan/atau ancaman bersenjata, Presiden dapat langsung mengerahkan kekuatan TNI. (2) Dalam hal pengerahan langsung kekuatan TNI sebagaimana dimaksud pada ayat (1), dalam waktu 2 X 24 jam terhitung sejak dikeluarkannya keputusan pengerahan kekuatan, Presiden harus melaporkan kepada Dewan Perwakilan Rakyat. (3) Dalam hal Dewan Perwakilan Rakyat tidak menyetujui pengerahan sebagaimana dimaksud pada ayat (1) dan ayat (2), Presiden harus menghentikan pengerahan kekuatan TNI tersebut.",
    "Question": "Bagaimana pasal ini mencerminkan prinsip checks and balances?",
    "Answer": "Dengan memberi Presiden kekuatan darurat tetapi tetap mengharuskan DPR untuk mengawasi keputusan tersebut."
  },
  {
    "Context": "(1) Dalam keadaan memaksa untuk menghadapi ancaman militer dan/atau ancaman bersenjata, Presiden dapat langsung mengerahkan kekuatan TNI. (2) Dalam hal pengerahan langsung kekuatan TNI sebagaimana dimaksud pada ayat (1), dalam waktu 2 X 24 jam terhitung sejak dikeluarkannya keputusan pengerahan kekuatan, Presiden harus melaporkan kepada Dewan Perwakilan Rakyat. (3) Dalam hal Dewan Perwakilan Rakyat tidak menyetujui pengerahan sebagaimana dimaksud pada ayat (1) dan ayat (2), Presiden harus menghentikan pengerahan kekuatan TNI tersebut.",
    "Question": "Dalam situasi krisis, apa keuntungan mekanisme pasal 18 bagi keamanan nasional?",
    "Answer": "Memberi fleksibilitas tindakan cepat sambil tetap menjaga akuntabilitas melalui pelaporan DPR."
  },
  {
    "Context": "(1) Dalam keadaan memaksa untuk menghadapi ancaman militer dan/atau ancaman bersenjata, Presiden dapat langsung mengerahkan kekuatan TNI. (2) Dalam hal pengerahan langsung kekuatan TNI sebagaimana dimaksud pada ayat (1), dalam waktu 2 X 24 jam terhitung sejak dikeluarkannya keputusan pengerahan kekuatan, Presiden harus melaporkan kepada Dewan Perwakilan Rakyat. (3) Dalam hal Dewan Perwakilan Rakyat tidak menyetujui pengerahan sebagaimana dimaksud pada ayat (1) dan ayat (2), Presiden harus menghentikan pengerahan kekuatan TNI tersebut.",
    "Question": "Siapa yang menghadiri rapat DPR untuk membahas laporan?",
    "Answer": "Panglima, Menhan, dan pejabat terkait ditugaskan hadir DPR."
  },
  {
    "Context": "(1) Dalam keadaan memaksa untuk menghadapi ancaman militer dan/atau ancaman bersenjata, Presiden dapat langsung mengerahkan kekuatan TNI. (2) Dalam hal pengerahan langsung kekuatan TNI sebagaimana dimaksud pada ayat (1), dalam waktu 2 X 24 jam terhitung sejak dikeluarkannya keputusan pengerahan kekuatan, Presiden harus melaporkan kepada Dewan Perwakilan Rakyat. (3) Dalam hal Dewan Perwakilan Rakyat tidak menyetujui pengerahan sebagaimana dimaksud pada ayat (1) dan ayat (2), Presiden harus menghentikan pengerahan kekuatan TNI tersebut.",
    "Question": "Bagaimana urgensi sidang DPR diatur untuk pasal ini?",
    "Answer": "DPR dapat menggelar sidang luar biasa untuk menanggapi laporan."
  },
  {
    "Context": "(1) Dalam keadaan memaksa untuk menghadapi ancaman militer dan/atau ancaman bersenjata, Presiden dapat langsung mengerahkan kekuatan TNI. (2) Dalam hal pengerahan langsung kekuatan TNI sebagaimana dimaksud pada ayat (1), dalam waktu 2 X 24 jam terhitung sejak dikeluarkannya keputusan pengerahan kekuatan, Presiden harus melaporkan kepada Dewan Perwakilan Rakyat. (3) Dalam hal Dewan Perwakilan Rakyat tidak menyetujui pengerahan sebagaimana dimaksud pada ayat (1) dan ayat (2), Presiden harus menghentikan pengerahan kekuatan TNI tersebut.",
    "Question": "Apakah pelaporan dapat dilakukan secara elektronik?",
    "Answer": "UU tidak spesifik, namun saat ini dapat menggunakan sistem e-Parlemen DPR."
  },
  {
    "Context": "(1) Dalam keadaan memaksa untuk menghadapi ancaman militer dan/atau ancaman bersenjata, Presiden dapat langsung mengerahkan kekuatan TNI. (2) Dalam hal pengerahan langsung kekuatan TNI sebagaimana dimaksud pada ayat (1), dalam waktu 2 X 24 jam terhitung sejak dikeluarkannya keputusan pengerahan kekuatan, Presiden harus melaporkan kepada Dewan Perwakilan Rakyat. (3) Dalam hal Dewan Perwakilan Rakyat tidak menyetujui pengerahan sebagaimana dimaksud pada ayat (1) dan ayat (2), Presiden harus menghentikan pengerahan kekuatan TNI tersebut.",
    "Question": "Bagaimana pemerintah menginformasikan publik tentang laporan?",
    "Answer": "Melalui siaran pers dan dokumen terbuka DPR."
  },
  {
    "Context": "(1) Dalam keadaan memaksa untuk menghadapi ancaman militer dan/atau ancaman bersenjata, Presiden dapat langsung mengerahkan kekuatan TNI. (2) Dalam hal pengerahan langsung kekuatan TNI sebagaimana dimaksud pada ayat (1), dalam waktu 2 X 24 jam terhitung sejak dikeluarkannya keputusan pengerahan kekuatan, Presiden harus melaporkan kepada Dewan Perwakilan Rakyat. (3) Dalam hal Dewan Perwakilan Rakyat tidak menyetujui pengerahan sebagaimana dimaksud pada ayat (1) dan ayat (2), Presiden harus menghentikan pengerahan kekuatan TNI tersebut.",
    "Question": "Apakah pelaporan mencakup semua detail taktis operasi?",
    "Answer": "Laporan umumnya ringkasan strategis, detail taktis dirahasiakan demi keamanan."
  },
  {
    "Context": "(1) Dalam keadaan memaksa untuk menghadapi ancaman militer dan/atau ancaman bersenjata, Presiden dapat langsung mengerahkan kekuatan TNI. (2) Dalam hal pengerahan langsung kekuatan TNI sebagaimana dimaksud pada ayat (1), dalam waktu 2 X 24 jam terhitung sejak dikeluarkannya keputusan pengerahan kekuatan, Presiden harus melaporkan kepada Dewan Perwakilan Rakyat. (3) Dalam hal Dewan Perwakilan Rakyat tidak menyetujui pengerahan sebagaimana dimaksud pada ayat (1) dan ayat (2), Presiden harus menghentikan pengerahan kekuatan TNI tersebut.",
    "Question": "Bagaimana DPR dapat membatalkan pengerahan setelah laporan?",
    "Answer": "DPR memberi keputusan resmi yang mengharuskan penghentian operasi."
  },
  {
    "Context": "(1) Dalam keadaan memaksa untuk menghadapi ancaman militer dan/atau ancaman bersenjata, Presiden dapat langsung mengerahkan kekuatan TNI. (2) Dalam hal pengerahan langsung kekuatan TNI sebagaimana dimaksud pada ayat (1), dalam waktu 2 X 24 jam terhitung sejak dikeluarkannya keputusan pengerahan kekuatan, Presiden harus melaporkan kepada Dewan Perwakilan Rakyat. (3) Dalam hal Dewan Perwakilan Rakyat tidak menyetujui pengerahan sebagaimana dimaksud pada ayat (1) dan ayat (2), Presiden harus menghentikan pengerahan kekuatan TNI tersebut.",
    "Question": "Apakah pasal 18 berlaku untuk pengerahan di dalam negeri?",
    "Answer": "Ya, mencakup ancaman dari dalam negeri maupun luar negeri."
  },
  {
    "Context": "(1) Dalam keadaan memaksa untuk menghadapi ancaman militer dan/atau ancaman bersenjata, Presiden dapat langsung mengerahkan kekuatan TNI. (2) Dalam hal pengerahan langsung kekuatan TNI sebagaimana dimaksud pada ayat (1), dalam waktu 2 X 24 jam terhitung sejak dikeluarkannya keputusan pengerahan kekuatan, Presiden harus melaporkan kepada Dewan Perwakilan Rakyat. (3) Dalam hal Dewan Perwakilan Rakyat tidak menyetujui pengerahan sebagaimana dimaksud pada ayat (1) dan ayat (2), Presiden harus menghentikan pengerahan kekuatan TNI tersebut.",
    "Question": "Bagaimana pasal ini mempengaruhi kesiapan TNI?",
    "Answer": "Memberi kriteria kapan pengerahan darurat dapat dilaksanakan."
  },
  {
    "Context": "(1) Dalam keadaan memaksa untuk menghadapi ancaman militer dan/atau ancaman bersenjata, Presiden dapat langsung mengerahkan kekuatan TNI. (2) Dalam hal pengerahan langsung kekuatan TNI sebagaimana dimaksud pada ayat (1), dalam waktu 2 X 24 jam terhitung sejak dikeluarkannya keputusan pengerahan kekuatan, Presiden harus melaporkan kepada Dewan Perwakilan Rakyat. (3) Dalam hal Dewan Perwakilan Rakyat tidak menyetujui pengerahan sebagaimana dimaksud pada ayat (1) dan ayat (2), Presiden harus menghentikan pengerahan kekuatan TNI tersebut.",
    "Question": "Apa peran Panitia Angket DPR dalam pasal ini?",
    "Answer": "Panitia Angket dapat dibentuk untuk menginvestigasi laporan pengerahan."
  },
  {
    "Context": "(1) Dalam keadaan memaksa untuk menghadapi ancaman militer dan/atau ancaman bersenjata, Presiden dapat langsung mengerahkan kekuatan TNI. (2) Dalam hal pengerahan langsung kekuatan TNI sebagaimana dimaksud pada ayat (1), dalam waktu 2 X 24 jam terhitung sejak dikeluarkannya keputusan pengerahan kekuatan, Presiden harus melaporkan kepada Dewan Perwakilan Rakyat. (3) Dalam hal Dewan Perwakilan Rakyat tidak menyetujui pengerahan sebagaimana dimaksud pada ayat (1) dan ayat (2), Presiden harus menghentikan pengerahan kekuatan TNI tersebut.",
    "Question": "Bagaimana pasal 18 diterapkan dalam latihan gabungan internasional?",
    "Answer": "Jika dianggap operasi nyata, pelaporan tetap diwajibkan."
  }
]