[
  {
    "Context": "Angkatan Laut bertugas melaksanakan tugas TNI matra laut di bidang pertahanan. Angkatan Laut bertugas menegakkan hukum dan menjaga keamanan di wilayah laut yurisdiksi nasional sesuai ketentuan hukum nasional dan hukum internasional yang telah diratifikasi. Angkatan Laut bertugas melaksanakan tugas diplomasi Angkatan Laut dalam rangka mendukung kebijakan politik luar negeri yang ditetapkan pemerintah. Angkatan Laut bertugas melaksanakan tugas TNI dalam pembangunan dan pengembangan kekuatan matra laut. Angkatan Laut bertugas melaksanakan pemberdayaan wilayah pertahanan laut.",
    "Question": "Sebutkan lima tugas utama Angkatan Laut menurut Pasal 9!",
    "Answer": "Lima tugas utama Angkatan Laut adalah: (a) pertahanan matra laut, (b) penegakan hukum & keamanan laut, (c) diplomasi Angkatan Laut, (d) pembangunan & pengembangan kekuatan matra laut, (e) pemberdayaan wilayah pertahanan laut."
  },
  {
    "Context": "Angkatan Laut bertugas melaksanakan tugas TNI matra laut di bidang pertahanan.",
    "Question": "Apa fokus tugas huruf a Pasal 9?",
    "Answer": "Fokusnya adalah melaksanakan pertahanan negara pada matra laut."
  },
  {
    "Context": "Angkatan Laut bertugas menegakkan hukum dan menjaga keamanan di wilayah laut yurisdiksi nasional sesuai ketentuan hukum nasional dan hukum internasional yang telah diratifikasi.",
    "Question": "Apa yang dimaksud penegakan hukum di laut yurisdiksi nasional?",
    "Answer": "Penegakan hukum mencakup tindakan Angkatan Laut untuk memastikan segala aktivitas di perairan Indonesia sesuai hukum nasional dan internasional."
  },
  {
    "Context": "Angkatan Laut bertugas melaksanakan tugas diplomasi Angkatan Laut dalam rangka mendukung kebijakan politik luar negeri yang ditetapkan pemerintah.",
    "Question": "Apa tujuan diplomasi Angkatan Laut sebagaimana huruf c?",
    "Answer": "Tujuannya mendukung kebijakan politik luar negeri pemerintah melalui kunjungan, latihan bersama, dan kerjasama maritim."
  },
  {
    "Context": "Angkatan Laut bertugas melaksanakan tugas TNI dalam pembangunan dan pengembangan kekuatan matra laut.",
    "Question": "Apa arti pembangunan dan pengembangan kekuatan matra laut?",
    "Answer": "Artinya memperkuat organisasi, personel, kapal perang, sistem senjata, dan doktrin Angkatan Laut."
  },
  {
    "Context": "Angkatan Laut bertugas melaksanakan pemberdayaan wilayah pertahanan laut.",
    "Question": "Apa tujuan pemberdayaan wilayah pertahanan laut?",
    "Answer": "Tujuannya menyiapkan wilayah dan sumber daya maritim agar mendukung pertahanan nasional."
  },
  {
    "Context": "Angkatan Laut bertugas melaksanakan tugas TNI matra laut di bidang pertahanan.",
    "Question": "Mengapa pertahanan matra laut penting bagi Indonesia?",
    "Answer": "Karena Indonesia adalah negara kepulauan yang kedaulatannya bergantung pada pengamanan laut."
  },
  {
    "Context": "Angkatan Laut bertugas melaksanakan tugas TNI matra laut di bidang pertahanan.",
    "Question": "Bagaimana Angkatan Laut melaksanakan pertahanan matra laut?",
    "Answer": "Dengan menyiapkan armada kapal perang, pangkalan, serta sistem senjata untuk menghadapi ancaman di laut."
  },
  {
    "Context": "Angkatan Laut bertugas melaksanakan tugas TNI matra laut di bidang pertahanan.",
    "Question": "Contoh operasi pertahanan matra laut?",
    "Answer": "Patroli ALKI, operasi siaga tempur laut, dan pengamanan Selat Malaka."
  },
  {
    "Context": "Angkatan Laut bertugas menegakkan hukum dan menjaga keamanan di wilayah laut yurisdiksi nasional sesuai ketentuan hukum nasional dan hukum internasional yang telah diratifikasi.",
    "Question": "Kegiatan apa saja untuk menegakkan hukum di laut?",
    "Answer": "Patroli gabungan, penangkapan pelanggar hukum, dan penyelidikan tindak pidana maritim."
  },
  {
    "Context": "Angkatan Laut bertugas menegakkan hukum dan menjaga keamanan di wilayah laut yurisdiksi nasional sesuai ketentuan hukum nasional dan hukum internasional yang telah diratifikasi.",
    "Question": "Mengapa hukum internasional penting dalam tugas huruf b?",
    "Answer": "Karena laut adalah domain global sehingga penegakan hukum harus sejalan dengan konvensi internasional seperti UNCLOS."
  },
  {
    "Context": "Angkatan Laut bertugas menegakkan hukum dan menjaga keamanan di wilayah laut yurisdiksi nasional sesuai ketentuan hukum nasional dan hukum internasional yang telah diratifikasi.",
    "Question": "Bagaimana Angkatan Laut berkoordinasi dengan instansi sipil dalam keamanan laut?",
    "Answer": "Dengan Bakamla, KKP, Bea Cukai, dan Polairut untuk operasi terpadu."
  },
  {
    "Context": "Angkatan Laut bertugas melaksanakan tugas diplomasi Angkatan Laut dalam rangka mendukung kebijakan politik luar negeri yang ditetapkan pemerintah.",
    "Question": "Apa bentuk diplomasi Angkatan Laut?",
    "Answer": "Latihan bersama, kunjungan kapal persahabatan, dan partisipasi multilateral di fora maritim."
  },
  {
    "Context": "Angkatan Laut bertugas melaksanakan tugas diplomasi Angkatan Laut dalam rangka mendukung kebijakan politik luar negeri yang ditetapkan pemerintah.",
    "Question": "Bagaimana diplomasi AL mendukung kebijakan luar negeri?",
    "Answer": "Dengan meningkatkan kepercayaan, kerja sama keamanan, dan citra positif Indonesia."
  },
  {
    "Context": "Angkatan Laut bertugas melaksanakan tugas diplomasi Angkatan Laut dalam rangka mendukung kebijakan politik luar negeri yang ditetapkan pemerintah.",
    "Question": "Contoh sukses diplomasi Angkatan Laut?",
    "Answer": "Keterlibatan KRI dalam misi perdamaian maritim dan latihan RIMPAC."
  },
  {
    "Context": "Angkatan Laut bertugas melaksanakan tugas TNI dalam pembangunan dan pengembangan kekuatan matra laut.",
    "Question": "Apa saja yang termasuk pengembangan kekuatan AL?",
    "Answer": "Modernisasi kapal, radar, rudal, serta peningkatan kompetensi prajurit."
  },
  {
    "Context": "Angkatan Laut bertugas melaksanakan tugas TNI dalam pembangunan dan pengembangan kekuatan matra laut.",
    "Question": "Siapa yang terlibat dalam perencanaan pengembangan kekuatan AL?",
    "Answer": "Staf AL bersama Kementerian Pertahanan, Bappenas, dan industri pertahanan."
  },
  {
    "Context": "Angkatan Laut bertugas melaksanakan tugas TNI dalam pembangunan dan pengembangan kekuatan matra laut.",
    "Question": "Bagaimana teknologi domestik mendukung pengembangan AL?",
    "Answer": "Dengan pembangunan kapal perang di galangan nasional dan riset alutsista dalam negeri."
  },
  {
    "Context": "Angkatan Laut bertugas melaksanakan pemberdayaan wilayah pertahanan laut.",
    "Question": "Apa bentuk pemberdayaan wilayah pertahanan laut?",
    "Answer": "Peningkatan kesiapsiagaan pelabuhan, komunitas pesisir, dan sistem peringatan dini."
  },
  {
    "Context": "Angkatan Laut bertugas melaksanakan pemberdayaan wilayah pertahanan laut.",
    "Question": "Bagaimana masyarakat pesisir dilibatkan dalam pertahanan laut?",
    "Answer": "Melalui program bela negara maritim dan pelatihan keamanan laut."
  },
  {
    "Context": "Angkatan Laut bertugas melaksanakan pemberdayaan wilayah pertahanan laut.",
    "Question": "Manfaat pemberdayaan wilayah laut bagi pertahanan?",
    "Answer": "Memperkuat kesadaran maritim dan dukungan logistik saat operasi militer."
  },
  {
    "Context": "Angkatan Laut bertugas melaksanakan tugas TNI matra laut di bidang pertahanan. Angkatan Laut bertugas menegakkan hukum dan menjaga keamanan di wilayah laut yurisdiksi nasional sesuai ketentuan hukum nasional dan hukum internasional yang telah diratifikasi. Angkatan Laut bertugas melaksanakan tugas diplomasi Angkatan Laut dalam rangka mendukung kebijakan politik luar negeri yang ditetapkan pemerintah. Angkatan Laut bertugas melaksanakan tugas TNI dalam pembangunan dan pengembangan kekuatan matra laut. Angkatan Laut bertugas melaksanakan pemberdayaan wilayah pertahanan laut.",
    "Question": "Bagaimana hubungan tugas pertahanan matra laut (a) dengan penegakan hukum laut (b)?",
    "Answer": "Pertahanan menjaga kedaulatan fisik, sedangkan penegakan hukum memastikan aturan dipatuhi; keduanya saling mendukung keamanan maritim."
  },
  {
    "Context": "Angkatan Laut bertugas melaksanakan tugas TNI matra laut di bidang pertahanan. Angkatan Laut bertugas menegakkan hukum dan menjaga keamanan di wilayah laut yurisdiksi nasional sesuai ketentuan hukum nasional dan hukum internasional yang telah diratifikasi. Angkatan Laut bertugas melaksanakan tugas diplomasi Angkatan Laut dalam rangka mendukung kebijakan politik luar negeri yang ditetapkan pemerintah. Angkatan Laut bertugas melaksanakan tugas TNI dalam pembangunan dan pengembangan kekuatan matra laut. Angkatan Laut bertugas melaksanakan pemberdayaan wilayah pertahanan laut.",
    "Question": "Mengapa diplomasi Angkatan Laut (c) penting meski ada fungsi pertahanan?",
    "Answer": "Diplomasi mencegah konflik melalui kerjasama, sehingga pertahanan dapat difokuskan pada ancaman nyata."
  },
  {
    "Context": "Angkatan Laut bertugas melaksanakan tugas TNI matra laut di bidang pertahanan. Angkatan Laut bertugas menegakkan hukum dan menjaga keamanan di wilayah laut yurisdiksi nasional sesuai ketentuan hukum nasional dan hukum internasional yang telah diratifikasi. Angkatan Laut bertugas melaksanakan tugas diplomasi Angkatan Laut dalam rangka mendukung kebijakan politik luar negeri yang ditetapkan pemerintah. Angkatan Laut bertugas melaksanakan tugas TNI dalam pembangunan dan pengembangan kekuatan matra laut. Angkatan Laut bertugas melaksanakan pemberdayaan wilayah pertahanan laut.",
    "Question": "Bagaimana pengembangan kekuatan (d) mendukung diplomasi AL?",
    "Answer": "Kekuatan armada yang mumpuni meningkatkan kredibilitas Indonesia saat melakukan diplomasi maritim."
  },
  {
    "Context": "Angkatan Laut bertugas melaksanakan tugas TNI matra laut di bidang pertahanan. Angkatan Laut bertugas menegakkan hukum dan menjaga keamanan di wilayah laut yurisdiksi nasional sesuai ketentuan hukum nasional dan hukum internasional yang telah diratifikasi. Angkatan Laut bertugas melaksanakan tugas diplomasi Angkatan Laut dalam rangka mendukung kebijakan politik luar negeri yang ditetapkan pemerintah. Angkatan Laut bertugas melaksanakan tugas TNI dalam pembangunan dan pengembangan kekuatan matra laut. Angkatan Laut bertugas melaksanakan pemberdayaan wilayah pertahanan laut.",
    "Question": "Apa keterkaitan pemberdayaan wilayah (e) dengan operasi penegakan hukum laut?",
    "Answer": "Wilayah pesisir yang terdaya memberi informasi dan dukungan logistik untuk patroli penegakan hukum."
  },
  {
    "Context": "Angkatan Laut bertugas melaksanakan tugas TNI matra laut di bidang pertahanan. Angkatan Laut bertugas menegakkan hukum dan menjaga keamanan di wilayah laut yurisdiksi nasional sesuai ketentuan hukum nasional dan hukum internasional yang telah diratifikasi. Angkatan Laut bertugas melaksanakan tugas diplomasi Angkatan Laut dalam rangka mendukung kebijakan politik luar negeri yang ditetapkan pemerintah. Angkatan Laut bertugas melaksanakan tugas TNI dalam pembangunan dan pengembangan kekuatan matra laut. Angkatan Laut bertugas melaksanakan pemberdayaan wilayah pertahanan laut.",
    "Question": "Sebutkan contoh kegiatan yang melibatkan dua atau lebih tugas Pasal 9 secara bersamaan!",
    "Answer": "Latihan gabungan dengan negara sahabat sekaligus patroli penegakan hukum di ALKI melibatkan pertahanan, diplomasi, dan keamanan laut."
  },
  {
    "Context": "Angkatan Laut bertugas melaksanakan tugas TNI matra laut di bidang pertahanan.",
    "Question": "Apa peran pangkalan AL dalam pertahanan matra laut?",
    "Answer": "Pangkalan menyediakan dukungan logistik, pemeliharaan kapal, dan markas komando operasional."
  },
  {
    "Context": "Angkatan Laut bertugas melaksanakan tugas TNI matra laut di bidang pertahanan.",
    "Question": "Bagaimana AL menghadapi ancaman asimetris di laut?",
    "Answer": "Dengan kapal cepat, intelijen maritim, dan kemampuan operasi khusus laut."
  },
  {
    "Context": "Angkatan Laut bertugas melaksanakan tugas TNI matra laut di bidang pertahanan.",
    "Question": "Apa itu konsep Sea Control?",
    "Answer": "Sea Control adalah kemampuan menguasai wilayah laut tertentu untuk memastikan kebebasan navigasi sendiri dan sekutu."
  },
  {
    "Context": "Angkatan Laut bertugas melaksanakan tugas TNI matra laut di bidang pertahanan.",
    "Question": "Bagaimana latihan tempur laut meningkatkan kesiapan?",
    "Answer": "Latihan mensimulasikan skenario perang sehingga kru kapal mahir dalam taktik dan penggunaan senjata."
  },
  {
    "Context": "Angkatan Laut bertugas melaksanakan tugas TNI matra laut di bidang pertahanan.",
    "Question": "Apa indikator kesiapan tempur armada laut?",
    "Answer": "Jumlah kapal siap operasi, kesiapan personel, dan ketersediaan logistik."
  },
  {
    "Context": "Angkatan Laut bertugas menegakkan hukum dan menjaga keamanan di wilayah laut yurisdiksi nasional sesuai ketentuan hukum nasional dan hukum internasional yang telah diratifikasi.",
    "Question": "Bagaimana AL menanggapi pelanggaran Illegal, Unreported, and Unregulated (IUU) Fishing?",
    "Answer": "Dengan patroli, penangkapan kapal, dan penegakan hukum sesuai peraturan perikanan."
  },
  {
    "Context": "Angkatan Laut bertugas menegakkan hukum dan menjaga keamanan di wilayah laut yurisdiksi nasional sesuai ketentuan hukum nasional dan hukum internasional yang telah diratifikasi.",
    "Question": "Apa peran kapal patroli cepat dalam keamanan laut?",
    "Answer": "Kapal patroli cepat merespons cepat pelanggaran dan memperkuat kehadiran AL."
  },
  {
    "Context": "Angkatan Laut bertugas menegakkan hukum dan menjaga keamanan di wilayah laut yurisdiksi nasional sesuai ketentuan hukum nasional dan hukum internasional yang telah diratifikasi.",
    "Question": "Apa itu VMS dan AIS dalam konteks keamanan laut?",
    "Answer": "Sistem VMS/AIS melacak posisi kapal untuk memantau pergerakan dan deteksi dini pelanggaran."
  },
  {
    "Context": "Angkatan Laut bertugas menegakkan hukum dan menjaga keamanan di wilayah laut yurisdiksi nasional sesuai ketentuan hukum nasional dan hukum internasional yang telah diratifikasi.",
    "Question": "Bagaimana AL berkontribusi pada keamanan Selat Malaka?",
    "Answer": "Melalui patroli terkoordinasi dengan negara tetangga dan mekanisme Malacca Strait Patrol."
  },
  {
    "Context": "Angkatan Laut bertugas menegakkan hukum dan menjaga keamanan di wilayah laut yurisdiksi nasional sesuai ketentuan hukum nasional dan hukum internasional yang telah diratifikasi.",
    "Question": "Mengapa koordinasi penegakan hukum laut multi‑instansi penting?",
    "Answer": "Karena berbagai pelanggaran melibatkan yurisdiksi berbeda sehingga perlu sinergi AL, Kepolisian, Bea Cukai, dan Bakamla."
  },
  {
    "Context": "Angkatan Laut bertugas melaksanakan tugas diplomasi Angkatan Laut dalam rangka mendukung kebijakan politik luar negeri yang ditetapkan pemerintah.",
    "Question": "Apa manfaat port visit bagi diplomasi maritim?",
    "Answer": "Port visit mempererat hubungan, mempromosikan budaya, dan membangun kepercayaan."
  },
  {
    "Context": "Angkatan Laut bertugas melaksanakan tugas diplomasi Angkatan Laut dalam rangka mendukung kebijakan politik luar negeri yang ditetapkan pemerintah.",
    "Question": "Bagaimana latihan bilateral memperkuat interoperabilitas?",
    "Answer": "Latihan bersama menyamakan prosedur operasi sehingga mempermudah kerja sama saat krisis."
  },
  {
    "Context": "Angkatan Laut bertugas melaksanakan tugas diplomasi Angkatan Laut dalam rangka mendukung kebijakan politik luar negeri yang ditetapkan pemerintah.",
    "Question": "Mengapa AL mengikuti misi penjagaan perdamaian maritim PBB?",
    "Answer": "Untuk mendukung perdamaian internasional dan meningkatkan pengalaman operasi."
  },
  {
    "Context": "Angkatan Laut bertugas melaksanakan tugas diplomasi Angkatan Laut dalam rangka mendukung kebijakan politik luar negeri yang ditetapkan pemerintah.",
    "Question": "Bagaimana soft power AL muncul melalui diplomasi kapal rumah sakit?",
    "Answer": "Memberi bantuan kemanusiaan meningkatkan citra positif Indonesia."
  },
  {
    "Context": "Angkatan Laut bertugas melaksanakan tugas diplomasi Angkatan Laut dalam rangka mendukung kebijakan politik luar negeri yang ditetapkan pemerintah.",
    "Question": "Apa peran atase pertahanan laut di kedutaan?",
    "Answer": "Memfasilitasi komunikasi militer dan kerja sama keamanan maritim dengan negara sahabat."
  },
  {
    "Context": "Angkatan Laut bertugas melaksanakan tugas TNI dalam pembangunan dan pengembangan kekuatan matra laut.",
    "Question": "Bagaimana konsep Minimum Essential Force (MEF) terkait matra laut?",
    "Answer": "MEF menentukan kebutuhan minimal kekuatan AL yang harus dipenuhi untuk pertahanan efektif."
  },
  {
    "Context": "Angkatan Laut bertugas melaksanakan tugas TNI dalam pembangunan dan pengembangan kekuatan matra laut.",
    "Question": "Apa pentingnya riset kapal selam domestik?",
    "Answer": "Untuk meningkatkan kemandirian alutsista strategis dan kemampuan pertahanan bawah permukaan."
  },
  {
    "Context": "Angkatan Laut bertugas melaksanakan tugas TNI dalam pembangunan dan pengembangan kekuatan matra laut.",
    "Question": "Bagaimana pelatihan simulasi membantu pengembangan SDM AL?",
    "Answer": "Simulasi memungkinkan prajurit berlatih taktik kompleks tanpa risiko nyata."
  },
  {
    "Context": "Angkatan Laut bertugas melaksanakan tugas TNI dalam pembangunan dan pengembangan kekuatan matra laut.",
    "Question": "Mengapa modernisasi radar pantai penting?",
    "Answer": "Radar pantai memperkuat pengawasan maritim dan deteksi dini ancaman."
  },
  {
    "Context": "Angkatan Laut bertugas melaksanakan tugas TNI dalam pembangunan dan pengembangan kekuatan matra laut.",
    "Question": "Bagaimana kerjasama indhan nasional mendukung program AL?",
    "Answer": "Industri pertahanan menyediakan kapal dan senjata sesuai kebutuhan AL dan meningkatkan ekonomi nasional."
  },
  {
    "Context": "Angkatan Laut bertugas melaksanakan pemberdayaan wilayah pertahanan laut.",
    "Question": "Apa contoh program pemberdayaan masyarakat pesisir oleh AL?",
    "Answer": "Program Sea and Coast Guard Volunteer dan pelatihan SAR komunitas."
  },
  {
    "Context": "Angkatan Laut bertugas melaksanakan pemberdayaan wilayah pertahanan laut.",
    "Question": "Bagaimana AL mendukung mitigasi bencana tsunami di wilayah pesisir?",
    "Answer": "Dengan sistem peringatan dini, latihan evakuasi, dan patroli kesiapsiagaan."
  },
  {
    "Context": "Angkatan Laut bertugas melaksanakan pemberdayaan wilayah pertahanan laut.",
    "Question": "Apa hubungan tol laut dengan pemberdayaan wilayah pertahanan laut?",
    "Answer": "Tol laut meningkatkan konektivitas sekaligus memerlukan pengamanan jalur logistik nasional."
  },
  {
    "Context": "Angkatan Laut bertugas melaksanakan pemberdayaan wilayah pertahanan laut.",
    "Question": "Bagaimana cadangan maritim berperan dalam pertahanan laut?",
    "Answer": "Komponen cadangan maritim dapat dikerahkan mendukung AL saat mobilisasi nasional."
  }
]