[
  {
    "Context": "(1) Kewenangan dan tanggung jawab pengerahan kekuatan TNI berada pada Presiden.",
    "Question": "Siapa yang berwenang mengerahkan kekuatan TNI?",
    "Answer": "Presiden."
  },
  {
    "Context": "(1) Kewenangan dan tanggung jawab pengerahan kekuatan TNI berada pada Presiden.",
    "Question": "Apa tanggung jawab Presiden terkait pengerahan kekuatan TNI?",
    "Answer": "Presiden bertanggung jawab atas keputusan pengerahan kekuatan TNI."
  },
  {
    "Context": "(2) Dalam hal pengerahan kekuatan TNI sebagaimana dimaksud pada ayat (1), Presiden harus mendapat persetujuan Dewan Perwakilan Rakyat.",
    "Question": "Apa syarat yang harus dipenuhi Presiden sebelum mengerahkan TNI?",
    "Answer": "Presiden harus mendapat persetujuan Dewan Perwakilan Rakyat (DPR)."
  },
  {
    "Context": "(2) Dalam hal pengerahan kekuatan TNI sebagaimana dimaksud pada ayat (1), Presiden harus mendapat persetujuan Dewan Perwakilan Rakyat.",
    "Question": "Mengapa persetujuan DPR diperlukan?",
    "Answer": "Untuk memastikan kontrol legislatif dan prinsip checks and balances."
  },
  {
    "Context": "(1) Kewenangan dan tanggung jawab pengerahan kekuatan TNI berada pada Presiden. (2) Dalam hal pengerahan kekuatan TNI sebagaimana dimaksud pada ayat (1), Presiden harus mendapat persetujuan Dewan Perwakilan Rakyat.",
    "Question": "Berapa ayat yang mengatur pengerahan kekuatan TNI dalam Pasal 17?",
    "Answer": "Dua ayat."
  },
  {
    "Context": "(1) Kewenangan dan tanggung jawab pengerahan kekuatan TNI berada pada Presiden. (2) Dalam hal pengerahan kekuatan TNI sebagaimana dimaksud pada ayat (1), Presiden harus mendapat persetujuan Dewan Perwakilan Rakyat.",
    "Question": "Apa yang dimaksud 'pengerahan kekuatan TNI'?",
    "Answer": "Aktivasi dan penugasan satuan TNI untuk operasi militer tertentu."
  },
  {
    "Context": "(1) Kewenangan dan tanggung jawab pengerahan kekuatan TNI berada pada Presiden. (2) Dalam hal pengerahan kekuatan TNI sebagaimana dimaksud pada ayat (1), Presiden harus mendapat persetujuan Dewan Perwakilan Rakyat.",
    "Question": "Bagaimana prosedur Presiden meminta persetujuan DPR?",
    "Answer": "Presiden mengirim permohonan resmi dan penjelasan rencana pengerahan kepada DPR."
  },
  {
    "Context": "(1) Kewenangan dan tanggung jawab pengerahan kekuatan TNI berada pada Presiden. (2) Dalam hal pengerahan kekuatan TNI sebagaimana dimaksud pada ayat (1), Presiden harus mendapat persetujuan Dewan Perwakilan Rakyat.",
    "Question": "Apa yang terjadi jika DPR tidak memberikan persetujuan?",
    "Answer": "Presiden tidak boleh mengerahkan TNI kecuali mekanisme konstitusi lain diaktifkan."
  },
  {
    "Context": "(1) Kewenangan dan tanggung jawab pengerahan kekuatan TNI berada pada Presiden. (2) Dalam hal pengerahan kekuatan TNI sebagaimana dimaksud pada ayat (1), Presiden harus mendapat persetujuan Dewan Perwakilan Rakyat.",
    "Question": "Apakah DPR dapat menolak sebagian rencana pengerahan?",
    "Answer": "DPR dapat memberi catatan atau menolak keseluruhan hingga revisi rencana diajukan."
  },
  {
    "Context": "(1) Kewenangan dan tanggung jawab pengerahan kekuatan TNI berada pada Presiden. (2) Dalam hal pengerahan kekuatan TNI sebagaimana dimaksud pada ayat (1), Presiden harus mendapat persetujuan Dewan Perwakilan Rakyat.",
    "Question": "Siapa yang melaporkan hasil operasi setelah pengerahan?",
    "Answer": "Presiden melalui Panglima TNI melaporkan hasil kepada DPR."
  },
  {
    "Context": "(1) Kewenangan dan tanggung jawab pengerahan kekuatan TNI berada pada Presiden.",
    "Question": "Mengapa kewenangan pengerahan TNI berada pada Presiden?",
    "Answer": "Sebagai kepala negara dan pemerintahan, Presiden memegang kekuasaan tertinggi atas angkatan bersenjata."
  },
  {
    "Context": "(2) Dalam hal pengerahan kekuatan TNI sebagaimana dimaksud pada ayat (1), Presiden harus mendapat persetujuan Dewan Perwakilan Rakyat.",
    "Question": "Bagaimana mekanisme persetujuan DPR berlangsung?",
    "Answer": "Melalui rapat komisi, paripurna, dan pengambilan keputusan setuju atau tidak."
  },
  {
    "Context": "(1) Kewenangan dan tanggung jawab pengerahan kekuatan TNI berada pada Presiden.",
    "Question": "Apa bedanya 'kewenangan' dan 'tanggung jawab' dalam ayat (1)?",
    "Answer": "'Kewenangan' adalah hak memutuskan, 'tanggung jawab' adalah kewajiban mempertanggungjawabkan keputusan."
  },
  {
    "Context": "(2) Dalam hal pengerahan kekuatan TNI sebagaimana dimaksud pada ayat (1), Presiden harus mendapat persetujuan Dewan Perwakilan Rakyat.",
    "Question": "Apakah persetujuan DPR berlaku untuk setiap pengerahan kecil?",
    "Answer": "Pasal 17 tidak membedakan skala; prinsipnya setiap pengerahan memerlukan persetujuan."
  },
  {
    "Context": "(1) Kewenangan dan tanggung jawab pengerahan kekuatan TNI berada pada Presiden. (2) Dalam hal pengerahan kekuatan TNI sebagaimana dimaksud pada ayat (1), Presiden harus mendapat persetujuan Dewan Perwakilan Rakyat.",
    "Question": "Bagaimana jika situasi darurat membutuhkan pengerahan cepat?",
    "Answer": "Presiden tetap meminta persetujuan DPR, namun DPR dapat mengadakan sidang darurat untuk memberi keputusan cepat."
  },
  {
    "Context": "(1) Kewenangan dan tanggung jawab pengerahan kekuatan TNI berada pada Presiden. (2) Dalam hal pengerahan kekuatan TNI sebagaimana dimaksud pada ayat (1), Presiden harus mendapat persetujuan Dewan Perwakilan Rakyat.",
    "Question": "Apa contoh pengerahan yang memerlukan persetujuan DPR?",
    "Answer": "Operasi militer ke wilayah konflik, penempatan pasukan di luar negeri, atau penggunaan TNI dalam situasi dalam negeri bersenjata."
  },
  {
    "Context": "(1) Kewenangan dan tanggung jawab pengerahan kekuatan TNI berada pada Presiden. (2) Dalam hal pengerahan kekuatan TNI sebagaimana dimaksud pada ayat (1), Presiden harus mendapat persetujuan Dewan Perwakilan Rakyat.",
    "Question": "Apakah pengerahan untuk latihan gabungan memerlukan persetujuan DPR?",
    "Answer": "Jika bersifat operasi dan melibatkan penggunaan kekuatan nyata, tetap membutuhkan persetujuan."
  },
  {
    "Context": "(1) Kewenangan dan tanggung jawab pengerahan kekuatan TNI berada pada Presiden. (2) Dalam hal pengerahan kekuatan TNI sebagaimana dimaksud pada ayat (1), Presiden harus mendapat persetujuan Dewan Perwakilan Rakyat.",
    "Question": "Bagaimana peran Panglima dalam proses ini?",
    "Answer": "Panglima memberikan masukan operasional kepada Presiden dan menyiapkan rencana detail bagi DPR."
  },
  {
    "Context": "(1) Kewenangan dan tanggung jawab pengerahan kekuatan TNI berada pada Presiden. (2) Dalam hal pengerahan kekuatan TNI sebagaimana dimaksud pada ayat (1), Presiden harus mendapat persetujuan Dewan Perwakilan Rakyat.",
    "Question": "Apa konsekuensi hukum jika Presiden mengerahkan TNI tanpa persetujuan DPR?",
    "Answer": "Tindakan tersebut dapat dianggap melanggar undang‑undang dan menimbulkan pertanggungjawaban konstitusional."
  },
  {
    "Context": "(1) Kewenangan dan tanggung jawab pengerahan kekuatan TNI berada pada Presiden. (2) Dalam hal pengerahan kekuatan TNI sebagaimana dimaksud pada ayat (1), Presiden harus mendapat persetujuan Dewan Perwakilan Rakyat.",
    "Question": "Apakah Pasal 17 mencakup pengerahan untuk tugas perdamaian PBB?",
    "Answer": "Ya, pengerahan pasukan perdamaian juga memerlukan persetujuan DPR."
  },
  {
    "Context": "(1) Kewenangan dan tanggung jawab pengerahan kekuatan TNI berada pada Presiden. (2) Dalam hal pengerahan kekuatan TNI sebagaimana dimaksud pada ayat (1), Presiden harus mendapat persetujuan Dewan Perwakilan Rakyat.",
    "Question": "Bagaimana DPR menilai permohonan pengerahan?",
    "Answer": "DPR menilai urgensi, tujuan, risiko, dan kesiapan anggaran."
  },
  {
    "Context": "(1) Kewenangan dan tanggung jawab pengerahan kekuatan TNI berada pada Presiden. (2) Dalam hal pengerahan kekuatan TNI sebagaimana dimaksud pada ayat (1), Presiden harus mendapat persetujuan Dewan Perwakilan Rakyat.",
    "Question": "Apakah persetujuan DPR dapat bersifat rahasia?",
    "Answer": "DPR bisa mengadakan sidang tertutup jika menyangkut rahasia negara."
  },
  {
    "Context": "(1) Kewenangan dan tanggung jawab pengerahan kekuatan TNI berada pada Presiden. (2) Dalam hal pengerahan kekuatan TNI sebagaimana dimaksud pada ayat (1), Presiden harus mendapat persetujuan Dewan Perwakilan Rakyat.",
    "Question": "Seberapa lama DPR boleh menunda keputusan?",
    "Answer": "UU tidak menetapkan batas waktu dalam Pasal 17; praktiknya mengikuti tata tertib DPR."
  },
  {
    "Context": "(1) Kewenangan dan tanggung jawab pengerahan kekuatan TNI berada pada Presiden. (2) Dalam hal pengerahan kekuatan TNI sebagaimana dimaksud pada ayat (1), Presiden harus mendapat persetujuan Dewan Perwakilan Rakyat.",
    "Question": "Bagaimana keterlibatan publik dalam keputusan pengerahan TNI?",
    "Answer": "Publik mengetahui melalui keterbukaan informasi sidang DPR dan konferensi pers pemerintah."
  },
  {
    "Context": "(1) Kewenangan dan tanggung jawab pengerahan kekuatan TNI berada pada Presiden. (2) Dalam hal pengerahan kekuatan TNI sebagaimana dimaksud pada ayat (1), Presiden harus mendapat persetujuan Dewan Perwakilan Rakyat.",
    "Question": "Apakah ada peran Mahkamah Konstitusi terkait Pasal 17?",
    "Answer": "MK dapat menguji konstitusionalitas keputusan jika ada sengketa pengerahan."
  },
  {
    "Context": "(1) Kewenangan dan tanggung jawab pengerahan kekuatan TNI berada pada Presiden. (2) Dalam hal pengerahan kekuatan TNI sebagaimana dimaksud pada ayat (1), Presiden harus mendapat persetujuan Dewan Perwakilan Rakyat.",
    "Question": "Bagaimana perbandingan ketentuan ini dengan negara lain?",
    "Answer": "Banyak negara demokrasi mensyaratkan persetujuan legislatif sebelum pengerahan militer."
  },
  {
    "Context": "(1) Kewenangan dan tanggung jawab pengerahan kekuatan TNI berada pada Presiden. (2) Dalam hal pengerahan kekuatan TNI sebagaimana dimaksud pada ayat (1), Presiden harus mendapat persetujuan Dewan Perwakilan Rakyat.",
    "Question": "Mengapa prinsip checks and balances penting dalam pengerahan TNI?",
    "Answer": "Untuk mencegah penyalahgunaan kekuatan militer oleh eksekutif."
  },
  {
    "Context": "(1) Kewenangan dan tanggung jawab pengerahan kekuatan TNI berada pada Presiden. (2) Dalam hal pengerahan kekuatan TNI sebagaimana dimaksud pada ayat (1), Presiden harus mendapat persetujuan Dewan Perwakilan Rakyat.",
    "Question": "Apakah Pasal 17 mencakup pengerahan pasukan cadangan?",
    "Answer": "Ya, karena pasukan cadangan merupakan bagian kekuatan TNI."
  },
  {
    "Context": "(1) Kewenangan dan tanggung jawab pengerahan kekuatan TNI berada pada Presiden. (2) Dalam hal pengerahan kekuatan TNI sebagaimana dimaksud pada ayat (1), Presiden harus mendapat persetujuan Dewan Perwakilan Rakyat.",
    "Question": "Bagaimana hubungan Pasal 17 dengan Pasal 15 dan 16?",
    "Answer": "Pasal 15/16 mengatur tugas Panglima dan Kepala Staf, sedangkan Pasal 17 mengatur otorisasi pengerahan oleh Presiden."
  },
  {
    "Context": "(1) Kewenangan dan tanggung jawab pengerahan kekuatan TNI berada pada Presiden. (2) Dalam hal pengerahan kekuatan TNI sebagaimana dimaksud pada ayat (1), Presiden harus mendapat persetujuan Dewan Perwakilan Rakyat.",
    "Question": "Apakah DPR dapat merevisi keputusannya setelah operasi dimulai?",
    "Answer": "Secara prinsip, DPR dapat menarik dukungan politik, namun operasi yang berjalan tunduk keputusan eksekutif dan hukum lain."
  },
  {
    "Context": "(1) Kewenangan dan tanggung jawab pengerahan kekuatan TNI berada pada Presiden. (2) Dalam hal pengerahan kekuatan TNI sebagaimana dimaksud pada ayat (1), Presiden harus mendapat persetujuan Dewan Perwakilan Rakyat.",
    "Question": "Bagaimana transparansi keuangan terkait pengerahan?",
    "Answer": "Pemerintah wajib melaporkan anggaran operasi kepada DPR sebagai bagian fungsi anggaran."
  },
  {
    "Context": "(1) Kewenangan dan tanggung jawab pengerahan kekuatan TNI berada pada Presiden. (2) Dalam hal pengerahan kekuatan TNI sebagaimana dimaksud pada ayat (1), Presiden harus mendapat persetujuan Dewan Perwakilan Rakyat.",
    "Question": "Apakah provokasi eksternal dapat menjadi dasar pengerahan?",
    "Answer": "Ya, jika Presiden dan DPR menilai ada ancaman serius terhadap kedaulatan."
  },
  {
    "Context": "(1) Kewenangan dan tanggung jawab pengerahan kekuatan TNI berada pada Presiden. (2) Dalam hal pengerahan kekuatan TNI sebagaimana dimaksud pada ayat (1), Presiden harus mendapat persetujuan Dewan Perwakilan Rakyat.",
    "Question": "Bagaimana proses evaluasi pasca-operasi?",
    "Answer": "Presiden menyampaikan laporan pelaksanaan dan hasil operasi kepada DPR untuk evaluasi."
  },
  {
    "Context": "(1) Kewenangan dan tanggung jawab pengerahan kekuatan TNI berada pada Presiden. (2) Dalam hal pengerahan kekuatan TNI sebagaimana dimaksud pada ayat (1), Presiden harus mendapat persetujuan Dewan Perwakilan Rakyat.",
    "Question": "Siapa menyusun rencana operasi sebelum diajukan ke DPR?",
    "Answer": "Panglima TNI dan stafnya menyusun rencana berdasarkan arahan Presiden."
  },
  {
    "Context": "(1) Kewenangan dan tanggung jawab pengerahan kekuatan TNI berada pada Presiden. (2) Dalam hal pengerahan kekuatan TNI sebagaimana dimaksud pada ayat (1), Presiden harus mendapat persetujuan Dewan Perwakilan Rakyat.",
    "Question": "Bagaimana Pasal 17 memastikan supremasi sipil?",
    "Answer": "Dengan menempatkan keputusan pada Presiden dan pengawasan DPR, bukan murni militer."
  },
  {
    "Context": "(1) Kewenangan dan tanggung jawab pengerahan kekuatan TNI berada pada Presiden. (2) Dalam hal pengerahan kekuatan TNI sebagaimana dimaksud pada ayat (1), Presiden harus mendapat persetujuan Dewan Perwakilan Rakyat.",
    "Question": "Apakah ayat (1) memungkinkan delegasi kewenangan?",
    "Answer": "Tidak, kewenangan tetap pada Presiden, meski pelaksanaan teknis diserahkan ke Panglima."
  },
  {
    "Context": "(1) Kewenangan dan tanggung jawab pengerahan kekuatan TNI berada pada Presiden. (2) Dalam hal pengerahan kekuatan TNI sebagaimana dimaksud pada ayat (1), Presiden harus mendapat persetujuan Dewan Perwakilan Rakyat.",
    "Question": "Bagaimana DPR mengawasi selama operasi berlangsung?",
    "Answer": "Melalui komisi pertahanan, kunjungan kerja, dan laporan rutin pemerintah."
  },
  {
    "Context": "(1) Kewenangan dan tanggung jawab pengerahan kekuatan TNI berada pada Presiden. (2) Dalam hal pengerahan kekuatan TNI sebagaimana dimaksud pada ayat (1), Presiden harus mendapat persetujuan Dewan Perwakilan Rakyat.",
    "Question": "Apakah pernyataan perang terpisah dari Pasal 17?",
    "Answer": "Ya, pernyataan perang diatur konstitusi; Pasal 17 fokus pengerahan kekuatan."
  },
  {
    "Context": "(1) Kewenangan dan tanggung jawab pengerahan kekuatan TNI berada pada Presiden. (2) Dalam hal pengerahan kekuatan TNI sebagaimana dimaksud pada ayat (1), Presiden harus mendapat persetujuan Dewan Perwakilan Rakyat.",
    "Question": "Bagaimana Pasal 17 diterapkan saat operasi non-konvensional?",
    "Answer": "Tetap berlaku; jenis operasi tidak mengubah perlunya persetujuan legislatif."
  },
  {
    "Context": "(1) Kewenangan dan tanggung jawab pengerahan kekuatan TNI berada pada Presiden. (2) Dalam hal pengerahan kekuatan TNI sebagaimana dimaksud pada ayat (1), Presiden harus mendapat persetujuan Dewan Perwakilan Rakyat.",
    "Question": "Apakah term 'pengerahan' meliputi intelijen strategis?",
    "Answer": "Pengerahan terutama terkait kekuatan militer, sementara intelijen diatur terpisah."
  },
  {
    "Context": "(1) Kewenangan dan tanggung jawab pengerahan kekuatan TNI berada pada Presiden. (2) Dalam hal pengerahan kekuatan TNI sebagaimana dimaksud pada ayat (1), Presiden harus mendapat persetujuan Dewan Perwakilan Rakyat.",
    "Question": "Bagaimana koordinasi Presiden-DPR saat waktu sidang reses?",
    "Answer": "Presiden dapat meminta sidang luar biasa atau panitia kerja untuk keputusan cepat."
  },
  {
    "Context": "(1) Kewenangan dan tanggung jawab pengerahan kekuatan TNI berada pada Presiden. (2) Dalam hal pengerahan kekuatan TNI sebagaimana dimaksud pada ayat (1), Presiden harus mendapat persetujuan Dewan Perwakilan Rakyat.",
    "Question": "Apa yang dimaksud 'kekuatan TNI' dalam konteks ini?",
    "Answer": "Seluruh personel, satuan, peralatan, dan sumber daya militer yang dimiliki TNI."
  },
  {
    "Context": "(1) Kewenangan dan tanggung jawab pengerahan kekuatan TNI berada pada Presiden. (2) Dalam hal pengerahan kekuatan TNI sebagaimana dimaksud pada ayat (1), Presiden harus mendapat persetujuan Dewan Perwakilan Rakyat.",
    "Question": "Apakah persetujuan DPR bersifat satu kali untuk seluruh operasi?",
    "Answer": "Biasanya persetujuan menyertakan lingkup, durasi, dan anggaran; perubahan signifikan perlu persetujuan ulang."
  },
  {
    "Context": "(1) Kewenangan dan tanggung jawab pengerahan kekuatan TNI berada pada Presiden. (2) Dalam hal pengerahan kekuatan TNI sebagaimana dimaksud pada ayat (1), Presiden harus mendapat persetujuan Dewan Perwakilan Rakyat.",
    "Question": "Bagaimana Pasal 17 berhubungan dengan hukum internasional?",
    "Answer": "Keputusan pengerahan harus mematuhi hukum perang dan kewajiban internasional Indonesia."
  },
  {
    "Context": "(1) Kewenangan dan tanggung jawab pengerahan kekuatan TNI berada pada Presiden. (2) Dalam hal pengerahan kekuatan TNI sebagaimana dimaksud pada ayat (1), Presiden harus mendapat persetujuan Dewan Perwakilan Rakyat.",
    "Question": "Siapa yang menandatangani keputusan pengerahan sebelum diajukan ke DPR?",
    "Answer": "Presiden menandatangani surat permohonan resmi."
  },
  {
    "Context": "(1) Kewenangan dan tanggung jawab pengerahan kekuatan TNI berada pada Presiden. (2) Dalam hal pengerahan kekuatan TNI sebagaimana dimaksud pada ayat (1), Presiden harus mendapat persetujuan Dewan Perwakilan Rakyat.",
    "Question": "Apakah operasi intelijen pendahuluan memerlukan persetujuan?",
    "Answer": "Operasi intelijen rutin tidak, namun pengerahan kekuatan militer tetap butuh persetujuan."
  },
  {
    "Context": "(1) Kewenangan dan tanggung jawab pengerahan kekuatan TNI berada pada Presiden. (2) Dalam hal pengerahan kekuatan TNI sebagaimana dimaksud pada ayat (1), Presiden harus mendapat persetujuan Dewan Perwakilan Rakyat.",
    "Question": "Bagaimana pengaturan komunikasi publik saat pengerahan?",
    "Answer": "Pemerintah memberikan informasi terkontrol untuk menjaga kerahasiaan dan dukungan publik."
  },
  {
    "Context": "(1) Kewenangan dan tanggung jawab pengerahan kekuatan TNI berada pada Presiden. (2) Dalam hal pengerahan kekuatan TNI sebagaimana dimaksud pada ayat (1), Presiden harus mendapat persetujuan Dewan Perwakilan Rakyat.",
    "Question": "Apakah DPR bisa memberikan persetujuan bersyarat?",
    "Answer": "DPR dapat menetapkan syarat atau rekomendasi yang harus dipenuhi pemerintah."
  },
  {
    "Context": "(1) Kewenangan dan tanggung jawab pengerahan kekuatan TNI berada pada Presiden. (2) Dalam hal pengerahan kekuatan TNI sebagaimana dimaksud pada ayat (1), Presiden harus mendapat persetujuan Dewan Perwakilan Rakyat.",
    "Question": "Bagaimana dampak Pasal 17 pada stabilitas politik?",
    "Answer": "Menjaga keseimbangan kekuasaan dan mencegah keputusan sepihak."
  },
  {
    "Context": "(1) Kewenangan dan tanggung jawab pengerahan kekuatan TNI berada pada Presiden. (2) Dalam hal pengerahan kekuatan TNI sebagaimana dimaksud pada ayat (1), Presiden harus mendapat persetujuan Dewan Perwakilan Rakyat.",
    "Question": "Apa kewenangan Panglima setelah persetujuan diberikan?",
    "Answer": "Menyiapkan dan memimpin operasi sesuai perintah Presiden."
  }
]